"","valor_alfa","valor_beta","valor_omega","valor_gamma","valor_rho","valor_mu","valor_psi","maximo","tiempo_maximo","tiempo_mayor_infectados"
"1",71.8233454739675,44.1946647362784,97.1242963103577,59.2066636541858,9.8939354531467,37.9305321723223,31.2132137361914,59.8110972255782,0.01,0.01
"2",3.12113373074681,37.427773931995,32.7628541970626,43.1642304174602,27.8479950735345,56.5214219735935,63.4510322241113,0.024080246253966,0.01,0.01
"3",51.7022077692673,11.5176710300148,39.0397686744109,37.6130522461608,10.2699983166531,26.0404908796772,60.3771709604189,4.48999261916321,0.01,0.01
"4",60.9923908486962,24.9180291313678,17.7031659753993,11.3730854587629,75.0574405305088,56.0398924630135,63.2345737423748,0.00235884522512684,0.01,0.01
"5",41.4949053432792,3.23022364173084,66.1935017211363,81.7303609568626,14.1493966570124,48.5905346926302,66.3151987129822,0.352474138056308,0.01,0.01
"6",80.4919825401157,26.9361706683412,80.1274644676596,64.5437974948436,90.6449180096388,90.0655083591118,38.1294245366007,0.0181945649971627,0.01,0.01
"7",72.7994431974366,21.3465214008465,68.9775187056512,0.639009824953973,87.3209662502632,88.6556909885257,47.1263421466574,0.000152074454458477,0.01,0.01
"8",16.8770242482424,26.0022952686995,14.1107713105157,13.9024516334757,18.1184821529314,55.162619962357,35.3247434133664,2.21974163779712,0.01,0.01
"9",88.1207730388269,75.117229972966,1.47342542186379,89.5259614801034,85.7740054838359,20.5681518185884,83.8022984098643,0.0123072004524381,0.01,0.01
"10",98.0490354355425,69.8211786337197,72.6065782131627,67.5147426547483,42.5564827630296,77.1985195344314,70.5321394838393,0.0221775037343912,0.01,0.01
"11",91.0175426863134,61.231933394447,48.2727164402604,48.4141144203022,54.6517303213477,26.3672858243808,4.95470142923295,57.399278161627,0.01,0.01
"12",61.7103109834716,98.5522744711488,10.7345841592178,35.3553956141695,47.1830565249547,16.6140272282064,94.4670451339334,0.00784866668296129,0.01,0.01
"13",44.6924555115402,30.8858380885795,85.0031514652073,26.7265709349886,91.4362619398162,21.3865424273536,58.8159356499091,0.00488350747067277,0.01,0.01
"14",80.9199078008533,55.3135831141844,22.2556275315583,34.9985205335543,83.4915426326916,40.0600959314033,46.1159442784265,0.00889635957550508,0.01,0.01
"15",5.84551466163248,77.0239513367414,37.24955113139,12.9066495690495,75.8265580283478,25.3871200839058,86.0118521610275,0.00195603199500255,0.01,0.01
"16",14.0008423710242,32.1784879313782,1.56022172886878,34.6514478325844,31.4052840229124,12.8738472936675,48.0842982186005,0.0235064733103312,0.01,0.01
"17",81.323187216185,70.6162239890546,65.4887048760429,25.6813609506935,41.7214206187055,7.55629255436361,63.3567627286538,0.00956052495647362,0.01,0.01
"18",91.0408383468166,47.643035533838,69.1260934341699,16.4974363287911,67.2230033669621,55.3903963882476,45.9793937392533,0.00522333205615151,0.01,0.01
"19",70.3943565487862,74.5873685693368,44.7721079224721,36.3532262854278,46.9120606547222,37.3260188382119,60.2025050204247,0.0126610542214477,0.01,0.01
"20",78.333650669083,19.3711443338543,12.32185496483,69.7226761141792,78.7832900416106,55.4533115355298,48.278694273904,0.0179572075692269,0.01,0.01
"21",85.1864222437143,99.5508869178593,38.0157274659723,49.3068932322785,53.5588043741882,27.5234300876036,72.6328685646877,0.0125021416022696,0.01,0.01
"22",84.974121209234,8.92066338565201,24.2701294831932,1.79444854147732,81.2071598833427,85.9817124903202,78.4682586789131,0.000278013572723805,0.01,0.01
"23",78.2126865116879,87.9708940163255,14.0525290276855,95.5764456884935,3.42251006513834,85.5112651595846,17.048321897164,609.425308721182,0.01,0.01
"24",68.1222029495984,26.0364772053435,94.9673427967355,23.7500864081085,79.3673578649759,25.4417435731739,10.6598638230935,0.226090339011701,0.01,0.01
"25",27.406099345535,96.0545063950121,9.96256319340318,44.1760058747604,39.7573802154511,62.8829209133983,62.7093986840919,0.0174416428095751,0.19,0.01
"26",17.5916807260364,43.9706987701356,14.5667719421908,96.7203961452469,2.34983095433563,61.3402768736705,71.3216064032167,234.731155399627,0.01,0.01
"27",71.8807460041717,28.9483082713559,0.472002965398133,93.0732635548338,68.2100706035271,65.9867661772296,33.3975646877661,0.0396676343144952,0.01,0.01
"28",60.033776704222,63.2214697310701,52.1322349784896,58.4749455098063,90.3401169227436,19.2967924755067,67.7706489572302,0.00941015550114748,0.01,0.01
"29",69.6134680416435,40.3203147929162,68.176383851096,35.2646757848561,32.4201733805239,4.48609576560557,76.2048446573317,0.0140721855167305,0.01,0.01
"30",68.2836780324578,19.1082565113902,19.3268325645477,81.414306210354,65.8821551827714,29.6957886544988,9.27739166654646,2.2971136254749,0.01,0.01
"31",58.7380869314075,88.3909286232665,22.1779884304851,39.1234893351793,99.4936243165284,32.8280109912157,19.1727597033605,0.0194955714967188,0.01,0.01
"32",29.9460167530924,30.8769691037014,4.14336558897048,1.84658810030669,45.8287705434486,43.3106976095587,98.0958125088364,0.000406752947297541,0.19,0.01
"33",18.660753685981,15.2873015264049,60.7345174765214,65.1124756550416,80.8855778537691,9.54070521984249,21.9263058388606,0.0351660695816142,0.01,0.01
"34",54.8328054603189,69.0386694855988,71.5532488189638,18.7548910267651,49.2240256629884,47.5206135539338,62.1690414845943,0.0060312091507676,0.01,0.01
"35",9.56650606822222,95.519374939613,50.9662579745054,66.952303564176,24.4353755842894,42.5473037641495,93.4268597513437,0.0290162842042634,0.01,0.01
"36",54.2574452236295,13.6959781870246,10.1430945564061,88.9967198949307,87.5213187886402,1.30485761910677,19.8899062816054,6.42543491965443,0.01,0.02
"37",19.42691328004,98.6163582885638,83.1120771355927,10.978667694144,90.1982373557985,93.533997097984,61.0863004578277,0.00196037742259083,0.01,0.01
"38",7.30320340953767,10.6495974585414,65.9733885200694,52.3370942799374,36.9415566790849,86.9239656953141,54.5626500388607,0.0254965299819567,0.01,0.01
"39",13.575347373262,92.4684395547956,6.4705329714343,14.9031241890043,96.4652280090377,65.1734222192317,63.0427558906376,0.00241230187786454,0.01,0.01
"40",35.2160772774369,14.7464282577857,3.64578235894442,92.3926015384495,13.7136891949922,94.2365318769589,24.8550117248669,38.9807351996547,0.01,0.01
"41",65.6096321996301,56.3755608396605,25.1599848503247,2.47963489964604,60.8033522265032,20.2483544126153,40.2234907727689,0.000989260891180834,0.01,0.01
"42",30.5976135423407,83.8269705651328,42.0379017945379,79.2017195140943,48.6804583808407,52.9293357394636,10.1001588627696,6.18442291540084,0.01,0.01
"43",14.9488966213539,65.2850274695083,17.3479369375855,57.4741802643985,95.9956315346062,36.8665446760133,35.7407789677382,0.0162948883292092,0.01,0.01
"44",89.3228959525004,76.5944100217894,1.20685279835016,83.3016176708043,62.3811255441979,49.6841809945181,9.76867524441332,1.76613943852083,0.01,0.01
"45",41.630067746155,80.0896249478683,46.7011300148442,18.0164805380628,82.4322768254206,12.1923022903502,86.7341358214617,0.00249059966083978,0.01,0.01
"46",36.2684001214802,3.85356973856688,50.0201965682209,58.7023066589609,14.9780479026958,94.0245666541159,6.42893130425364,427.016691842525,0.01,0.01
"47",90.3975231107324,70.8351474488154,0.420862971805036,25.6783179473132,25.8813848719001,89.4822614034638,55.5117816664279,0.0181598600229415,0.01,0.01
"48",45.8338515134528,1.77815612405539,71.4968922315165,0.469524459913373,18.2437497423962,0.268174568191171,30.3085884777829,0.100182025606657,0.02,NA
"49",22.7493161335588,91.6520735248923,92.0993284555152,95.5875874264166,8.91018125694245,49.5970731368288,19.7778194677085,203.936862884389,0.01,0.01
"50",77.1411900874227,66.7525334749371,14.0591860050336,90.0490409694612,51.6980996821076,42.8664167411625,35.1815930102021,0.0481532797398763,0.01,0.01
"51",36.9632209884003,50.4558071494102,86.164389248006,40.1118302252144,9.57867805846035,83.6453732568771,94.7835903614759,0.185737638077342,0.01,0.01
"52",1.43308129627258,77.9140087543055,34.6757116960362,76.5305963112041,38.5002675000578,42.439966253005,87.3813166981563,0.0224907200286443,0.01,0.01
"53",83.7026790482923,40.0929237948731,61.364150675945,7.57370973005891,5.16570981126279,8.71071165893227,43.9264201326296,327.087552896955,0.01,0.01
"54",12.3351212358102,63.6590365786105,89.5817447453737,19.1115061519668,55.644374107942,78.4141654381528,52.5637930026278,0.00641178308140006,0.01,0.01
"55",37.5111315166578,7.0445858174935,79.9582323990762,59.7763169556856,42.4624785082415,87.6535959541798,53.6321414867416,0.0257579904242025,0.01,0.01
"56",37.7050918992609,71.190231712535,58.2613889826462,12.7216793829575,93.6209774576128,75.4000938963145,6.62099977489561,1.03427054585795,0.01,0.01
"57",22.6572914747521,4.24329324159771,80.2906147902831,67.0740239089355,65.5803649919108,68.3333573397249,40.6510608270764,0.0245298247569051,0.01,0.01
"58",31.1003759736195,29.0758543880656,31.7326379008591,20.7929023075849,33.3808290306479,87.5206780154258,97.0136960968375,0.00635496096010746,0.01,0.01
"59",30.976502248086,15.8706806600094,32.5337790884078,4.53537777066231,99.2704910226166,86.6255798144266,22.3684230353683,0.00195495479779207,0.01,0.01
"60",39.1838787123561,89.8453764384612,65.1551606599241,78.0358068877831,16.5613129036501,78.1308701029047,9.64175106491894,201.960348747005,0.01,0.01
"61",94.2153241485357,8.57510305941105,10.9373509418219,35.872309608385,31.6348227439448,16.4012039778754,13.0358906462789,33.0270543456414,0.01,0.01
"62",40.6536809867248,86.1564475810155,39.8249128134921,39.5517348777503,95.7315315958112,54.8460112884641,58.5721611510962,0.00693503029977174,0.01,0.01
"63",11.138671496883,72.2914198646322,29.0473297936842,51.648905989714,99.8849784955382,12.8663370152935,11.4255983382463,0.0556736829776354,0.01,0.01
"64",16.6678858688101,23.1926352484152,58.5391092114151,5.2241341676563,22.3143792478368,1.44988130778074,92.0936788199469,53.6485844418097,0.01,0.02
"65",97.1679386217147,8.40114413294941,19.7605984518304,42.1869715675712,79.6275116736069,27.0959792193025,36.6293597267941,0.0140714122437219,0.01,0.01
"66",72.3382476717234,34.7428951179609,15.1938364375383,75.3511368529871,92.6317111589015,71.0256062448025,6.60540636163205,1.28057722937218,0.01,0.01
"67",97.2928976174444,82.9441287787631,73.0652016587555,76.4764140360057,65.452151093632,4.47606183588505,90.2217187220231,0.0127964225344425,0.01,0.01
"68",37.7632683608681,3.14690216910094,84.7787240985781,91.524021117948,32.499303878285,68.3228070382029,77.8015135787427,0.0356965726810448,0.01,0.01
"69",25.8593648672104,87.5210396014154,43.7841257313266,63.5624687420204,40.3319517383352,45.2694039791822,56.0770382173359,0.027611259061172,0.01,0.01
"70",28.1578346388415,35.9353003790602,53.1641701469198,6.02549680043012,86.1929656472057,66.47084930446,10.943448334001,0.0564958503375598,0.01,0.01
"71",55.3685521939769,67.3706193687394,72.6483684964478,31.7319485824555,70.3050156356767,41.9757172930986,90.5686980113387,0.00492853880958554,0.01,0.01
"72",81.6720910137519,66.8812646064907,40.5096255941316,92.9351941216737,22.2456147428602,93.8871951540932,64.5199306774884,0.064393997442406,0.01,0.01
"73",1.77452804055065,27.4945283774287,12.3694602865726,70.9482298931107,20.3229621751234,77.1918731508777,35.6255473103374,1.00963210023452,0.01,0.01
"74",44.1583519568667,25.0504985451698,17.5817708019167,15.2365813497454,1.95640115998685,32.9447234747931,41.7479455703869,611.803575176167,0.01,0.01
"75",48.7317829858512,71.4582204353064,57.8950849128887,4.01080877054483,66.1366989836097,70.681672822684,53.0763723654673,0.00112139468418505,0.01,0.01
"76",15.1555176125839,85.3557344293222,34.6595894312486,3.31739275716245,53.0747826909646,1.68248943518847,57.3538294294849,0.00133324978984877,0.01,0.01
"77",11.2405367195606,5.86929658893496,77.6723477058113,9.49582690373063,29.8733092378825,87.8847110783681,79.0206960402429,0.00397063823125083,0.01,0.01
"78",10.8879789477214,89.8630850948393,31.6321338294074,33.8002739008516,61.8493794230744,46.8798256479204,9.5043312991038,2.2091931803023,0.01,0.01
"79",21.4776071952656,36.6432659095153,19.1389852436259,39.2049265559763,91.4399367989972,11.6789270425215,3.06879112031311,58.681688952849,0.01,0.01
"80",60.0238408427685,77.6076786918566,17.3259006114677,2.06339557189494,47.0127685926855,90.1609010528773,43.2620900683105,0.000993001589628297,0.01,0.01
"81",25.5591957829893,13.9440013561398,73.7728192005306,99.4699469069019,59.765820694156,37.4728710623458,95.4705494223163,0.0172430335491731,0.01,0.01
"82",11.7451119236648,97.4713835399598,52.3127143504098,19.0631319070235,70.5624492838979,44.161688326858,46.1270783096552,0.0057322364551467,0.01,0.01
"83",51.9168630708009,66.9641219777986,2.25334593560547,25.7321281125769,50.9025803767145,96.0499602369964,49.1269302787259,0.0100849041104839,0.01,0.01
"84",90.9057860961184,24.8155781300738,56.0464972397313,53.7604519398883,2.5416431715712,16.3660729071125,58.7155617307872,422.290437698194,0.01,0.01
"85",36.9981309631839,23.4209959860891,52.4638258153573,72.3230914678425,30.6973350001499,99.1179263219237,96.9902437878773,0.0240418664214975,0.01,0.01
"86",77.8213779907674,11.8461085017771,26.133773708716,98.3589905081317,30.6929744547233,83.3993133855984,71.5480738785118,0.0441692518161978,0.01,0.01
"87",59.4403565861285,87.7233872422948,36.9775827275589,70.6378263188526,20.7903419155627,77.2073840489611,65.3097394621,0.0526478823181922,0.01,0.01
"88",39.7260195109993,72.1594339702278,23.6860181670636,49.6497726999223,95.1092521892861,89.0801391331479,30.4560804972425,0.0165950064474618,0.01,0.01
"89",80.3539545740932,61.5073924418539,54.6995047014207,73.4813404036686,54.4969075359404,6.07604046817869,35.253001912497,0.0372035094091551,0.01,0.01
"90",92.00995254796,93.9051529159769,65.2973735239357,0.149606913328171,72.849724907428,44.0945267910138,7.62137090787292,2.54283839081095,0.01,0.01
"91",53.8632406853139,60.6101629557088,90.2153918519616,45.1697946758941,28.283262741752,9.25002554431558,82.1194073418155,0.0192047517736119,0.01,0.01
"92",59.8157077794895,20.7435711286962,69.1606635693461,12.1614583069459,41.1328623536974,40.0414332514629,69.2522386088967,0.0042074728143964,0.01,0.01
"93",79.4335673330352,85.3345899377018,62.4018978793174,67.9234499344602,42.5415688194335,17.2198147512972,34.7281360067427,0.0453025149709132,0.01,0.01
"94",28.2736605033278,57.761407806538,0.850819470360875,79.1612060042098,32.0718887960538,84.825414000079,69.4282645592466,0.0350463445317099,0.01,0.01
"95",34.5794845605269,45.7405793713406,75.6195690250024,74.8216254170984,18.9362699631602,78.1731736147776,87.0357796084136,0.044969337024636,0.01,0.01
"96",27.6979263406247,74.6663886820897,37.3943793820217,45.9369482472539,69.7298199636862,8.38522505946457,23.1947617139667,0.0275252854174894,0.01,0.01
"97",68.632063223049,0.28106695972383,1.99438082054257,50.0359969213605,55.0557878101245,47.6193085312843,30.1125969504938,0.0515365430230216,0.01,0.01
"98",9.55539061687887,57.5052683008835,6.46828440949321,12.7907003974542,54.1848984314129,53.4567591035739,45.7441766979173,0.00505005462028317,0.01,0.01
"99",90.7490583602339,5.20340905059129,30.0130055518821,80.4332504048944,86.5575598087162,62.1807258110493,0.542416563257575,298.108776215382,0.01,0.01
"100",44.2036484135315,32.1734495228156,48.4969903482124,56.007144250907,6.46973934490234,92.0617851428688,91.0799117991701,3.53827266656617,0.01,0.01
"101",5.01579164993018,40.5781899346039,46.3402261724696,35.0451497826725,27.6637486182153,65.1135025080293,56.7178289871663,0.0221519524380705,0.01,0.01
"102",41.1811356898397,98.0418502818793,9.45219944696873,94.7203659918159,87.2042585164309,94.4537356030196,43.3890780434012,0.0244694375850372,0.02,0.01
"103",94.352097553201,19.9835325591266,13.4927859762684,21.8209537211806,15.8752377377823,45.117685617879,16.3475587265566,90.3725505283494,0.01,0.01
"104",85.3427776135504,36.9317876407877,47.3742577712983,72.5099110743031,53.5128352232277,62.7379583893344,63.5944027686492,0.0209756703153327,0.01,0.01
"105",31.9128883071244,53.2697661779821,42.4425308825448,91.3138107163832,87.5871664611623,99.0593587514013,51.2143433792517,0.0199659460498019,0.01,0.01
"106",67.2118689399213,91.0806240746751,13.2494133198634,70.4811307135969,8.37638026569039,37.5945569016039,58.1269823247567,10.4122159905974,0.01,0.01
"107",20.9919148823246,51.101316511631,95.4617407405749,23.2407202245668,31.6927459556609,39.8071394301951,63.3140846155584,0.0114035344552575,0.01,0.01
"108",22.8127089329064,25.1601363066584,67.7618339424953,58.3317700540647,1.45708464551717,79.0393427480012,77.2599126910791,391.059819823943,0.01,0.01
"109",86.9266407564282,48.4221632359549,19.1081552300602,92.0582937076688,60.9280216740444,34.1502499068156,26.9504180643708,0.0541323692167927,0.01,0.01
"110",7.57271263282746,56.9350328529254,17.4498771550134,97.6140993414447,49.1220165509731,42.8859308594838,46.1050135781989,0.0421849875648793,0.01,0.01
"111",22.3926554434001,2.21326255705208,52.249913639389,22.6946722250432,91.1314592696726,87.5921431696042,34.1898990096524,0.00706793626439849,0.01,0.01
"112",29.9075646093115,96.2867983849719,61.9477346772328,23.5073271440342,78.4609368536621,80.004059523344,34.9327997304499,0.00833767969907308,0.01,0.01
"113",87.5583543907851,47.5138238165528,66.3515075109899,34.1387450927868,47.9630725691095,35.5990485055372,70.6657696515322,0.00993052413641178,0.01,0.01
"114",33.3298249635845,52.9667460825294,63.1868335651234,14.3393335863948,11.1728814896196,73.5925396205857,18.8706624088809,133.345386004015,0.01,0.01
"115",90.4468210646883,11.7005362175405,38.1278676446527,2.73843782488257,47.3217584891245,85.5800104560331,29.2408443754539,0.00304956878629862,0.01,0.01
"116",53.084319550544,77.4086722871289,0.736422277987003,37.8837433643639,97.1016916213557,4.31215025018901,4.83862746041268,36.1492417073444,0.01,0.01
"117",29.5491187134758,67.7107510156929,28.7361059803516,24.2202281486243,32.3563559213653,99.0589467110112,68.2741630589589,0.0108056087694779,0.01,0.01
"118",42.5374558661133,42.5835458328947,96.5648184064776,78.9404857438058,99.9146971153095,46.191992261447,62.042032671161,0.0125293200982103,0.01,0.01
"119",92.2053885646164,34.9889196222648,51.7615099204704,15.1141386013478,32.0074593881145,81.9417564896867,17.9027424892411,3.12202395913247,0.01,0.01
"120",89.4156229216605,97.8850534185767,96.573681361042,12.3330546310171,25.0440079020336,56.2353900400922,1.50246417615563,595.557164835816,0.01,0.01
"121",82.819039048627,22.2176011418924,68.0822947761044,13.0714738741517,94.5911601418629,19.9398768134415,87.1010855538771,0.00156734398020518,0.01,0.01
"122",8.90693804249167,12.584350258112,68.0120883276686,15.6558726914227,92.1193321701139,84.3061909079552,16.9777257600799,0.00958697265354364,0.01,0.01
"123",95.44206650462,47.2096294630319,43.318017735146,53.267533169128,16.6256297845393,32.5371818151325,23.0536218965426,27.9750187815524,0.01,0.01
"124",75.3476247889921,23.5290161333978,79.6416472876444,29.2773033492267,20.8913380745798,73.9655594341457,56.567895039916,0.0339548783240503,0.01,0.01
"125",53.9886580081657,74.0202621556818,61.6459684446454,89.5542303333059,9.34110907837749,75.1969617558643,34.5888846321031,44.5608311812504,0.01,0.01
"126",62.4293030938134,78.5713791381568,44.1951803397387,9.52227094676346,26.303819543682,61.8405161658302,7.53233847208321,128.811104783711,0.01,0.01
"127",53.0115882167593,81.056389817968,93.161080731079,29.2036895174533,94.7646744083613,64.5309607265517,18.4703732142225,0.0158410159654115,0.01,0.01
"128",25.11318072211,59.3391416827217,52.8827662346885,84.0429138857871,23.8344804616645,38.3790420368314,9.1974797192961,123.025735502136,0.01,0.01
"129",90.8049648394808,96.3959621498361,42.5740998005494,36.2961358157918,22.8987424867228,0.724214548245072,85.4978788178414,0.165604604060186,0.02,NA
"130",59.148457320407,5.26829888112843,70.2445855829865,28.9316329639405,2.39293249323964,34.56261230167,89.6012393990532,211.714026174195,0.01,0.01
"131",86.0647503752261,28.9608858525753,46.4758654357865,97.7614182978868,83.6704968474805,90.0556684238836,74.130988959223,0.0155504014927367,0.01,0.01
"132",35.9841611934826,80.5783901363611,4.28816175553948,15.9345323452726,28.6935126408935,39.7010362939909,60.1656540995464,0.00912142230375691,0.01,0.01
"133",14.153127418831,53.3718825085089,14.5069408928975,59.8939825082198,37.9116639727727,27.5521642528474,28.8928992114961,0.0777349499307063,0.01,0.01
"134",14.5902968244627,21.6001588385552,76.4151843031868,59.9168923217803,78.9556976640597,88.3482856908813,44.9541128473356,0.0165108099383463,0.01,0.01
"135",83.8129461742938,1.69812729582191,14.1827730461955,24.5035476051271,41.0879306262359,36.8552724132314,3.81976277567446,274.393844677581,0.01,0.01
"136",16.4800358470529,83.2759976852685,16.8636359507218,32.9064005054533,2.94358835089952,36.5251404931769,77.102630562149,146.087776488468,0.01,0.01
"137",44.4936540676281,54.6976713463664,73.420273931697,70.6097863381729,93.999038496986,3.04437165614218,44.6534659946337,0.0164034201168951,0.01,0.01
"138",44.0701550571248,88.4475013474002,42.5175689160824,66.4253888884559,8.94382032565773,10.8480819966644,57.973026484251,16.1985171242139,0.01,0.01
"139",42.498260224238,44.8098251363263,90.1855668984354,98.625779338181,43.1173518998548,64.1790028195828,0.98839879501611,467.817228088518,0.01,0.01
"140",18.1079301517457,93.046362651512,39.6805218886584,26.6323449322954,12.0235836366192,21.5285277692601,67.4152492079884,0.588269186273742,0.01,0.01
"141",80.4989470401779,96.6841197572649,38.7592137791216,93.08197919745,46.964183729142,39.3972576828673,76.9712388515472,0.0254184909528566,0.01,0.01
"142",41.1108647705987,4.1082019219175,56.6487417090684,60.11000899598,9.29388087242842,18.5396855231375,84.4247148605064,2.26545600245206,0.01,0.01
"143",34.1653761221096,20.876276306808,26.9710585242137,73.4881771728396,20.4372080974281,68.0953447008505,16.8902217876166,35.7039035935395,0.01,0.01
"144",0.474255275912583,62.8503933781758,32.9465370625257,48.3396706171334,10.1967600174248,84.594941791147,99.9295489629731,0.0973868055836081,0.01,0.01
"145",70.8649291656911,25.7239643950015,38.536484958604,42.0931759290397,16.8942544376478,7.70591818727553,16.3220629794523,222.0735266214,0.01,0.01
"146",31.3151800306514,28.1455304240808,60.7776348013431,35.3398747742176,42.3704912420362,63.0887460429221,89.9064969271421,0.00917405609939872,0.01,0.01
"147",79.8866028431803,21.4857785496861,39.6840497851372,47.3556330893189,32.2828481439501,25.8637535385787,7.75843078736216,96.9283021327662,0.01,0.01
"148",4.46348360273987,22.5842410931364,44.1692692693323,96.4106102474034,5.49178533256054,91.8949596583843,13.5741717647761,537.288047831783,0.01,0.01
"149",99.5797509560362,10.2873324183747,46.1475847056136,68.9112216699868,36.5073512773961,83.1320531666279,79.2586349183694,0.023515440502764,0.01,0.01
"150",25.3627263009548,90.9905932145193,65.8690816257149,75.5004131933674,29.0050207870081,36.6905813571066,97.3978709662333,0.0264524831668258,0.01,0.01
"151",13.3134117117152,73.0517893563956,65.8876144792885,86.6987205343321,27.8578798985109,88.9562009833753,5.31646565068513,200.560456118197,0.01,0.01
"152",5.04488337319344,60.0610942812636,99.1696309065446,81.9143377710134,37.0683876564726,92.7905959775671,20.1166125480086,0.636465150347016,0.01,0.01
"153",50.5398382665589,5.84505612496287,32.7226697001606,16.0519338678569,78.0764743918553,95.5379944760352,48.5741268377751,0.00414599895625268,0.01,0.01
"154",26.131584472023,74.3906490271911,96.6908820671961,3.884606808424,26.6413719160482,15.8947515301406,77.8534342767671,0.00185084724351291,0.01,0.01
"155",4.36907887924463,49.5304531883448,9.47307369206101,66.4231127826497,63.9826342463493,47.501139016822,86.5610292414203,0.0118561398385834,0.02,0.01
"156",79.2429739143699,15.1559561258182,87.8379284404218,23.8689205143601,19.7541142813861,96.0200225235894,30.5293014040217,2.84637860680631,0.01,0.01
"157",86.9363041128963,24.980505136773,21.8193087494001,83.7986033875495,69.5074154995382,76.6598452348262,43.6391816940159,0.0270063781617713,0.01,0.01
"158",85.7195417396724,32.3648276273161,11.7588991299272,43.106561456807,69.0794883295894,88.4282747749239,65.1444899849594,0.00943386540396873,0.01,0.01
"159",4.62546744383872,63.3095736149698,9.99793019145727,42.3716156044975,56.2893758295104,54.6574600972235,0.0458724331110716,561.313113539835,0.01,0.01
"160",54.3780790409073,24.9062849907205,22.6080175256357,2.87730521522462,98.1966199120507,59.013917692937,0.467686355113983,256.371699572393,0.01,0.01
"161",79.8824459081516,44.5903623942286,43.4489004546776,13.30348898191,26.1271982453763,11.0751824220642,73.3499073423445,0.00686537895275231,0.01,0.01
"162",46.4434074237943,10.2165552787483,91.4935872424394,38.0480717634782,28.3322050468996,51.9719748524949,9.89233392756432,69.5083837770981,0.01,0.01
"163",78.3312439452857,55.8586169732735,19.1439186222851,18.630389100872,37.8116272622719,95.5747438361868,94.8829241795465,0.00513866989538617,0.01,0.01
"164",98.3347293222323,98.5667159315199,30.6725800503045,87.1609922964126,73.6567195039243,32.4631925672293,68.9190398203209,0.0169236797769692,0.01,0.01
"165",33.3216322818771,12.5249778386205,3.31527087837458,45.5327433533967,80.9903575805947,76.7827114788815,48.3230508631095,0.0113972557248935,0.05,0.01
"166",77.0620275754482,43.2243928080425,59.9689071299508,87.9744094796479,52.146950433962,33.1500928616151,59.0095281600952,0.0281090541477617,0.01,0.01
"167",48.6051367130131,37.8103955416009,77.5155091425404,77.7518275659531,61.7569169728085,35.7145679881796,80.9542128350586,0.0153588401706808,0.01,0.01
"168",23.9181565586478,44.5908717811108,75.5678600398824,40.0437474949285,19.6250324836001,35.8661907492206,99.5450166752562,0.0202975245677848,0.01,0.01
"169",83.1195069011301,12.8653632476926,33.0239656381309,8.21841980796307,53.0455342959613,66.6467545321211,13.5126006789505,0.749976961760809,0.01,0.01
"170",25.8919781539589,48.4335759887472,63.4992256760597,54.1742547415197,72.1708593890071,45.6544656539336,40.1752108009532,0.0182283305793604,0.01,0.01
"171",62.8871033899486,88.2311945548281,45.6911294255406,53.2362070400268,47.2547482000664,78.1193947419524,83.3353879163042,0.0133580033289098,0.01,0.01
"172",56.2790774507448,11.6802414879203,98.8966898061335,65.8708399394527,10.1139108650386,68.5277235461399,3.88311941642314,711.395198970157,0.01,0.01
"173",65.0480021955445,47.028131200932,73.6757793463767,54.4393048854545,18.0185904260725,46.5720668900758,28.8276944775134,6.77738320503521,0.01,0.01
"174",17.1243462013081,38.2301284000278,79.6762959333137,93.4604407288134,53.7139081163332,27.5494581321254,16.5257153799757,0.267460851930773,0.01,0.01
"175",7.17481181491166,22.1675765933469,4.90616948809475,65.0586594128981,56.7437760531902,58.4104751469567,50.2269358141348,0.022380457436812,0.01,0.01
"176",27.2302564699203,4.92068466264755,11.9375152513385,28.0165164731443,46.0260729072616,82.3460973799229,98.3564466470852,0.00612551445881103,0.01,0.01
"177",32.8958676196635,8.71616429649293,85.72066007182,12.1872367104515,23.6498757964,66.2129267584532,78.1300022965297,0.00653037486120658,0.01,0.01
"178",67.8555672988296,80.0248712068424,82.8620194923133,29.2998713674024,13.7904479401186,20.8413088461384,96.4080060133711,0.025028551403686,0.01,0.01
"179",20.9532076027244,97.3843391751871,27.3490616353229,61.9426957098767,52.6731333229691,60.4548352072015,14.3725361907855,0.489893423324743,0.01,0.01
"180",68.1455698795617,74.9724203022197,15.711021469906,44.160490646027,26.6723962733522,34.8124079871923,84.9705646978691,0.0192580463139814,0.01,0.01
"181",90.0110258255154,66.8261351296678,20.9059122251347,1.11980626825243,49.7103693662211,47.8538414696231,23.4934249194339,0.00874755096546284,0.01,0.01
"182",12.9931558854878,85.2261089952663,35.8215815154836,71.1905096890405,21.0675385314971,13.9484871178865,33.6495077237487,2.04338671698779,0.01,0.01
"183",75.5407792748883,31.8709217011929,15.9850477008149,28.832353441976,4.50181576889008,16.5091218193993,74.7923880582675,71.2041188000496,0.01,0.01
"184",78.9797828998417,4.87998444586992,34.391684923321,31.8888635141775,96.4178052498028,82.1122724097222,7.21097786445171,0.73217621653161,0.01,0.01
"185",51.7918005818501,3.0872920062393,69.0874753985554,48.0171114439145,81.4049110747874,35.8393319649622,79.6430851332843,0.00729433881655127,0.01,0.01
"186",25.756028550677,85.8574980869889,90.2864223578945,12.0131550589576,37.7388703403994,53.8460725918412,42.8016866790131,0.00737107659547429,0.01,0.01
"187",25.7425932912156,38.0389906000346,80.7901882799342,30.9654250275344,29.016687348485,88.8054724549875,29.4562133494765,0.237123337595004,0.01,0.01
"188",66.6114143095911,12.1866475092247,51.1206265538931,8.32295517902821,11.0874029807746,14.2404164420441,46.6737649403512,16.6771741577423,0.01,0.01
"189",14.5430991891772,69.8506211396307,40.7828771276399,85.1911113597453,30.1587340887636,47.6130290655419,88.0596466362476,0.0317166668949999,0.01,0.01
"190",70.6259144702926,65.2753541013226,35.3769447654486,51.1236029211432,73.4466090798378,72.7390456479043,19.9602204374969,0.033502888684547,0.01,0.01
"191",27.5037002051249,99.8840210726485,58.638064772822,8.96502039395273,41.5326399030164,62.869570706971,33.3346634171903,0.007208853380952,0.01,0.01
"192",55.1451268605888,64.2800652887672,20.1861653244123,9.16130768600851,92.5816217670217,53.091252525337,42.4942029174417,0.00227503619467727,0.11,0.01
"193",41.4901421871036,94.0135503886268,61.9116141460836,38.0508822388947,86.6146245971322,79.4855329673737,73.4741531545296,0.00589864162217824,0.01,0.01
"194",26.6392092453316,38.9268080936745,22.0794492168352,87.8063625190407,92.6331581082195,90.3178794309497,1.75112360157073,89.7933292479639,0.01,0.01
"195",61.9975748937577,66.4041843032464,79.4139569858089,86.8019065354019,42.1623618341982,63.2492609787732,44.9470586609095,0.044810807702861,0.01,0.01
"196",61.4147355780005,89.7553747054189,66.3924102438614,68.110124883242,14.3011044710875,2.5656912708655,51.2042918009683,139.090466087303,0.01,0.01
"197",45.9508380386978,79.499135306105,58.3115301560611,11.2207049736753,61.9213451398537,53.0033227056265,57.4161568656564,0.00310187748499809,0.01,0.01
"198",11.0895127756521,44.9547719443217,80.4661535657942,9.31246089749038,94.7797815781087,19.6830457309261,51.5304398024455,0.00186956337547615,0.01,0.01
"199",10.57786103338,72.6883880095556,21.4926768792793,52.6516077574342,72.0633970107883,93.323371373117,11.0353473108262,0.282402409804475,0.01,0.01
"200",53.9775694254786,67.0169792836532,11.1356710782275,2.95469455886632,43.8714873278514,24.9750164337456,64.1640696674585,0.00103353224378547,0.01,0.01
"201",56.8555517820641,96.7522278428078,10.4249735595658,39.9340465664864,56.1192404245958,56.8462710594758,18.8788613770157,0.0557705099451653,0.01,0.01
"202",53.3478951547295,44.5541933877394,17.4041918944567,82.1713163284585,80.0656904932112,19.9213823536411,21.6156033333391,0.0454110796298263,0.01,0.01
"203",76.5699026873335,98.4469065442681,16.8132388498634,58.4264508681372,82.4436667142436,52.5207621511072,27.0736490841955,0.0252433269971342,0.01,0.01
"204",59.5623683417216,21.1396455764771,85.7925270916894,57.8741259174421,45.1707777800038,84.0538767399266,18.0740264244378,0.334267392626489,0.01,0.01
"205",95.348555361852,4.84579908661544,44.0060773864388,31.1520991614088,37.3003733810037,0.425641587935388,38.4989827871323,0.108244913857848,0.01,NA
"206",42.1210431260988,17.4279418308288,17.3394561279565,84.4575197203085,48.3271905221045,57.5116288848221,86.2043308094144,0.0200389509228408,0.01,0.01
"207",24.2507218848914,29.8551630461589,93.1966837961227,78.3683625981212,68.7606000341475,0.239765713922679,33.9126348262653,0.013109787019014,0.01,NA
"208",89.7144809598103,44.0229797037318,74.6397739974782,38.7464499799535,19.2809680243954,85.6439221883193,60.1664053741843,0.0434399895956253,0.01,0.01
"209",13.0500480532646,44.7809563251212,41.1229685647413,26.2634019833058,53.1832519453019,72.7929239394143,93.6067420057952,0.00521945877862339,0.02,0.01
"210",80.7724529178813,49.496709369123,11.5898016607389,94.9802051996812,32.1974826743826,99.2056919494644,61.4842912880704,0.0472131415839032,0.01,0.01
"211",14.3760834587738,23.5927043249831,14.566662744619,36.1536153825,30.4106284398586,6.93492605350912,94.3401734577492,0.0124648625357237,0.01,0.01
"212",18.6305156443268,58.5989572806284,48.5865055816248,28.5373489372432,31.2565618893132,14.4542963709682,33.4403237793595,0.0927053742682025,0.01,0.01
"213",18.5339343501255,73.1819798005745,73.4149120049551,73.531774035655,0.396349071525037,81.7385287955403,72.1138425869867,858.766836990387,0.01,0.01
"214",37.050591618754,89.2023034859449,97.9914606548846,64.5941819762811,81.2645308207721,63.123512850143,16.5086770895869,0.0463402153721958,0.01,0.01
"215",45.0318895746022,1.54959303326905,68.5340823139995,9.58957485854626,21.0690549341962,25.8640436688438,24.5795400347561,28.709038100972,0.01,0.01
"216",35.4982013115659,71.6218156041577,59.3029619660228,53.1320799840614,53.3838192000985,76.5378044685349,56.9661902729422,0.0171694481063513,0.01,0.01
"217",62.2487727552652,89.8754883091897,98.4565994469449,31.4034374663606,45.4651282168925,62.4804622726515,89.7273488808423,0.00761259096247384,0.01,0.01
"218",77.0220135105774,90.9287812188268,28.3935751765966,76.0119098238647,84.7156645962968,12.2561497380957,85.5519739212468,0.0103651808668072,0.01,0.01
"219",23.8967372570187,98.4193456359208,18.4534525498748,67.0147442258894,45.4317013500258,40.7345801591873,84.5471198204905,0.0172424192837111,0.01,0.01
"220",59.4347536796704,30.7807027595118,74.0034367889166,71.1606956552714,34.8301163408905,15.8671600976959,38.3434837684035,0.0556571336123072,0.01,0.01
"221",36.6335949860513,83.3662309451029,65.6220195582137,31.2809200258926,13.2780922111124,24.2356256116182,28.2430828548968,35.2043439296042,0.01,0.01
"222",72.4764421349391,89.0035025775433,65.8506696345285,78.4234117949381,29.7908602515236,18.7839733203873,42.0348548330367,0.0672511357543987,0.01,0.01
"223",48.8085677847266,2.94711380265653,80.9671665308997,88.8895367272198,12.1952436864376,78.6911935079843,56.5920723369345,2.28814103236331,0.01,0.01
"224",57.3671938152984,22.3417856032029,32.0510243531317,55.3353366674855,85.434076981619,3.24891447089612,36.7184794973582,0.0171119908747457,0.01,0.01
"225",63.2473500212654,15.3466498479247,38.1696618162096,39.8284601513296,70.9421353647485,81.7477408796549,71.2930160807446,0.00776492796109596,0.01,0.01
"226",60.570757300593,14.365581353195,42.1978497877717,50.0604902859777,90.6262400792912,49.7570130275562,67.7217126823962,0.00803566748346981,0.01,0.01
"227",3.78486060071737,21.4310551527888,87.2205446707085,3.84036551695317,60.5397266568616,43.4766947058961,34.9470702698454,0.00176491973063276,0.01,0.01
"228",99.2524032946676,41.1653355928138,98.3586434740573,50.3207067260519,25.9896541014314,58.3771781297401,33.4566208766773,0.245067347624519,0.01,0.01
"229",55.1630964037031,28.0699332011864,96.945513621904,88.5938256978989,36.2317422870547,60.5414188932627,44.9523442657664,0.0533083127622428,0.01,0.01
"230",66.219596657902,84.5122545259073,41.6126823518425,87.5032156938687,25.3579441225156,54.9958748975769,84.4711466692388,0.0403729798768853,0.01,0.01
"231",99.3381154024974,46.3573621353135,12.5246990006417,95.0660167494789,51.6480033053085,60.463799815625,24.9400113709271,0.0732635577505553,0.01,0.01
"232",37.5660763354972,67.3612858168781,9.1195551212877,5.34597251098603,34.6263668965548,11.0163731733337,88.8751054415479,0.00171780487765399,0.2,0.01
"233",20.0482232961804,19.8173172073439,38.8299704063684,45.198398642242,63.0812051938847,19.525263318792,64.2786321230233,0.0109717557229766,0.01,0.01
"234",85.6594349490479,66.9516916386783,32.9808063805103,62.021553167142,64.7420184221119,63.223515287973,96.7313937144354,0.00980184877401869,0.01,0.01
"235",49.8230469878763,1.12311486154795,98.0182016734034,61.8614330422133,2.51833705697209,43.8168633263558,1.32611365988851,850.080919565366,0.05,0.05
"236",22.5180045701563,43.0415225215256,42.0559701509774,8.96821955684572,18.7930017942563,42.8656919626519,74.3055787635967,0.0076615620702964,0.01,0.01
"237",72.4145027808845,88.402088964358,72.283624811098,36.7779605090618,42.0872122282162,17.9957843618467,7.61140508111566,47.8754359328525,0.01,0.01
"238",93.9045330742374,58.1339582800865,52.8687956277281,69.904532446526,26.3229695148766,65.277655958198,65.5294303316623,0.0399542232736084,0.01,0.01
"239",93.6358886072412,3.21641596965492,34.8850067239255,52.2791168652475,52.3092951392755,0.694618211127818,94.9382150080055,0.0536311005349902,0.01,NA
"240",71.8231197912246,70.5055038677529,10.9502190258354,34.668035316281,71.275112987496,53.7220417987555,88.6983074015006,0.00542244228562666,0.02,0.01
"241",66.0419485531747,0.497279968112707,59.6719629596919,99.3784310063347,85.7912324834615,63.7431886745617,87.96605928801,0.0129096665718802,0.01,0.01
"242",20.5165363848209,66.6165837785229,84.4004296930507,20.5330035882071,65.7508000032976,18.0384286912158,52.6267326669767,0.00582162436549811,0.01,0.01
"243",53.0562215019017,50.4437425173819,52.4652238935232,70.7892097532749,38.9605523552746,50.5947914673015,97.0520276809111,0.0185293803970422,0.01,0.01
"244",97.5085124373436,47.4943191977218,72.9229936841875,76.2090533040464,18.5872917529196,21.3355504209176,33.8123102439567,3.12671525901216,0.01,0.01
"245",83.5018379380926,24.4014396565035,72.8759719524533,36.8566928198561,27.0360076101497,93.2733022375032,0.144540914334357,745.031262592659,0.01,0.01
"246",61.4903052803129,26.6811077017337,65.3700792929158,46.4019346283749,33.4743855521083,38.1907739676535,97.9739729315042,0.0140030804607894,0.01,0.01
"247",90.1353555498645,81.6242267610505,27.750896057114,57.892874092795,72.4891745485365,65.8227334264666,13.4382619755343,0.0935400055349231,0.01,0.01
"248",1.31311903242022,19.0892514772713,25.3794302465394,97.9085030732676,38.8641113881022,49.530086829327,93.7504103174433,0.026585955204668,0.01,0.01
"249",68.535407516174,58.9059362653643,94.6567006409168,69.6539426920936,71.5980750974268,88.5340162087232,99.9924741918221,0.00963209154041276,0.01,0.01
"250",4.4745264807716,81.7019081208855,88.7696385383606,15.2301142923534,94.8038145434111,68.598589906469,40.7936793053523,0.00384355382688146,0.01,0.01
"251",68.4271530248225,5.20821625832468,14.5003964193165,0.314207002520561,6.48095707874745,68.0452528875321,76.3362460536882,12.2346416846864,0.01,0.01
"252",82.6007486088201,14.463223121129,92.5219767494127,37.1528327232227,81.8138596136123,39.0957962255925,24.1161060985178,0.0180709611494044,0.01,0.01
"253",72.272721468471,77.8980563394725,33.6457225261256,16.865268163383,45.9539366420358,92.478699889034,47.3783671855927,0.00758656371126239,0.01,0.01
"254",73.5127355903387,6.61753704771399,56.662181369029,87.8486554138362,33.671113406308,87.8924356540665,39.2301001353189,0.0677161678513779,0.01,0.01
"255",33.6338843684644,51.0385744972154,95.2176541322842,51.1663758894429,63.0884455982596,44.7291351621971,77.8044782113284,0.0102898189205983,0.01,0.01
"256",40.4483417514712,74.306098301895,65.6310646561906,89.2321766819805,65.2592243393883,41.2891033804044,45.5440315883607,0.0293752267293317,0.01,0.01
"257",46.7176328180358,74.5371323544532,98.6747126327828,12.4359089881182,69.3132898304611,89.7408382967114,82.9140040790662,0.00213795140018393,0.01,0.01
"258",20.0909956824034,21.0203769383952,73.8992553437129,51.7776818014681,65.4669544659555,11.8840894196182,0.354454969055951,216.421151889623,0.02,0.02
"259",18.0614547338337,87.2387938667089,74.9168340116739,34.1996531933546,53.1740305945277,61.7686480982229,93.3293300680816,0.00681795169252011,0.01,0.01
"260",25.9462092071772,52.7973521966487,21.1089881602675,15.853639296256,45.8894612733275,86.5163045935333,59.3112037982792,0.00572821254841544,0.01,0.01
"261",30.2158083533868,84.4379917485639,0.705957994796336,78.8766648853198,93.1810402311385,88.5446676053107,27.7785427868366,0.0294135388975989,0.01,0.01
"262",36.2170311855152,46.8825248535722,60.2379719959572,24.1830982035026,53.1931150471792,25.2643920248374,94.3292239215225,0.00476818762200567,0.01,0.01
"263",19.2291918676347,35.5048139812425,49.0439075278118,63.8097501825541,61.9566277135164,59.8645690595731,81.823075003922,0.0124340118592424,0.01,0.01
"264",26.2888527009636,3.29965611454099,87.1892000781372,86.5430138073862,21.0352277150378,18.1786667788401,72.544104186818,0.0593853686769722,0.01,0.01
"265",96.7510274145752,8.6544729070738,85.5666519608349,89.1928850440308,28.3655955223367,28.0342154903337,34.8296429729089,0.202912091574246,0.01,0.01
"266",72.631714050658,15.475467289798,34.8409105790779,53.601457644254,54.9036597833037,61.4569442346692,99.8373728943989,0.00968044661565344,0.01,0.01
"267",39.5639717811719,81.5287636127323,43.4617003193125,19.027720647864,29.1174608282745,21.4667034335434,26.1393768480048,0.7544483428582,0.01,0.01
"268",18.8979274127632,58.0203814432025,33.3014020230621,85.0078879855573,48.6683975206688,18.0755954934284,8.70481950696558,18.5607253284672,0.01,0.01
"269",76.2574819149449,90.8693654928356,54.1504567954689,32.757654436864,97.4867603043094,95.9356047445908,74.965366628021,0.00442321994246677,0.01,0.01
"270",74.4307956658304,25.8689772570506,26.6034720698372,87.6137472921982,5.30671318992972,24.6652255067602,32.8089234186336,270.216872254656,0.01,0.01
"271",51.1323786806315,30.1782680442557,6.40297532081604,39.2558289226145,55.4581817938015,97.5034595699981,54.2870305245742,0.012802828201134,0.01,0.01
"272",65.0371817173436,32.6769874198362,83.9432939188555,44.5385630941018,7.9515395918861,3.63073917105794,5.14877010136843,381.998960058322,0.06,0.06
"273",36.7781644687057,98.7466361140832,26.7341803060845,81.08755054418,41.9052116340026,48.1166216777638,45.629543135874,0.0415020473144908,0.01,0.01
"274",16.5930905845016,58.4197371499613,30.4336763685569,47.3515338031575,59.4383979216218,87.6408282667398,2.31437850743532,159.482336782374,0.01,0.01
"275",87.7384111052379,26.8370793666691,27.9358057770878,92.0333628542721,71.0482070920989,31.4014940755442,27.0679173991084,0.0461494080869577,0.01,0.01
"276",86.5909696323797,8.30693319439888,94.7557404637337,3.47188042942435,78.4450841369107,81.0402752831578,89.7254943381995,0.000487511414768837,0.01,0.01
"277",14.5771911600605,4.50354570057243,26.4476371696219,64.3719034502283,76.328137377277,5.09998600464314,21.9053934561089,0.0577663625501404,0.01,0.01
"278",24.4262513238937,90.3819580096751,31.9141847779974,14.360239263624,15.0448753498495,89.0607991721481,59.7886325791478,0.153891233778706,0.01,0.01
"279",42.3907201737165,19.082271005027,73.8686725730076,43.0521866539493,54.3946776771918,55.7920892024413,96.7807900393382,0.00809242986474016,0.01,0.01
"280",95.8636195864528,47.722923848778,44.0382116707042,10.6974699068815,48.7348432186991,95.7760641351342,16.6475165868178,0.250330409001397,0.01,0.01
"281",75.2150713466108,90.7108513638377,6.75380821339786,88.1960757542402,0.777991535142064,20.068991696462,20.7878421992064,872.073549985459,0.03,0.03
"282",17.25798107218,6.96378869470209,35.7967655872926,80.9268851066008,89.7025738377124,2.64646112918854,72.5131871178746,0.0120547634270146,0.01,0.01
"283",57.854622695595,90.7647430896759,55.4621606133878,19.3153099855408,72.8947200812399,39.7083448478952,20.3014961909503,0.0127331902603574,0.01,0.01
"284",19.3630677182227,54.0697667747736,69.9344983091578,54.6978547470644,96.7186703812331,95.0029730098322,35.4648703476414,0.0155080357999778,0.01,0.01
"285",28.6001436645165,47.9281380074099,34.8160560941324,57.1361448150128,48.8276499090716,94.5196594577283,34.5497925998643,0.0329586626681721,0.01,0.01
"286",39.1428441274911,18.3834654046223,33.0666301073506,6.91136703826487,80.7716624811292,55.3757828194648,14.4032979616895,0.0129351516640355,0.01,0.01
"287",59.6760294632986,34.7799328621477,59.2947262804955,52.7920651249588,32.2588750626892,68.3104399358854,48.3816447434947,0.0333360070011441,0.01,0.01
"288",94.9289382668212,55.2846249658614,35.3133755736053,86.0567283118144,89.9248434929177,84.43262509536,42.0373185537755,0.0222353077220707,0.01,0.01
"289",89.8843511007726,5.89507657568902,26.2077673338354,99.7753685805947,66.2242813967168,78.381244209595,11.3053683191538,0.665301252792906,0.01,0.01
"290",24.4892166461796,37.7490764949471,97.5269943475723,93.4045556001365,66.8922386132181,42.0707477256656,25.5793561926112,0.0525603397919484,0.01,0.01
"291",40.1183843612671,39.1668943921104,84.228435321711,49.0270808106288,41.7923941509798,27.8929250314832,68.2806369150057,0.0169282756947122,0.01,0.01
"292",18.1354615837336,47.7115459507331,73.2051831902936,72.0897882478312,16.8157621985301,91.9615925988182,97.1340470481664,0.0437868232244995,0.01,0.01
"293",41.888162586838,79.7009429428726,52.3943678708747,67.8052000235766,61.3192107528448,7.44494176469743,56.7512311739847,0.0191403481210633,0.01,0.01
"294",82.9937223810703,64.4406653940678,50.5049823783338,79.6336344210431,93.9697855850682,68.3121626265347,37.630520039238,0.021935842064471,0.01,0.01
"295",11.4109161077067,61.2618203042075,59.2468864750117,98.1687314109877,90.6769933411852,5.97517658025026,84.0831749141216,0.0127129649110023,0.01,0.01
"296",58.9838364627212,6.09413024503738,61.9054414331913,60.4679917218164,78.4577382495627,8.78292424604297,28.1637405278161,0.0262940368937733,0.01,0.01
"297",25.9212339995429,51.7501229653135,30.4352296050638,52.6552177965641,76.7601774306968,14.8003517417237,24.68510302715,0.0267122099567723,0.01,0.01
"298",26.2782216072083,61.7768491851166,44.0571686020121,34.118132898584,51.3157837092876,5.21181400399655,35.4730349499732,0.0183875514990832,0.01,0.01
"299",10.6952952453867,10.5556424474344,76.0797564871609,72.5425572134554,2.16311437543482,86.3824243890122,8.15348513424397,939.854614799034,0.01,0.01
"300",75.9417648660019,19.9372914852574,99.035288230516,46.6056395787746,70.3009903198108,9.55924005247653,36.455325037241,0.0176576234459344,0.01,0.01
"301",62.0108572067693,96.3100273162127,53.7039287621155,54.9863008083776,28.4318466437981,95.8664151607081,63.4835018077865,0.0300062665493771,0.01,0.01
"302",59.6963598858565,19.5512355770916,65.3134188149124,95.720882457681,66.7027744697407,22.6980797015131,65.906294202432,0.0214360376716983,0.01,0.01
"303",11.7822044761851,42.6567435031757,29.010044131428,81.7720975261182,42.4924012506381,80.8091122889891,54.3807286769152,0.0347477503562497,0.01,0.01
"304",82.1921098744497,59.7731566987932,26.8137046368793,13.6249069590122,77.0710401237011,77.6563079096377,49.5762781007215,0.00349528562271905,0.01,0.01
"305",73.6977719701827,12.3592821415514,78.5516945179552,87.4621467664838,39.7647913312539,31.8934324895963,35.9498797217384,0.0607084938371065,0.01,0.01
"306",81.1028257710859,76.8925032578409,82.6052787480876,97.1709849545732,26.0018830187619,31.3095276476815,49.0559570025653,0.0785798367085848,0.01,0.01
"307",60.1881489623338,21.566878980957,78.3961218083277,15.2012787526473,35.3860354283825,97.4202138604596,41.6597470873967,0.0105165169637762,0.01,0.01
"308",99.7474073665217,84.0557024581358,58.8423604378477,1.44351141061634,80.4188957903534,6.32137598004192,5.08384804707021,32.4678054367261,0.01,0.01
"309",12.4509944347665,20.6512781791389,85.0347304716706,64.4433183828369,74.6731235878542,42.2432637773454,78.5355044528842,0.0108459798805474,0.01,0.01
"310",4.03531733900309,14.3443596316501,54.6798920724541,30.9364204760641,45.9814042551443,68.2023842819035,92.0544552849606,0.00722894806057537,0.01,0.01
"311",41.1323511973023,49.7149855596945,97.2176055191085,68.8913838472217,45.49922531005,78.8999116048217,57.8998929588124,0.0257044645991302,0.01,0.01
"312",56.8374623311684,87.5405164435506,19.8201429797336,90.7609623158351,68.0680930614471,30.6241062702611,24.1551012033597,0.0530726224975382,0.01,0.01
"313",78.6209947196767,55.7349770795554,75.0654697185382,22.3111187806353,9.04213602188975,35.0359719246626,28.2110908767208,101.872906651727,0.01,0.01
"314",48.6510900780559,34.6297190058976,4.85985486302525,34.7996048396453,94.106163433753,29.1270435554907,74.3922440567985,0.00490436729940798,0.01,0.01
"315",66.706334380433,77.2121117450297,80.3083879873157,27.6571765076369,25.1845079939812,52.3363314336166,82.8143027145416,0.013103240563319,0.01,0.01
"316",6.5913860918954,65.813352749683,78.9117581909522,6.08130069449544,30.8082787320018,18.5979270841926,80.1878837868571,0.00243095508975882,0.01,0.01
"317",70.8843263797462,45.3390298876911,44.95605006814,93.7271706294268,97.744230623357,30.48739079386,57.7045927289873,0.0163316514750547,0.01,0.01
"318",57.5158864026889,5.29583322349936,11.0172365792096,99.3020853726193,32.0977402618155,40.3402273543179,34.2085041571409,0.129057732348586,0.01,0.01
"319",53.5360315814614,3.33200446330011,61.6323842434213,31.4150569727644,54.5921034645289,23.9442104939371,71.4207897195593,0.00792451760673391,0.01,0.01
"320",54.8010870814323,82.8812795691192,12.5805250369012,6.04354471433908,26.3860120903701,92.0942877186462,91.1586019443348,0.00248580306907434,0.27,0.01
"321",49.9297642381862,38.7380039319396,63.3449584478512,84.7603340633214,65.323110180907,70.1220453483984,10.7732079923153,0.742306568132384,0.01,0.01
"322",62.9994448507205,36.3380213268101,34.7915920428932,44.8748696828261,72.0389932626858,56.0394377680495,23.2603984652087,0.0257197902794117,0.01,0.01
"323",39.5758453989401,15.0657229823992,31.2950021121651,36.2657364457846,78.736256621778,33.6125764297321,70.895122596994,0.00640454240526802,0.01,0.01
"324",68.0152874207124,32.7000252204016,23.2857766794041,96.808195929043,13.2960960036144,15.9928124863654,17.650254140608,170.796629454984,0.01,0.01
"325",65.9513301914558,72.3341599106789,11.7310748668388,68.4972616378218,69.4949487224221,70.6422958755866,2.34426436945796,113.008228884487,0.01,0.01
"326",10.8558065956458,5.2959615830332,85.4845807654783,63.5979460552335,45.4651086125523,61.9080334203318,77.3395335767418,0.0178401860373984,0.01,0.01
"327",79.1880267905071,57.6182335382327,73.1827006908134,70.9072978002951,84.6992089645937,44.3755660671741,61.2411889713258,0.0134486275504185,0.01,0.01
"328",3.82616596762091,4.08252363558859,68.8487901818007,39.9127201642841,44.9181750183925,77.2285397630185,32.3521748185158,0.0278120441726986,0.01,0.01
"329",58.6392388679087,99.0852624410763,21.3557780254632,12.8816293319687,43.1326642166823,53.0709099955857,12.8947719465941,3.33430443908976,0.01,0.01
"330",45.5089837312698,66.3205328630283,43.6460538534448,10.3495463728905,85.1959164720029,29.440234019421,24.2930207168683,0.00480318501237303,0.01,0.01
"331",24.0255839657038,31.2659389805049,99.996593920514,92.6258245948702,98.2893190579489,7.45235378853977,18.8389597227797,0.0474328561132757,0.01,0.01
"332",14.6846134914085,49.685213691555,98.2871813699603,4.30229029152542,16.1762569099665,99.0793433273211,59.5677329227328,0.0802090732592658,0.01,0.01
"333",73.7773367436603,89.331472478807,46.1089864140376,83.3330620545894,55.5470780935138,8.92221427056938,58.2797821843997,0.0253019030398362,0.01,0.01
"334",30.6246165651828,3.04039686452597,84.9109546048567,81.8234065314755,75.8026902098209,65.6524252612144,41.1628012778237,0.0255556322856463,0.01,0.01
"335",16.7545468080789,97.1076575340703,34.2283058445901,52.4051463697106,49.0014667622745,23.6837109318003,30.4800296202302,0.034406176832129,0.01,0.01
"336",20.5913235899061,46.2976646376774,22.6603992050514,40.772059909068,32.3976496234536,39.1016171779484,84.2873468995094,0.0147553226974531,0.01,0.01
"337",43.4050604235381,25.9182631969452,23.7615345278755,92.0323906699196,2.03912877477705,60.8938964083791,59.399201348424,368.880799724435,0.01,0.01
"338",83.6349714547396,46.0048532811925,47.6709897164255,70.83354012575,80.8075543260202,18.7489950563759,79.6316400170326,0.01086857393557,0.01,0.01
"339",80.165898334235,52.949977456592,20.9299683338031,51.1787120020017,20.737544237636,28.2482443144545,68.758074590005,0.0364288827432806,0.01,0.01
"340",6.03277327027172,39.4148865481839,84.3707300256938,18.6660874867812,46.1577313952148,82.9129789024591,53.9643911411986,0.00735675274337917,0.01,0.01
"341",83.4185743704438,91.5114062372595,44.8384222341701,96.0212196456268,69.2376413149759,84.6936309011653,75.9829521877691,0.0180142813549755,0.01,0.01
"342",47.6509534521028,35.7360940659419,64.755545812659,37.9077609395608,22.9377632262185,87.9917859332636,56.6053616115823,0.0313966287385675,0.01,0.01
"343",60.4424118530005,92.9007568862289,76.1736081913114,68.9769408898428,52.6798476697877,74.2330316919833,81.2315536662936,0.0159222384289621,0.01,0.01
"344",33.5407454986125,84.7659590421245,71.2403430603445,67.5089264987037,40.0516687193885,85.1914349710569,80.7906514266506,0.0206074256049687,0.01,0.01
"345",89.4546329276636,3.78871262073517,15.8753210911527,31.4367134822533,34.8974950844422,78.4005664288998,72.4951304495335,0.0122547064840404,0.01,0.01
"346",1.53951128013432,7.69421875011176,28.9308302337304,16.9709836132824,66.7000089073554,93.4572908794507,50.1556054921821,0.0049729792485537,0.01,0.01
"347",97.4283729679883,54.817153676413,79.1704116854817,94.4872175343335,29.5379779534414,85.3803416946903,96.7989233555272,0.0327067074550514,0.01,0.01
"348",15.2028234442696,26.2512964894995,6.85663148760796,28.4466547425836,43.2753161527216,23.8222013227642,8.99279199074954,25.7875940171637,0.01,0.01
"349",14.9004536215216,20.7350181415677,43.5478118015453,88.6134511558339,79.9664329737425,92.1388647751883,34.2868896666914,0.0314004500466552,0.01,0.01
"350",97.10276753176,71.1342217633501,26.0684065055102,15.8842392032966,51.2580077862367,51.0604857001454,72.2193054156378,0.00423226071045175,0.02,0.01
"351",61.4743170095608,44.8208501562476,18.0632922798395,69.9010783107951,28.5512766102329,14.8976940894499,5.97774244379252,259.550673991777,0.01,0.01
"352",74.1518332390115,60.7462578918785,71.2061351398006,2.68696860875934,92.7704819245264,58.7470527272671,95.5053934361786,0.000300098671183604,0.01,0.01
"353",16.2349049700424,66.1010732641444,34.1675914125517,33.5529088508338,23.7511474872008,73.7130784895271,65.1698630070314,0.0215737408051302,0.01,0.01
"354",14.1770679270849,31.5309557598084,22.282683220692,83.8154091034085,91.0036022774875,45.7044051960111,22.172822104767,0.0397426182138175,0.01,0.01
"355",37.2343015857041,54.9462169641629,57.9687192803249,22.0952029339969,78.5253514070064,27.8075117850676,72.7670370601118,0.00381384808646556,0.01,0.01
"356",57.3566356906667,14.3052137456834,24.4791978271678,3.40295708738267,81.2868848675862,75.8808685233817,17.6151176448911,0.00275329640619309,0.01,0.01
"357",94.244300853461,31.5482792211697,39.3923999043182,5.77169111929834,3.27600161544979,62.4652634374797,11.8854962522164,763.71919134541,0.01,0.01
"358",95.5168256303295,46.0792158497497,72.7142400108278,54.9814840545878,11.3225437933579,88.4307879256085,88.8092781882733,0.106155249404819,0.01,0.01
"359",65.5859374674037,81.0676088090986,32.7037214534357,67.5025194883347,76.861365372315,38.7768893269822,37.0326615404338,0.0230905406452587,0.01,0.01
"360",12.4571497086436,77.84455914516,21.4621234452352,34.7064523026347,10.6224853545427,65.2140031103045,13.4093130240217,266.522340347387,0.01,0.01
"361",43.1996291736141,15.0998875265941,10.2386903483421,20.0906049227342,59.9217028589919,40.9900560975075,33.0799137009308,0.00984080265839388,0.01,0.01
"362",68.3294987073168,3.13191516324878,6.65110887493938,66.3923421408981,3.92168574035168,54.238179535605,87.7555038314313,62.790391374085,0.01,0.01
"363",51.4569795224816,84.3356670346111,17.3750662710518,2.17275465838611,65.5812687240541,15.0797520764172,53.3406710019335,0.000609780754827824,0.02,0.01
"364",88.0784504348412,17.2327667707577,90.4605154180899,37.5140101648867,0.197272445075214,89.3313961103559,49.9080279143527,902.877839404383,0.02,0.02
"365",69.3954532733187,69.3590151611716,91.0544326994568,37.3243664391339,41.7739765718579,20.7853755448014,10.9371600672603,12.3292351635018,0.01,0.01
"366",7.5153695885092,87.7954160561785,28.0123247997835,87.6748212380335,21.2915729731321,92.1508301049471,29.7876445343718,1.94617336833551,0.01,0.01
"367",33.689023507759,49.6001052903011,65.743598039262,28.9163055829704,7.32927853241563,57.5460543856025,69.1044659819454,8.21122476259143,0.01,0.01
"368",94.5791527396068,11.656074039638,9.3120118137449,79.9430754268542,10.4007725371048,84.9207802908495,87.5902964035049,0.252614056449171,0.01,0.01
"369",52.9202827252448,26.5004929620773,4.2399846483022,18.6999498400837,64.0451820101589,18.4513731626794,84.021007316187,0.00343366894419179,0.01,0.01
"370",92.6438547903672,62.5974062131718,40.0604959344491,75.9472648613155,67.4069961067289,69.8495401768014,65.0169711560011,0.0170661464946783,0.01,0.01
"371",41.1915652453899,33.5157871013507,50.9711951715872,62.429732712917,63.3412199327722,37.2862733434886,9.12674760911614,2.73676714119098,0.01,0.01
"372",79.8564553493634,50.6262097042054,50.419240933843,22.6759997429326,84.5689358422533,0.605415226891637,90.8612242899835,0.0256594383114465,0.01,NA
"373",75.6566272582859,63.9495933428407,68.2209170656279,45.5790964653715,84.3927352689207,7.71829709410667,69.6048289304599,0.00764412154103064,0.01,0.01
"374",26.3956820359454,84.8351333756,50.7453024853021,48.2694105943665,84.2356219189242,72.7117522386834,30.1267223199829,0.0184089387962946,0.01,0.01
"375",92.7715311292559,66.1890315124765,15.2903814800084,11.3345673773438,58.8435921585187,38.6976401554421,19.8023956734687,0.0170594587957364,0.01,0.01
"376",53.78102210816,80.6899439077824,21.7698750086129,93.122836900875,70.5919872503728,9.19754863716662,14.6490365499631,0.150790541236733,0.01,0.01
"377",64.4917368656024,95.7656609127298,56.8340500816703,40.0269268779084,90.9536540973932,35.3046857751906,54.9848202615976,0.00786010058854487,0.01,0.01
"378",38.1824465002865,85.892021888867,78.2197445398197,57.7292756410316,63.5574181564152,91.3223047042266,18.2068776339293,0.0538247512557028,0.01,0.01
"379",20.8458485547453,57.7601086581126,2.26981982123107,73.7003013491631,24.3037869688123,1.29165428224951,99.1649158066139,22.705672571698,0.01,0.02
"380",92.8976375842467,44.6277770912275,38.1618163082749,78.4750158665702,5.72423550765961,30.7252921396866,7.00519885867834,823.123877418844,0.01,0.01
"381",26.6291823238134,76.5693727880716,4.89620117004961,69.3420098396018,80.1058157812804,88.4184633614495,86.9254374876618,0.00984491312431317,0.01,0.01
"382",23.9480026531965,88.0090568913147,7.18127517029643,49.8390233376995,27.6076079113409,68.6232224106789,23.9193931920454,1.42925595638355,0.01,0.01
"383",53.0798606108874,5.21568690892309,56.0633201850578,33.6172131821513,72.1156265819445,71.2713767774403,13.1925579626113,0.115057253748199,0.01,0.01
"384",97.7859655860811,56.8508214550093,29.7410840867087,32.316386862658,2.35896864905953,28.1739223282784,73.6061646603048,254.881602317332,0.01,0.01
"385",96.3713801698759,93.1355544365942,70.1481417519972,4.97245967853814,34.2818329576403,12.152520287782,35.7754016993567,0.0141633503341177,0.01,0.01
"386",23.2162894448265,61.2475427566096,98.699871217832,76.520932558924,98.9934504032135,94.3928332533687,61.077412427403,0.012450915269262,0.01,0.01
"387",70.6071466905996,81.7337631247938,55.7229260215536,70.9450694033876,34.897183906287,1.23681060504168,36.6609884193167,75.6988576482432,0.02,0.03
"388",1.06644902843982,72.3904673010111,23.315592482686,88.378638937138,25.947070075199,30.7409998262301,67.076804023236,0.0500828935869088,0.01,0.01
"389",54.4704906642437,54.3599960859865,9.75694532971829,38.0554625531659,44.7794639039785,99.1323433816433,88.8179764850065,0.00946171837638207,0.01,0.01
"390",5.80351718235761,24.956945120357,66.6018004529178,56.3682136824355,94.5666332263499,77.8161372989416,22.2795732319355,0.0256016839792094,0.01,0.01
"391",43.1508363690227,4.01297672651708,25.2214796375483,8.05163532495499,16.7748071020469,73.1955104973167,78.7201847415417,0.0108679681963346,0.01,0.01
"392",49.3070023600012,72.0778605667874,76.1640576878563,97.6583750452846,59.0791814262047,92.9598731687292,35.1064098766074,0.0457805940849665,0.01,0.01
"393",38.9123728498816,98.4258029377088,78.9681341731921,94.7751570027322,26.518104923889,57.1124756941572,68.4453148161992,0.0514785993803651,0.01,0.01
"394",59.8870508605614,11.8716442026198,41.1243377486244,74.27400322631,20.0593619607389,1.2341236229986,26.1891628848389,37.9602111530425,0.04,0.05
"395",9.11662701983005,83.3776987856254,98.2936370186508,48.0440651765093,38.9533775160089,89.4227075623348,48.9033999852836,0.024719882619881,0.01,0.01
"396",42.6263900706545,26.29458992742,2.46187672019005,31.3123035710305,88.274505129084,18.3834538096562,55.5778855923563,0.00626815587236935,0.01,0.01
"397",77.1387171233073,7.05998048651963,42.6527587929741,6.10115928575397,19.2479351302609,32.4597203405574,11.1125549068674,167.461613465088,0.01,0.01
"398",9.2138467123732,67.4633601447567,8.06143516674638,90.6416357494891,27.5841709692031,89.3208380788565,61.816015932709,0.0523554978186041,0.01,0.01
"399",78.7455322919413,65.6632402911782,1.42010720446706,59.083569329232,70.440792106092,6.98684249073267,37.1766380034387,0.0219666455574736,0.01,0.01
"400",78.1878948910162,10.4332180693746,63.2298574317247,19.9297104263678,91.9552116654813,59.5573545433581,75.051098014228,0.00284848640859197,0.01,0.01
"401",81.1180174583569,93.0271946592256,99.3326420662925,52.2027628496289,84.6737295156345,34.328036615625,90.8586342120543,0.00671053143460411,0.01,0.01
"402",31.2806418864056,9.47824732866138,35.7789305970073,24.8718047747388,41.4253381080925,86.8676050100476,21.4314482407644,0.191184548766707,0.01,0.01
"403",88.7549196602777,88.1931126583368,77.5033433921635,24.8100331053138,39.7300577489659,61.5072567481548,5.43518455233425,93.3034915119276,0.01,0.01
"404",79.3707576347515,78.8885558024049,98.8449786324054,58.6720529943705,52.563934866339,9.17861605994403,75.7290598237887,0.0145388635024294,0.01,0.01
"405",93.351004854776,88.6317410040647,16.3146513514221,49.4056804804131,71.3005589786917,38.9752033166587,55.1526698516682,0.0123396045224332,0.01,0.01
"406",95.3715733950958,6.11194386146963,49.6830868767574,7.32114324346185,87.3348186258227,69.7364295832813,69.2968523129821,0.00119185430154292,0.01,0.01
"407",2.41153256502002,3.36753048468381,50.4666164517403,98.1070763897151,96.828067000024,19.9719801079482,1.6419691266492,197.601840366787,0.01,0.01
"408",56.1531643150374,62.8961532143876,16.4391634752974,46.9595068600029,28.7183274747804,65.7031955663115,94.6158464299515,0.0171014419126412,0.01,0.01
"409",28.3054856350645,76.7028317786753,37.932695588097,8.1318729557097,11.2731433240697,79.8702562926337,75.43835057877,0.249716390506504,0.01,0.01
"410",7.69690934102982,3.41370820533484,28.0215980950743,14.1305706929415,12.9941934952512,93.4078664984554,86.4048896590248,0.0479104090765637,0.01,0.01
"411",82.8653449192643,99.1282081231475,63.9575977809727,76.8074916675687,27.5446244049817,93.1387312244624,78.5058930749074,0.0350724483839678,0.01,0.01
"412",29.1483677458018,61.2674977164716,3.4501378191635,93.3863715035841,56.820015842095,23.801881307736,55.5794552434236,0.0290471376860844,0.01,0.01
"413",79.3708572629839,18.5341776814312,20.0970801059157,81.5382077824324,15.1040594093502,9.96304587461054,30.5079902987927,33.1349218629632,0.01,0.01
"414",81.1023906106129,83.6676955921575,63.7901645153761,59.3402977101505,40.7471832819283,16.1698512267321,42.6392292836681,0.033418843038356,0.01,0.01
"415",15.0131243281066,31.2316109193489,79.1496101999655,0.185619411058724,8.46826755441725,61.8623025016859,9.69646268058568,498.410584565727,0.01,0.01
"416",96.9179371604696,21.6501106508076,74.8670542845502,23.9264448871836,11.3060341915116,78.3159661805257,54.1685124160722,2.80047280783333,0.01,0.01
"417",35.1930240401998,70.2721019741148,56.1402326216921,15.6731864437461,6.10062966588885,79.5469583477825,47.446842584759,63.8197071739622,0.01,0.01
"418",80.7221565861255,66.0487855318934,14.7582822013646,34.4266869360581,83.3373084198684,98.8520882558078,39.7381412796676,0.010140179833639,0.01,0.01
"419",88.3519768714905,52.7129526482895,9.43770778831095,71.3240396231413,60.3945875773206,69.7813352802768,97.0237314235419,0.0120475779876168,0.01,0.01
"420",46.3925493415445,71.3784517953172,23.6654867650941,66.043009608984,38.0262691294774,61.3153508864343,20.9333118284121,0.407361145252717,0.01,0.01
"421",14.3916398752481,19.6603186661378,20.5613266443834,0.894277030602098,62.2564004734159,11.5506281144917,73.0586627265438,0.000194193123218476,0.08,0.01
"422",72.7109062252566,3.95472806412727,95.0409313896671,11.5466922987252,25.606594234705,95.0419891858473,32.3804649058729,0.424788399599906,0.01,0.01
"423",52.0807433640584,41.1927098641172,2.00449302792549,54.5367913320661,43.5476737096906,63.6424696538597,85.4375415947288,0.0144882755431856,0.01,0.01
"424",0.137893133796751,75.7796548539773,57.7691384358332,87.7875218633562,0.842593051493168,22.4374543176964,24.1008214186877,809.176371799191,0.04,0.04
"425",99.8554049758241,55.8209283510223,34.8068746039644,54.2398334015161,88.0967354867607,53.6105354316533,96.8548300908878,0.00629144816031964,0.01,0.01
"426",52.8478587046266,49.5260079391301,91.9728769687936,54.6269819606096,74.7878151712939,17.6400593016297,14.364401367493,0.0729747704120486,0.01,0.01
"427",36.9423845084384,23.2821304118261,22.3259557504207,11.8034663842991,63.1156715331599,49.9637414235622,31.2479200772941,0.00580158944350919,0.01,0.01
"428",39.8122505517676,0.39960325229913,2.82120727933943,1.54861407354474,9.59565020166337,0.248415092937648,23.2689153635874,0.214304822647926,0.04,NA
"429",56.8611243739724,84.4303014921024,97.1330829197541,98.9514806075022,96.8150166096166,14.2669207649305,59.952455246821,0.0167608910045314,0.01,0.01
"430",26.2931416044012,1.93091321270913,66.0614813677967,83.5564042907208,63.9407102018595,87.0835371082649,64.3173796823248,0.0199774441062329,0.01,0.01
"431",55.1951678469777,55.3860714193434,70.9919091314077,89.3466909881681,48.512352979742,95.3692811075598,60.9358508838341,0.0297347871381312,0.01,0.01
"432",64.9173833429813,15.0191093795002,97.5169448647648,36.8275322951376,38.312347792089,68.1295077782124,46.0452676517889,0.0204564263456012,0.01,0.01
"433",52.5518258335069,22.1399178495631,78.4147109603509,86.5728595526889,15.2895349543542,90.9108762163669,17.1086254529655,79.0072559829084,0.01,0.01
"434",55.9921027161181,7.70786837674677,62.2633369406685,90.7069831155241,19.7135966271162,98.0245129205287,91.7266552569345,0.049639455284866,0.01,0.01
"435",40.3020268771797,63.8669524807483,22.1896062372252,34.2049408936873,8.22092387825251,92.4158097244799,69.7484714211896,3.8070056087472,0.01,0.01
"436",83.1438729306683,96.535151777789,40.8733106451109,27.3150025634095,25.9043936850503,66.5201378287748,95.1918630395085,0.0109618608364783,0.01,0.01
"437",56.2337587121874,76.2645652983338,2.26847373414785,38.9865546487272,75.7034216774628,1.91897933837026,45.4100493807346,0.0110810281817557,0.01,0.01
"438",44.1241858294234,43.2619601953775,49.0902450866997,0.502428831532598,68.8750487985089,31.2061722157523,71.7205267399549,0.000100296073287526,0.01,0.01
"439",39.2039359547198,66.3569507189095,91.2896013818681,41.161996149458,16.2433484103531,98.6416356172413,15.7541092485189,77.5958930388892,0.01,0.01
"440",49.7472242917866,41.2304112454876,53.231700649485,84.0661226306111,78.3335856627673,6.51914444752038,21.1580969393253,0.0487254972068396,0.01,0.01
"441",80.538765154779,35.3615845786408,18.4959542704746,36.7042660946026,75.5428207106888,14.6188236773014,29.068169509992,0.0161559586080295,0.01,0.01
"442",83.6632957449183,27.6363185839728,81.6210753284395,44.2103459965438,70.7703988766298,0.393405766226351,49.1177767049521,0.0382072346440094,0.01,NA
"443",7.5908498140052,89.0199877554551,72.3977085901424,15.8456251490861,3.81576085928828,98.9033829886466,94.7675389703363,31.5621689523112,0.01,0.01
"444",28.4159635193646,80.8325104881078,98.2611493673176,77.1134066861123,40.7148247119039,51.7649488989264,60.8569773612544,0.0306164802705511,0.01,0.01
"445",78.552334732376,14.7718314314261,92.3631750512868,42.4639978911728,55.5383366066962,41.8475243495777,17.2798191662878,0.120196926536957,0.01,0.01
"446",32.8550016274676,12.5408678548411,47.5404118420556,28.9904518052936,12.8055683802813,47.4023705115542,2.6305751176551,758.337346087413,0.01,0.01
"447",38.0428059725091,77.1349082933739,93.7678043264896,38.2506942143664,84.3274658545852,22.6582056842744,98.5972202615812,0.00455310835404516,0.01,0.01
"448",54.4654115336016,43.5776200843975,15.5841987580061,24.4219934102148,33.5867869667709,64.0003258828074,20.9019092842937,0.927320725036999,0.01,0.01
"449",72.26275682915,22.4734869087115,69.3712346954271,12.5846953364089,53.2747773686424,25.5887306062505,71.1742946179584,0.003271590492518,0.01,0.01
"450",75.3532057628036,91.0236516036093,51.758868386969,62.9298049490899,65.8663552021608,1.32500955369323,90.7316218363121,0.0103459043376608,0.01,0.01
"451",22.1301502780989,49.3148372508585,41.3979414617643,41.032459679991,61.2020800355822,74.0922713652253,85.1782080950215,0.00777938851600698,0.01,0.01
"452",70.4613545211032,58.0932103795931,21.6670143883675,30.8668799698353,29.1015208465979,0.470707658678293,23.0069402139634,0.189900621941401,0.02,NA
"453",98.0500803794712,55.9444436337799,74.3705985601991,94.6257513482124,75.7656527915969,80.0570788094774,41.8440756620839,0.0291485152096726,0.01,0.01
"454",86.2965843640268,73.4346977202222,46.1697633611038,47.6920154877007,91.9596814084798,46.7589835869148,82.6443658675998,0.0061998828062591,0.01,0.01
"455",75.6069014547393,71.8638130929321,25.5885167745873,33.9877831982449,67.6312250085175,42.9442140739411,49.1407762980089,0.0100223840188963,0.01,0.01
"456",67.1267090365291,24.2005833657458,29.3475656071678,31.9584445329383,47.8846600279212,75.6923162611201,28.0839570332319,0.024410058551944,0.01,0.01
"457",57.8832834027708,25.7944484474137,60.3813709458336,34.7582982853055,77.641202067025,1.22870348859578,62.7039344748482,12.7701977850671,0.01,NA
"458",59.166773292236,8.79100675228983,81.2544709770009,59.2429391806945,53.4588717855513,53.100959234871,16.5366035653278,0.240832325180612,0.01,0.01
"459",90.4613408958539,60.6850716751069,60.5650749057531,28.6438749637455,51.1460431152955,6.87416314613074,84.0521357255057,0.00658103414440529,0.01,0.01
"460",13.5003719944507,55.0893317675218,17.907446809113,5.39154824800789,4.34870377648622,4.48498267214745,80.323558836244,595.853583083433,0.01,0.01
"461",55.9596959268674,96.6068260837346,96.6870020143688,42.5075323088095,3.46198212355375,60.7224840437993,7.13843894191086,868.128731464612,0.01,0.01
"462",99.9005018267781,21.6468583093956,3.38206470478326,77.3938005091622,95.5140177160501,8.72100272681564,57.2685303166509,0.0138970862899653,0.01,0.01
"463",25.6095254328102,49.9517781892791,46.8026913469657,66.1159802926704,10.1635861909017,34.3552439007908,66.4430422475561,1.88623871220886,0.01,0.01
"464",58.1037621712312,88.9083008980379,54.6815966255963,93.4751375112683,78.4430658211932,35.9479451086372,46.0682841017842,0.0253152533496572,0.01,0.01
"465",51.7249980010092,32.4198873480782,78.884661430493,31.4403776545078,74.0990316495299,63.6173444567248,83.907857700251,0.00499638646276669,0.01,0.01
"466",72.8832199703902,6.44383211620152,78.3605909440666,90.02050308045,74.8051801230758,80.2507876418531,26.5360123012215,0.0436795950067181,0.01,0.01
"467",46.0942870238796,37.4943732749671,67.6920193014666,89.1270073363557,59.4633161788806,78.2384506193921,56.927077844739,0.0258727408254428,0.01,0.01
"468",9.20466110110283,56.9330030120909,38.4460699744523,20.6775732105598,69.6673189289868,78.8390217348933,47.5416723638773,0.00611483379457929,0.07,0.01
"469",55.9277791762725,98.9514155779034,29.3167281430215,94.8789150919765,0.196866970509291,44.2826961399987,48.9455507136881,894.643799150332,0.03,0.02
"470",12.5931460876018,56.7383953370154,99.1350108757615,90.8904907060787,66.0812127403915,5.04016219638288,27.6285516563803,0.0481585187387859,0.01,0.01
"471",40.96548052039,86.0805564559996,92.9914213484153,80.7363290106878,64.6539998939261,35.2379405871034,51.3326244894415,0.0238586880419368,0.01,0.01
"472",80.3579851286486,68.6477356590331,85.8398991636932,68.9964444609359,77.0430022850633,98.2416349463165,53.932165983133,0.0163020695313388,0.01,0.01
"473",57.9754080623388,83.4076496073976,70.81032700371,34.957117238082,9.68215533066541,20.3902932349592,60.2306910557672,5.19721327522829,0.01,0.01
"474",45.53364275489,3.58450522180647,2.47574157547206,83.617209806107,99.4427933124825,61.1917624482885,64.1503927530721,0.0128998725360963,0.01,0.01
"475",74.8950044857338,57.9466166207567,64.6231566555798,85.971403028816,34.7992595285177,63.2651026360691,99.7075425693765,0.0245301487112227,0.01,0.01
"476",40.3685213299468,82.5658736983314,72.8173288051039,73.5217036679387,95.4939101124182,57.8200159827247,23.0897676898167,0.0319581753957182,0.01,0.01
"477",84.0549720218405,73.0820420198143,54.5799970626831,58.4190617781132,79.8005449585617,35.7986806193367,27.8370619285852,0.0253840766398575,0.01,0.01
"478",86.0227876110002,40.706006414257,35.9358123503625,36.576141580008,6.2686582095921,55.0227911677212,95.5723932944238,3.40211635881336,0.01,0.01
"479",80.6238241493702,28.6270641721785,0.548519869334996,80.4593244101852,10.9440956963226,6.09786456916481,76.065884414129,2.20260230507579,0.01,0.01
"480",44.9910381343216,11.8389927782118,34.1370687587187,63.7990877265111,78.3440106082708,2.19603758305311,95.9312384249642,0.0082996512707405,0.01,0.01
"481",0.739950896240771,85.3469458408654,19.8149404488504,42.264283914119,21.4205812895671,32.9431026708335,47.607341920957,0.100394632879419,0.01,0.01
"482",75.5096473731101,39.8014140082523,22.6463146973401,57.6529620448127,31.4736584899947,44.3992293905467,87.9517826018855,0.0205922047144498,0.01,0.01
"483",78.8658300414681,44.0987892448902,82.175189233385,40.8723079133779,62.6524718012661,93.2835229905322,28.6982293240726,0.0219775721434585,0.01,0.01
"484",30.8771638665348,65.9887736896053,22.8058052482083,91.0177029669285,16.0444474080577,36.6837939945981,82.0582154206932,0.0712034503998311,0.01,0.01
"485",42.6439058268443,53.6705851554871,54.5731627149507,63.8802278554067,63.8368203304708,50.6008134223521,39.8103995714337,0.0245186148899737,0.01,0.01
"486",23.5230072634295,76.714081899263,48.9203121047467,83.3920006640255,65.2918450301513,0.952509907074273,86.0532957827672,0.0792053200709674,0.02,NA
"487",37.289288174361,82.5170159805566,73.5368107445538,98.0167968431488,11.9163219351321,3.96572328172624,24.1814445937052,258.32484941902,0.01,0.02
"488",72.8962579043582,72.6775193586946,13.4926062077284,27.8533291770145,39.4363418919966,70.8313169889152,64.6679241210222,0.0107554612054212,0.01,0.01
"489",36.161971767433,56.7167148692533,42.0736352913082,20.7963785389438,43.4209529077634,78.168367780745,3.1284396070987,192.649669781307,0.01,0.01
"490",21.237264550291,29.0069272741675,72.4747177446261,51.0067759780213,23.8304448779672,51.843483094126,23.1191861443222,4.98293266617719,0.01,0.01
"491",75.0888644251972,93.2510521495715,65.8138080965728,83.0338198458776,28.3266159472987,16.1393431713805,57.7380738221109,0.0500568538583818,0.01,0.01
"492",42.1388048212975,36.2035752972588,21.5838589007035,38.8547195354477,0.0719180097803473,63.7396838748828,59.3792149331421,952.302925980551,0.04,0.03
"493",94.6555936476216,30.6703183334321,10.5569273000583,20.0727105140686,24.8500717803836,75.2093933289871,4.25403129775077,315.205284115972,0.01,0.01
"494",9.68850082717836,78.0764933442697,96.6997591545805,41.2709975382313,45.4194298479706,11.4286199212074,11.4090098300949,11.7084525123377,0.01,0.01
"495",95.4103546682745,92.1032020356506,63.1165519822389,22.3087943624705,78.5075997933745,49.9011481879279,66.1147353006527,0.00423373289355512,0.01,0.01
"496",71.1695791222155,30.4441200802103,17.2552106203511,61.4464175188914,5.15505522489548,86.3943389151245,88.272747467272,13.1877403055631,0.01,0.01
"497",65.5546066118404,61.6890551522374,20.3553886152804,15.2654887875542,91.2693426478654,24.6722027426586,30.2408705931157,0.00535349647007161,0.01,0.01
"498",31.3728590728715,84.4566946849227,85.7266046106815,6.7471558926627,99.6522435219958,59.2945202253759,3.86345055885613,9.88628239611403,0.01,0.01
"499",75.0567269511521,88.7252026703209,43.1704862741753,70.9907551528886,50.9125367039815,29.0761225391179,10.784707730636,3.98486554114082,0.01,0.01
"500",31.3224182231352,50.0851495424286,54.1017816169187,50.3332123626024,58.8648956036195,14.808621047996,61.1131015699357,0.0137626790996215,0.01,0.01
"501",36.9634923990816,9.45503944531083,94.5325651904568,34.1567250899971,2.43068118579686,82.3706262279302,4.02574865147471,868.631284188452,0.02,0.02
"502",66.5926963323727,92.6518105668947,42.5820021890104,25.7214108947664,40.2285085991025,91.006526350975,14.1341324429959,2.80095024852147,0.01,0.01
"503",99.846905330196,27.561071398668,61.6972453892231,6.99672494083643,10.0831552874297,23.7661520484835,63.4267559740692,3.0444847626493,0.01,0.01
"504",11.8459397926927,83.6627198616043,76.8699823180214,57.1535833179951,15.8113488228992,73.4732269309461,58.9557363418862,0.165387948619523,0.01,0.01
"505",80.5778704583645,94.0319566521794,11.5671551087871,0.982612580992281,40.6939392676577,35.2733860025182,59.3592646531761,0.000400425665038742,0.25,0.01
"506",83.4443159168586,40.0439482415095,40.9190186066553,93.5061546508223,44.0352356061339,95.645112497732,20.9071666002274,0.183561948126869,0.01,0.01
"507",4.50783020351082,57.3407511226833,20.9378651576117,29.3677588226274,57.8437770716846,97.802505409345,58.8328407611698,0.00848530988592788,0.01,0.01
"508",40.2118000201881,68.2155091548339,35.5165712768212,62.3198611661792,98.8261922961101,20.3885968076065,60.3252197848633,0.010281400275657,0.01,0.01
"509",25.1031731721014,91.4267756277695,35.5062394402921,90.628788783215,85.5634424369782,31.5886743366718,81.3786438433453,0.0128569047062779,0.01,0.01
"510",20.6645547412336,99.2303461302072,74.5141752297059,21.8766542850062,30.7058676145971,41.2810942390934,41.3209285121411,0.020518303057086,0.01,0.01
"511",99.5964917121455,59.5886214170605,49.378352612257,90.869098319672,93.4973271563649,3.95887822378427,61.9054546114057,0.0154292261685456,0.01,0.01
"512",3.10976605396718,35.9668362885714,9.60678935516626,73.0948564596474,54.9005945911631,81.6929877270013,38.4805491194129,0.0337232633398157,0.01,0.01
"513",34.9083009408787,12.125430139713,38.7680283514783,85.2112222928554,20.7528334576637,45.4064340563491,80.1594386808574,0.0507182656872334,0.01,0.01
"514",8.50378249306232,87.3363647144288,19.9808822479099,46.5508173685521,11.8625859031454,12.948239245452,62.6549658365548,1.78601031963543,0.01,0.01
"515",45.8104866091162,8.84549426846206,72.2526492085308,72.869087010622,27.1576403174549,45.2458759071305,79.5985665405169,0.0332760590382409,0.01,0.01
"516",79.920363239944,55.7297447696328,38.7331394013017,91.8452588375658,21.031116694212,0.7835503667593,20.9563879529014,0.785782030182464,0.06,NA
"517",34.4397725537419,75.5291011417285,94.7366821346804,3.45408364664763,34.5516244880855,74.6308924630284,37.4400241300464,0.00499639608279197,0.01,0.01
"518",37.5532105565071,58.9956889860332,72.6272463332862,57.7259777346626,59.6760157728568,56.744223437272,28.6802845541388,0.0326216469258846,0.01,0.01
"519",31.2432221136987,52.4560229852796,10.3690915508196,4.87556988373399,50.4957507131621,85.3633312275633,3.4623485757038,122.280728080185,0.01,0.01
"520",28.5105044255033,69.8414273327217,83.1448657438159,51.2883897172287,36.2655210774392,19.0589085454121,77.218717802316,0.0180772055920037,0.01,0.01
"521",59.1336546698585,8.94950095098466,85.6090258806944,67.0413449872285,24.8341235332191,67.9862085729837,99.452595715411,0.0268636948368017,0.01,0.01
"522",9.18686292134225,82.3242956772447,37.8679858287796,32.7136032516137,37.1818350860849,58.6939878063276,84.2154729180038,0.0103245483433462,0.01,0.01
"523",50.8736688876525,50.9476688224822,89.2451553605497,1.38419361319393,35.4218805907294,50.0720610609278,67.7588041638955,0.000568377979591089,0.01,0.01
"524",67.852390720509,98.5594292636961,66.2902267184108,13.7071946868673,79.8189060064033,37.9661734448746,2.30362168513238,89.9928381003712,0.01,0.01
"525",1.48066987749189,35.7184364460409,83.1402631709352,27.3597357794642,59.8444650415331,68.7144657364115,78.90267027542,0.00572097588847872,0.01,0.01
"526",17.2120299190283,37.9401236539707,83.3132431143895,36.4572532009333,50.6281750276685,8.72988814953715,57.6327050803229,0.0122697416233673,0.01,0.01
"527",65.7421513693407,16.7882084380835,56.2828987371176,29.2188408086076,1.16327391006052,15.0909410323948,55.361654353328,511.740429934011,0.02,0.02
"528",34.4562302110717,68.5955934925005,33.4270385559648,87.4829476466402,91.5240824222565,86.5603723097593,48.0243244441226,0.0194968911313102,0.01,0.01
"529",86.5944617893547,68.4716264018789,46.5454519959167,60.805857158266,60.9895843081176,75.6820040289313,69.4478639634326,0.0141527090783839,0.02,0.01
"530",76.2742369202897,81.4040229422972,46.785326092504,49.4526688009501,38.3536973968148,26.766573661007,1.16511886008084,531.200990202973,0.01,0.01
"531",31.3231812557206,67.5492287846282,55.2819084841758,86.933144275099,4.50389527250081,12.9346816102043,12.225965433754,615.775185746983,0.02,0.02
"532",85.4033498559147,51.0180976940319,42.532308283262,36.4196863956749,13.0529919406399,47.9860701365396,14.5065409131348,170.514653513886,0.01,0.01
"533",19.4204105529934,90.6670974334702,75.9954579873011,42.8531985729933,49.0677535999566,24.6834821533412,23.6763850320131,0.046492447227131,0.01,0.01
"534",27.3638243321329,90.6730033457279,13.5510089807212,87.4346712138504,2.7721417369321,22.4754079245031,61.0827151220292,301.510312650364,0.01,0.01
"535",57.7887313906103,84.9678779719397,38.1997669814155,56.285108695738,32.9572703689337,74.7635894687846,66.7865786701441,0.0251940380431161,0.01,0.01
"536",19.235700299032,10.7290965272114,73.8141296431422,64.7095257649198,7.91106584947556,87.6767683774233,69.8043425101787,5.94003588373968,0.01,0.01
"537",22.0756553346291,36.4974732045084,82.2420749580488,48.172554327175,97.3580273566768,23.8890301669016,7.91515400633216,0.408690913392976,0.01,0.01
"538",70.9567877463996,7.13422396220267,48.3481184346601,43.7982364324853,3.02698479499668,75.5316077033058,0.362428743392229,897.568973008118,0.03,0.03
"539",17.5119495484978,98.033958254382,70.9546151338145,98.5092104412615,16.6535242227837,34.9498380441219,98.5164257697761,0.0595521384634446,0.01,0.01
"540",11.0707860207185,80.1620624959469,74.5449821464717,6.53940169140697,30.2259186282754,59.37078401912,54.4243079843,0.00398777010295333,0.01,0.01
"541",58.3323091734201,14.2992161214352,90.5220782617107,36.4443521015346,54.7396640526131,50.7123488001525,65.3069076826796,0.0100360874790585,0.01,0.01
"542",55.5703930323943,44.3822221131995,86.5333681926131,65.3481304645538,27.8744235169142,28.182314382866,56.4243856351823,0.04106350194585,0.01,0.01
"543",99.4757937733084,99.7135175392032,42.9482135921717,72.5919794756919,8.29983805306256,31.2795049976557,76.0659349616617,2.7039418134519,0.01,0.01
"544",86.7693378357217,34.6834084717557,66.4040720555931,14.4229571102187,8.42428223695606,75.5415067775175,15.146632026881,305.307895290566,0.01,0.01
"545",45.5830370774493,53.6312937038019,37.7499580616131,40.6800911296159,65.4285548254848,55.6387620978057,32.301270077005,0.0186700201433486,0.01,0.01
"546",10.3230704320595,77.9127954505384,75.440999516286,98.1653074733913,94.5178617024794,62.7001603366807,19.2298202076927,0.0513440671647108,0.01,0.01
"547",65.4805145226419,54.8233793582767,11.1494541633874,7.8126372769475,34.0813242131844,99.0474819904193,72.8139117592946,0.00310667350924182,0.16,0.01
"548",9.44220807868987,46.5981339802966,64.6700246725231,17.3288837075233,77.002933784388,52.7281695976853,13.6456266278401,0.0359143177918531,0.01,0.01
"549",87.3824680224061,79.599779821001,57.224796526134,45.07302462589,17.5220996839926,19.1738118417561,47.9726006044075,0.440240445263871,0.01,0.01
"550",59.2104493174702,43.1472272612154,89.8497933521867,75.2330555580556,65.8538596238941,0.8523631375283,71.8964348081499,0.0799721607046105,0.01,NA
"551",38.3311400888488,76.788722909987,61.9092493318021,10.3076338069513,20.3575284453109,99.1290615871549,52.5269298348576,0.0335274066678373,0.01,0.01
"552",64.3034627195448,59.7328112693503,53.242575423792,75.4126613028347,35.9952705446631,52.460846840404,39.3730170326307,0.0526595689295124,0.01,0.01
"553",67.038453114219,24.8739569447935,23.437929386273,85.9069445636123,60.3133909404278,4.60291791241616,96.1856891633943,0.0146381722240058,0.01,0.01
"554",46.8121501384303,90.3563086874783,12.1560161700472,73.2724284054711,1.01663053501397,73.5099987825379,82.395489118062,502.69803863863,0.01,0.01
"555",96.1568505736068,25.88595028501,65.9805268980563,30.8091966435313,82.9738592961803,27.7332219760865,12.2737252619117,0.0623223356118355,0.01,0.01
"556",27.5672310963273,56.7457468248904,19.5231991121545,29.985309834592,49.3274207226932,49.6775062056258,73.0802623089403,0.00820547511352203,0.01,0.01
"557",16.4472556905821,30.7426497573033,71.7660462018102,61.3996000029147,16.6063698008657,63.1806408287957,71.2441821815446,0.0615589609752805,0.01,0.01
"558",4.09892790485173,37.5023236963898,33.969096117653,88.2858880329877,75.302447215654,1.02374751586467,60.8118156669661,0.152312638163894,0.03,NA
"559",77.7459995821118,57.1953463833779,75.0408873427659,79.1162291774526,64.1383068170398,48.2565802987665,16.8709234334528,0.0850913058081854,0.01,0.01
"560",79.7297941986471,2.85113931167871,38.2867736043409,35.8550199773163,21.3563637109473,22.7003480773419,60.9280561329797,0.0457901415587163,0.01,0.01
"561",39.1369072487578,75.2837115433067,3.01742777228355,39.6037014666945,81.8517208797857,92.3243273049593,62.8031155792996,0.00758335056726625,0.01,0.01
"562",41.1874883808196,74.5236210525036,2.76432156097144,29.9420573981479,65.1683148229495,34.9651287309825,38.7903286842629,0.0115467097158096,0.02,0.01
"563",59.170835535042,25.418416922912,29.9351771827787,33.2711099646986,51.5212923521176,63.4620923083276,60.101819341071,0.0105681910493967,0.01,0.01
"564",97.4616042571142,82.4673875700682,3.7556319264695,40.6475122319534,75.8437993936241,58.4727715235204,7.05236636567861,2.92436551113685,0.01,0.01
"565",15.3410241939127,85.4067931650206,13.7601567897946,83.0597964115441,74.6888638241217,88.0866176448762,82.6546372845769,0.0132934590548414,0.01,0.01
"566",28.2113484106958,46.1349632591009,67.6197339780629,7.97924913931638,31.1637563863769,91.5744167519733,73.0548482853919,0.00345762549537058,0.01,0.01
"567",98.1776839122176,62.4602373223752,99.3291995022446,35.0867842556909,59.310466516763,98.6919917399064,5.34276566468179,27.1611212374661,0.01,0.01
"568",31.2377381836995,4.12405142560601,89.3950408790261,15.1593203889206,5.68688989151269,33.9784246869385,16.8976938584819,599.121057679447,0.01,0.01
"569",58.1503289286047,45.9160153986886,21.025152830407,14.7203050553799,4.94597691576928,80.7139398995787,11.1526113236323,626.508683551776,0.01,0.01
"570",35.9138820320368,17.6938123768196,58.5025559412315,80.3567788796499,72.2850617486984,6.10280409455299,11.0876654274762,2.07373170313205,0.01,0.01
"571",59.5370575785637,98.81033427082,27.1784651093185,31.8394735688344,13.8667854247615,44.4377608830109,62.9016587277874,0.243599770418194,0.01,0.01
"572",71.0009754169732,90.8742912346497,18.3890355983749,47.796256840229,29.2173642665148,21.227573021315,60.3639340260997,0.0266943014170647,0.01,0.01
"573",32.2073798626661,65.3692160965875,69.0456555923447,59.9303525872529,90.6538346083835,84.8879542667419,64.9764608126134,0.0100195121133721,0.01,0.01
"574",17.169454228133,67.483354662545,39.8858410306275,3.17430999130011,74.1683136438951,91.432438371703,5.7039073901251,8.45753352905678,0.01,0.01
"575",79.3638511328027,37.7260133158416,91.9857998611405,94.1037743352354,68.6333748977631,54.7902459511533,36.0672428272665,0.0369829677645089,0.01,0.01
"576",25.2254914725199,76.8074057297781,67.6740697585046,20.5455056624487,11.2985464511439,35.5509659741074,34.4240305246785,27.5751002989996,0.01,0.01
"577",32.6268375618383,41.2748876260594,67.5697915954515,0.82947788760066,26.74283713568,7.62974577955902,62.7020966960117,0.000875027554387083,0.01,0.01
"578",41.2728999042884,83.6716954829171,69.2996996454895,51.4510642271489,74.5510262669995,70.623388630338,30.3113285452127,0.0220406309819413,0.01,0.01
"579",1.86744779348373,2.18792089726776,91.4173600729555,68.7737068161368,62.9532480612397,60.0079283583909,21.6137445997447,0.0534342135103971,0.01,0.01
"580",92.4279984785244,2.41071842610836,67.4846036359668,94.6145465131849,81.9931037724018,85.5030594626442,0.916128372773528,255.584341502078,0.01,0.01
"581",80.9453521622345,7.12543313857168,94.05488059856,3.93947497941554,25.7622768403962,25.9870729176328,77.177572902292,0.00196440396523383,0.01,0.01
"582",32.4592471821234,6.64765255060047,10.5575216701254,34.2304683057591,26.5494453487918,29.8223912715912,59.9461576202884,0.0216262361341934,0.01,0.01
"583",52.8649985091761,95.1347435824573,57.0307618938386,77.3959736339748,70.0642332201824,96.0486118448898,22.6514972746372,0.0467883407649829,0.01,0.01
"584",83.7823909008875,25.6619123276323,12.0622608577833,43.8109030015767,64.0068714274094,42.6414607325569,87.8850786248222,0.00770007344764487,0.01,0.01
"585",19.2007589619607,78.4831266384572,75.0723574776202,43.2727708248422,31.8834973033518,30.722499685362,92.2795691527426,0.0145486569312454,0.01,0.01
"586",26.5244857175276,30.4069506935775,47.4035772727802,1.64578598923981,37.8679940244183,85.9506152803078,65.835320414044,0.000650267239962687,0.01,0.01
"587",18.9486901042983,85.9411241021007,65.2053808793426,42.4922638339922,69.6001047501341,36.8220612406731,12.2091551078483,0.208509073686867,0.01,0.01
"588",82.587227365002,37.125403736718,61.6948307491839,28.8051215698943,92.2959262272343,47.7683505276218,76.6348058590665,0.00401939822913893,0.01,0.01
"589",29.075904446654,57.7026753220707,30.6918304180726,38.0117117194459,86.3355287350714,29.0614558150992,94.2451737355441,0.00462213088386521,0.01,0.01
"590",20.5296345986426,26.2511971173808,17.0230728108436,86.4956041797996,65.5171687481925,92.0080027775839,14.7967760683969,0.130934273265784,0.01,0.01
"591",99.1024308372289,45.2399497851729,79.1163473390043,77.9099610168487,79.6347324037924,85.0017189281061,12.7229114063084,0.0956265931780229,0.01,0.01
"592",98.5614288598299,73.1934808194637,6.24883680138737,0.437215971760452,23.1588385999203,51.4150015311316,91.5757576236501,0.00020509445233475,0.01,0.01
"593",9.01317941024899,97.2315565450117,39.9454867234454,82.2999165393412,70.6254925346002,33.2125422311947,83.0962714971974,0.0138560221705524,0.01,0.01
"594",6.13173833116889,50.8558236062527,90.1402468793094,50.6365315057337,51.8865431193262,72.8420895524323,58.9106011670083,0.0162879711476191,0.01,0.01
"595",79.1376224951819,38.0325336707756,94.8305240133777,48.2606438687071,79.329810407944,5.23910208139569,99.5821340940893,0.0060321776978515,0.01,0.01
"596",50.7230731425807,74.4040193734691,35.0846311543137,43.1236841250211,76.5957059338689,87.1504551265389,71.4585359208286,0.00776984830219338,0.01,0.01
"597",79.8311652848497,40.029219747521,95.1667171437293,45.2958003850654,90.3493825346231,33.2786025479436,67.1229070750996,0.00735670576055685,0.01,0.01
"598",51.6989041585475,60.2712017949671,65.1750771794468,37.0132114971057,82.706987648271,29.7251306241378,33.4771038033068,0.0129780711472599,0.01,0.01
"599",29.9356731353328,88.2844038307667,71.4697960531339,18.616625177674,40.4242591233924,81.9985697744414,34.8529525334015,0.013542709260663,0.01,0.01
"600",92.9152236320078,8.76080316957086,70.0844441307709,4.16242894716561,42.3477998701856,60.259523941204,92.7273937035352,0.00104826053769126,0.01,0.01
"601",13.4895900031552,93.460975238122,24.643386551179,47.5046054227278,3.08334671426564,15.8484353451058,84.8792576463893,159.47941156655,0.01,0.01
"602",39.4351320341229,46.1032749619335,44.1467229509726,28.188280807808,92.7819419885054,0.435099541209638,60.6175365624949,0.0120560371173727,0.01,NA
"603",30.1924938336015,68.2166565908119,82.6656186254695,3.10242243576795,31.0813976684585,95.5698365112767,73.8868063082919,0.00133311610775544,0.03,0.01
"604",73.0848245089874,87.8841499798,37.3790791025385,32.4117080308497,86.9329580804333,22.7610436500981,22.9026063811034,0.015598526847918,0.01,0.01
"605",72.193486825563,50.1340839779004,46.5378920780495,18.7212707009166,37.945681810379,35.1278555579484,22.8597866138443,0.215549201757711,0.01,0.01
"606",74.5597963919863,69.9651729781181,79.8341803019866,33.3933762507513,58.7832322809845,53.6939876619726,3.98373422212899,66.0022430827526,0.01,0.01
"607",93.9328365260735,44.0279303118587,36.6866456810385,18.4969552559778,59.9385119508952,29.908379749395,48.3951699919999,0.00624688581396639,0.01,0.01
"608",48.2973253820091,65.7042657956481,1.78621069062501,97.3788513336331,82.3874397901818,64.5504146348685,33.5193710867316,0.0342399750483971,0.01,0.01
"609",49.9144295696169,72.9803724447265,41.0247712163255,23.228795081377,44.5751480059698,31.1621165834367,62.9387941909954,0.0081497755184203,0.01,0.01
"610",89.0359326032922,41.5091143222526,96.6039522551,28.1417231075466,19.6820658864453,63.0917414790019,80.7497745379806,0.0176540857950897,0.01,0.01
"611",51.9309024559334,30.3307056892663,64.1052127815783,47.7612446527928,91.5221902308986,84.6577947493643,95.2450257260352,0.00542151609853071,0.01,0.01
"612",16.0000814357772,62.5359586672857,50.4921831656247,85.9273107722402,93.1083546252921,84.1344043146819,31.802292726934,0.0281332122619502,0.01,0.01
"613",32.1675293846056,3.68332248181105,11.8342706700787,28.0019777128473,2.57720234803855,43.65688492544,46.1697387741879,484.111120583431,0.01,0.01
"614",47.9032795643434,12.7127312356606,30.8116843691096,84.5041343010962,30.0442100968212,91.7751423083246,75.0668298453093,0.0369739906742947,0.01,0.01
"615",39.2329953145236,64.6717350464314,8.09969981200993,37.3283843975514,78.592801745981,45.9842688869685,51.4934188919142,0.00904773403421332,0.01,0.01
"616",26.8188290065154,78.5356136038899,31.445798324421,35.4677023366094,5.2122499095276,86.2316947430372,69.153747218661,31.7532527737855,0.01,0.01
"617",73.0800925288349,97.9772719554603,60.6514444341883,29.9274285556749,89.9286767700687,93.0874206358567,3.37458210997283,22.5016219882575,0.01,0.01
"618",9.50424100738019,32.7808336587623,20.8323065191507,92.5851296866313,66.9053422752768,33.8802214246243,35.3867311263457,0.0380275506204787,0.01,0.01
"619",7.87235083989799,41.5876571787521,8.63395142368972,69.2203958518803,5.58180836960673,8.08747666887939,0.977612403221428,495.695481664147,0.11,0.11
"620",0.849004229530692,94.3150465143844,85.9340106369928,41.1792376078665,28.6474634893239,97.2830542596057,14.1811918932945,16.2530259327217,0.01,0.01
"621",44.4521614583209,10.2480122586712,72.7412025909871,11.7962406948209,43.0416190996766,83.7752853753045,41.9462266843766,0.00640150465830491,0.01,0.01
"622",38.4975277818739,84.1758912429214,92.0858318218961,94.5260233944282,54.876195685938,41.1412651184946,58.0280101625249,0.0291786323214437,0.01,0.01
"623",46.9605756457895,75.7468022173271,4.75865302141756,70.5455483868718,61.7316445102915,4.57702924031764,14.9862124584615,0.935560434506594,0.01,0.01
"624",41.3415849441662,25.2519100438803,89.7629010956734,19.3779349559918,44.7969757020473,91.91107400693,11.0125748207793,6.11866213561914,0.01,0.01
"625",36.983689875342,67.9560746997595,38.4877901757136,48.301194421947,31.4629099797457,3.10433872509748,11.9932409841567,185.691979611641,0.01,0.02
"626",62.9866447998211,12.9505925578997,98.217519139871,0.761724845506251,56.6900703823194,80.0505391089246,36.9357254356146,0.000355075372971054,0.01,0.01
"627",51.4256329275668,7.47321522794664,43.8614530023187,10.3922711918131,44.6211672853678,75.00485626515,27.1539960755035,0.0159802317300811,0.01,0.01
"628",32.112023094669,88.2548075402156,55.788482981734,34.2536844080314,70.0742381857708,64.8098758189008,72.8325526695698,0.00662040155213187,0.01,0.01
"629",40.3438406065106,17.016539722681,1.43075252417475,52.6817258680239,88.8063479214907,25.8186456980184,26.9236293388531,0.0212396711511481,0.01,0.01
"630",88.9374584425241,61.7802896536887,22.4342856090516,92.0295513467863,94.2971536424011,40.842252667062,89.0537776285782,0.0108367983007955,0.01,0.01
"631",36.3266052678227,24.4416036875919,65.3614105889574,62.4450131319463,0.675061042420566,84.0593401808292,28.2348430017009,928.623928141167,0.01,0.01
"632",10.8120353892446,87.2969700722024,0.905013387091458,15.5313158640638,57.1348716039211,29.9790437100455,55.0558217335492,0.00484943535372247,0.01,0.01
"633",81.6736585693434,81.3161244848743,73.091909638606,12.4191000824794,93.5382992960513,6.59900030586869,80.0130387302488,0.00163764616481624,0.01,0.01
"634",10.4619080899283,58.1619214499369,24.8925063060597,28.329747566022,32.7842706348747,91.716624982655,31.6472273785621,0.0574736539738326,0.01,0.01
"635",21.1739290505648,60.9780419385061,16.4875259622931,1.01516477297992,19.10512202885,58.5274116136134,2.60489918291569,583.825852942536,0.01,0.01
"636",18.3529999107122,67.6475832005963,20.4204415436834,71.1194312432781,84.6666837576777,66.7849051533267,26.9459508592263,0.030057169027267,0.01,0.01
"637",65.590018988587,84.8891068715602,55.9930422808975,35.759958717972,61.5459672641009,36.5870126523077,87.643820582889,0.00655419469338126,0.01,0.01
"638",6.05206983163953,36.1219979589805,61.0646851593629,85.4464231524616,17.7055266220123,66.3797629065812,87.6972053665668,0.0546756199300373,0.01,0.01
"639",23.0123858898878,6.24887302983552,11.375290248543,93.2773741427809,2.7515392517671,57.9326376551762,0.516973342746496,858.865548609785,0.05,0.04
"640",53.8036433281377,65.9848287934437,25.977202411741,50.8010626304895,25.170038966462,12.7984027378261,63.2241764338687,0.0317658938035745,0.01,0.01
"641",67.0834382763132,95.992898219265,96.7889931052923,85.9775751596317,92.4391404725611,97.657142393291,52.1459980867803,0.0174999331415176,0.01,0.01
"642",13.7661959044635,63.6478011263534,4.0158785879612,88.5317103704438,21.1940374225378,67.6721091615036,72.9819684987888,0.0567027657174856,0.01,0.01
"643",24.1751947207376,69.303735694848,89.1426837537438,18.1988167576492,1.97851420380175,52.8089799219742,96.3604561518878,189.818909902796,0.01,0.01
"644",56.4603937091306,76.1676887515932,82.3772944742814,26.7476900713518,80.2388072712347,88.3616979699582,35.0853345356882,0.00923732766721446,0.01,0.01
"645",59.5752914668992,74.333051382564,70.8648503525183,69.3197079002857,36.4357934566215,72.7192182326689,75.3482806263492,0.0249180181497504,0.01,0.01
"646",35.5197122087702,12.3863235116005,28.4206736134365,45.6780350534245,2.28142987471074,81.1672113835812,14.8049529176205,810.486428694784,0.01,0.01
"647",10.3782527148724,15.1112118270248,76.7188827740029,96.4874035911635,43.7311201356351,82.515354338102,49.000720330514,0.0441193414436201,0.01,0.01
"648",91.2671980448067,42.6307920832187,77.4851298891008,18.5807337751612,44.710758025758,49.7466526459903,24.7163932304829,0.0322051224474774,0.01,0.01
"649",29.0356725919992,69.3668612046167,22.722627595067,26.1539334431291,77.1156958304346,99.132007593289,37.3357812641189,0.00884667680968352,0.01,0.01
"650",54.0189905790612,27.3730326909572,77.6273214723915,28.9940415183082,18.2192706968635,54.3601955287158,63.4854995645583,0.0382638543411889,0.01,0.01
"651",4.49043104890734,16.583485645242,67.9012103704736,79.8379618674517,76.2692861957476,87.8657697699964,86.3634936744347,0.011979696817096,0.01,0.01
"652",20.4749128315598,61.8513905908912,47.2726016072556,2.49473170842975,98.3371651731431,4.68865490984172,60.6551519362256,0.0004110385853572,0.01,0.01
"653",57.2802884271368,11.019992060028,4.31474829092622,3.91903601121157,97.0388259971514,97.8758163983002,1.27131368499249,127.945580023852,0.01,0.01
"654",16.0973916994408,33.1103306263685,67.345532681793,80.9960439568385,75.0018710503355,72.6526680868119,43.1328925536945,0.0244669428873341,0.01,0.01
"655",80.7191548170522,18.6168025946245,93.7117638066411,91.1859601736069,77.954921987839,79.9253390636295,48.7574289087206,0.0235020152632811,0.01,0.01
"656",58.2831857493147,87.951940135099,62.4221381964162,19.7370910318568,22.2046619281173,31.0667503625154,15.725869894959,36.4077092328391,0.01,0.01
"657",2.43884967640042,43.0926648434252,82.7929964289069,74.8538623563945,98.5500792041421,87.5801597023383,53.9100586436689,0.0138311542964145,0.01,0.01
"658",70.654950896278,44.043884659186,68.373997695744,53.769843862392,27.2950638784096,58.1912199733779,50.7618900388479,0.0392201976113004,0.01,0.01
"659",24.7780435485765,17.3780132085085,67.7419135114178,21.5891803847626,35.4064110200852,86.5075445268303,19.7622583480552,0.995591789299002,0.01,0.01
"660",71.0874647600576,28.7670931313187,48.3648140681908,96.4513410814106,36.4923414541408,50.2024543937296,43.3511793147773,0.0597623787259829,0.01,0.01
"661",94.6477517252788,2.81129574868828,69.4743972970173,60.6243936112151,86.0016567632556,53.2901833066717,90.5381495598704,0.00768475976486697,0.01,0.01
"662",40.226675150916,19.5264245616272,30.4126949282363,69.0838435664773,45.7711978815496,37.7042406937107,33.1922684097663,0.044519937776937,0.01,0.01
"663",6.70079865958542,88.4248122572899,91.2206049542874,66.535881231539,29.6068869298324,21.526551572606,43.8609966309741,0.0542016793378687,0.01,0.01
"664",0.812403322197497,20.7506065256894,40.2832196326926,52.5381214451045,46.8121284618974,91.1427779123187,35.1320605957881,0.0311493193883324,0.01,0.01
"665",96.9492542790249,21.2005549576133,76.6350050689653,64.6609175484627,39.3994149984792,79.0205424418673,1.94050851278007,355.637044137223,0.01,0.01
"666",57.7298377407715,40.9285767702386,14.7261822596192,59.6103195799515,1.95039040409029,26.9185548182577,94.5525918854401,243.287830220564,0.01,0.01
"667",36.116601456888,85.3499436983839,0.365378032438457,51.4313660329208,32.2324834996834,29.946721252054,47.7053461130708,0.0330509445157868,0.01,0.01
"668",65.6576965004206,10.0158033892512,27.1117573603988,67.4308884190395,71.0832268698141,41.6095792548731,50.7122698239982,0.0183383982166683,0.01,0.01
"669",14.6292014513165,8.10251790098846,93.2126817526296,86.3470821874216,89.5375111838803,62.2005914337933,64.9054379435256,0.0146194036896903,0.01,0.01
"670",53.9513041265309,12.7519340952858,37.0569665450603,80.5200046859682,25.6331666139886,12.9938442492858,88.4494377998635,0.035098884307842,0.01,0.01
"671",99.0169231547043,20.9354893071577,67.1103282365948,44.4980129599571,47.3731462145224,79.6634107129648,84.1791371814907,0.0110259795311769,0.01,0.01
"672",74.0288054803386,81.7750320537016,42.1035744715482,57.7043514465913,43.6567214783281,45.9739052923396,56.1242864700034,0.023137830125412,0.01,0.01
"673",11.1875275615603,66.7763822712004,26.3226783135906,46.5779652819037,72.7640741504729,43.1801852537319,45.9516494302079,0.0136329902664427,0.01,0.01
"674",24.1431094007567,98.0113046243787,98.5355628188699,98.6909258877859,90.8718134975061,43.9231656724587,51.3177358778194,0.0207562564828155,0.01,0.01
"675",59.1037686448544,82.1780332829803,16.826873505488,2.17704905662686,96.9940806506202,43.4730601496994,12.536233663559,0.00471721217191983,0.01,0.01
"676",23.8836607662961,10.8896826859564,88.5628642980009,27.0362091017887,22.1370581071824,19.519999762997,5.16116409562528,466.46025429424,0.01,0.01
"677",48.1566857313737,58.7783294264227,18.2165679754689,18.7197345076129,17.0351660111919,49.3151423288509,77.3884103167802,0.0165693222526646,0.01,0.01
"678",39.197910646908,33.3490285789594,20.6705556251109,98.0004519224167,1.20320678688586,77.9821232426912,17.8362862206995,906.339976154343,0.01,0.01
"679",71.4093217393383,31.6843703156337,42.1603817027062,61.4498516079038,53.2970239175484,85.2875068318099,4.47645334061235,65.0771774989882,0.01,0.01
"680",23.3904435997829,0.942512252368033,99.9864441808313,14.8011547280475,78.2114829402417,14.355906820856,80.7768817991018,0.00223665539656828,0.01,NA
"681",49.9782992759719,32.1290496038273,2.51919589936733,9.09535705577582,30.3851463831961,51.2456419644877,67.5866875099018,0.00436613352082081,0.01,0.01
"682",22.0086290268227,59.594411496073,7.13544255122542,64.1019946662709,44.1152813378721,96.4064158964902,19.7951419278979,0.206098713482061,0.01,0.01
"683",43.1466196430847,16.4830318652093,16.7572146980092,20.0112290447578,84.2876851325855,1.17297663819045,24.1090526804328,9.36148293040906,0.02,NA
"684",80.0174751784652,1.67542600538582,59.9478381918743,14.8659214377403,59.7601382993162,30.636383430101,34.1081574792042,0.00707896725054817,0.01,0.01
"685",54.4029242359102,49.0702623268589,35.3280680254102,45.2726854709908,10.354635049589,53.9208295289427,84.862397890538,0.25687657244586,0.01,0.01
"686",71.1404094938189,47.5805441383272,49.341685581021,82.4021190404892,95.9205866325647,7.39459386095405,70.657674362883,0.0119790546423653,0.01,0.01
"687",73.4450640622526,89.3899298971519,55.340262176469,81.5891015110537,72.9789897101,54.6211326494813,58.4167377091944,0.018815034132094,0.01,0.01
"688",86.3427881617099,75.8310420438647,17.1190796885639,17.7578132133931,95.8739186637104,27.938711992465,22.7554985089228,0.00779676503845756,0.01,0.01
"689",63.2775992387906,62.7474947599694,89.9525391869247,52.7682444546372,43.2899191742763,93.1977286702022,78.6724992096424,0.01529878652133,0.01,0.01
"690",44.4016477791592,97.9251148412004,26.0555648012087,28.5264719510451,60.3580374270678,60.1842554286122,84.5143389888108,0.00552667057206296,0.01,0.01
"691",86.3568297587335,33.6217049974948,94.2398279206827,34.8878206685185,38.5382755892351,89.9512666510418,11.1112669110298,11.8943044537312,0.01,0.01
"692",65.5312630115077,33.1583321560174,41.227473388426,17.4756060121581,21.6446803649887,15.2599456720054,4.372473154217,542.717124523213,0.01,0.01
"693",38.0189476767555,69.3984001176432,80.0191544461995,1.69216254726052,46.7817998956889,54.6411264454946,50.6513927830383,0.000700402768008587,0.01,0.01
"694",96.6723183635622,29.3308255029842,71.7986947391182,17.8695501759648,67.3653120873496,89.6192628657445,64.5827692234889,0.004044282086578,0.01,0.01
"695",48.5457747941837,28.7769190734252,39.9389463011175,66.1570154363289,5.42725336272269,93.1046654004604,60.4382971068844,45.1138042779692,0.01,0.01
"696",36.2795927096158,64.6245775511488,76.6507052117959,5.27945605572313,94.656753144227,15.1773191057146,12.7906115725636,0.0100414913398315,0.01,0.01
"697",28.2514985650778,97.176513611339,45.7078004488721,10.9856483060867,14.3259187461808,40.6711012357846,54.6564104501158,0.537902908876913,0.01,0.01
"698",85.8691087691113,92.8437747294083,92.2019953839481,7.13024153374135,43.8008808996528,1.10012157820165,35.2253700839356,10.3673877319991,0.02,0.03
"699",88.9332518680021,56.7468737950549,30.2304908400401,18.4184310724959,97.4539382150397,70.2941874740645,31.8379971664399,0.00575516056151978,0.01,0.01
"700",76.4852894935757,27.7486175531521,36.2633603159338,35.1526363752782,5.13070272281766,33.6533506400883,19.7342539206147,477.952752820844,0.01,0.01
"701",40.5162934446707,91.8221053667367,24.2955819703639,18.8554466934875,91.9307290809229,9.92487934418023,63.023502449505,0.00320309310696052,0.01,0.01
"702",12.3221798567101,98.5518489032984,60.5825638631359,23.7269305624068,66.9018477667123,86.4611115306616,69.3584762047976,0.00504052403323964,0.01,0.01
"703",40.4863772448152,36.4653527503833,80.4485850501806,13.4485903661698,53.244148963131,49.8168712481856,70.1509508071467,0.00354939113654306,0.01,0.01
"704",97.1816334873438,51.6038382425904,70.4021735815331,87.6628863625228,96.6512405779213,8.83373632095754,85.4894206626341,0.0104782050870818,0.01,0.01
"705",67.7099565044045,59.6715827705339,99.6492382138968,57.2932315291837,49.3939344072714,79.9186672316864,86.9895286625251,0.0131815100373414,0.01,0.01
"706",99.4802474975586,56.8322007078677,73.4224834479392,40.3581964317709,80.8377619134262,51.1972932843491,9.65729583986104,0.303402148864738,0.01,0.01
"707",15.0287247961387,96.6484410688281,79.9879543716088,85.7264671707526,76.7610168550164,97.4541491130367,96.2620540522039,0.0114819312840956,0.01,0.01
"708",20.530073158443,35.6037385994568,40.2696437435225,36.9875696022063,0.251878821291029,31.6976444097236,35.3381030494347,912.427887483466,0.04,0.04
"709",87.3243652516976,18.1654885178432,25.8780812844634,40.6480759847909,7.7945314347744,69.7037367848679,48.7838199362159,28.6323218820275,0.01,0.01
"710",61.9638246484101,95.908585190773,38.4297446580604,65.7919810386375,57.051942567341,97.8205852210522,25.2103818580508,0.044413484223637,0.01,0.01
"711",75.4321767482907,84.2930239159614,52.7933680452406,24.2477275431156,65.2858467539772,45.7884039264172,64.9279137142003,0.00563327001399317,0.01,0.01
"712",40.9989842912182,88.1252109771594,5.77391034457833,40.1557736797258,76.2949002208188,63.1637236801907,86.7879665689543,0.00599544777286853,0.01,0.01
"713",24.7571605024859,81.7632152000442,3.92568013630807,18.2726831873879,89.2252738354728,20.2365400735289,37.7377864671871,0.00528629417109674,0.02,0.01
"714",41.4061499759555,22.2401615930721,92.1301406342536,11.9741508271545,52.7142214588821,81.7344319541007,98.7138010328636,0.00227759360132141,0.01,0.01
"715",57.344741281122,35.2060080738738,68.958125798963,73.4681034693494,54.2282687267289,67.1953356359154,66.2505127023906,0.0201434146962588,0.01,0.01
"716",64.6828986005858,55.2046973491088,1.43693720456213,14.6214886568487,28.093229024671,81.6500635584816,19.5358572993428,3.9996806441443,0.01,0.01
"717",17.6372496411204,83.7078293086961,18.9431173028424,31.976316915825,75.8387284819037,30.4747614311054,4.94382518809289,16.7550795022085,0.01,0.01
"718",36.4167322870344,16.8642588425428,99.2956625996158,36.3820122089237,36.391294375062,28.795611159876,89.7084083640948,0.0110136941583445,0.01,0.01
"719",86.0690700123087,38.5306535288692,60.6685529928654,42.216561618261,32.4299118714407,23.1490105390549,38.6445680633187,0.0387986305909132,0.01,0.01
"720",25.5754145793617,29.1412692982703,31.4780126558617,0.603904528543353,86.9060032069683,38.9180198311806,66.5098275523633,0.000103274775947224,0.1,0.01
"721",62.2176728677005,55.5518573150039,23.1681908480823,17.6015881821513,12.6737843733281,0.473545375280082,59.6252795308828,0.153543195948337,0.03,NA
"722",29.0842963848263,13.4640167932957,3.64635440055281,18.2943858671933,57.2558620013297,49.3170637171715,95.202906569466,0.00332097736484022,0.01,0.01
"723",86.2856903113425,84.121923847124,94.3000301718712,66.3817914901301,67.3651280812919,60.0594319403172,86.1912447027862,0.0113007093906378,0.01,0.01
"724",5.10373981669545,99.1382332984358,21.6373111819848,57.4874809477478,61.34081275668,35.2858032099903,64.1318116802722,0.0143885512498157,0.01,0.01
"725",13.3915163809434,78.9960993686691,62.6040299190208,25.9567856322974,31.8060468416661,86.007600557059,21.267672884278,1.11991668762593,0.01,0.01
"726",88.7943689478561,79.1459208820015,16.5542353177443,48.5710699576885,55.963814095594,1.53432777151465,94.1462913295254,0.00910124144422964,0.01,0.01
"727",44.7603247826919,7.14513971470296,99.3864472024143,37.3150282772258,3.61945475451648,7.67496530897915,84.3621126143262,312.924815009747,0.01,0.01
"728",97.9645180283114,44.8929115897045,77.6817761128768,1.20138381607831,89.2195389606059,47.8016814216971,53.5997103666887,0.000246962195412302,0.04,0.01
"729",79.2846964672208,42.5275633344427,15.5536036239937,70.2535829273984,43.0745518999174,52.7214667294174,45.5582513706759,0.0350340662445882,0.01,0.01
"730",62.0806893566623,82.6230325037614,7.24187982268631,35.4703823337331,59.8796913167462,51.4414360513911,82.6545597985387,0.00708090954632535,0.01,0.01
"731",34.9523777142167,78.2690002350137,88.7565030250698,4.49565793387592,79.0852854726836,77.2080324357376,32.6933234464377,0.00168700065193324,0.01,0.01
"732",9.16249214205891,44.7114190319553,35.4831952601671,43.4270141180605,40.7408712198958,37.1021300088614,78.7354920990765,0.0133674799431691,0.01,0.01
"733",93.5979737201706,9.51653122901917,16.317008365877,58.2005519652739,56.7345252726227,24.5360837085173,94.9497136520222,0.0106872643539459,0.01,0.01
"734",92.5974121317267,14.4231070065871,95.6296691903844,64.533411944285,15.9690482774749,97.232148097828,3.96431651897728,513.819367359243,0.01,0.01
"735",42.256380035542,14.2770025879145,6.40343918930739,97.75791389402,37.6788182882592,44.4817597279325,32.9372318927199,0.0827613791119917,0.01,0.01
"736",4.88594307098538,12.8036455949768,60.7753043994308,92.3176056006923,15.2089557610452,50.816121767275,54.4626769144088,0.573698836907348,0.01,0.01
"737",80.3377321222797,71.2854465935379,67.7920271409675,47.5600321777165,36.8108709342778,89.1282569849864,25.891466322355,0.113013653338263,0.01,0.01
"738",23.5196816502139,74.4530857540667,35.7218236196786,82.5590006774291,14.2643535044044,87.6409290824085,99.5276066241786,0.0583991382339028,0.01,0.01
"739",29.2926593217999,27.6799925370142,77.5301038986072,5.49738104455173,6.37359211686999,41.4963308023289,66.08585503418,21.9208630464393,0.01,0.01
"740",55.6302200537175,24.1883732611313,96.0220529930666,50.8148147258908,14.8492902051657,74.077967251651,14.2709176521748,130.709203930708,0.01,0.01
"741",24.6131123974919,1.11114389728755,36.3353008637205,20.826361165382,63.3241990581155,4.85701367724687,99.1268559591845,0.00391629977245401,0.01,NA
"742",2.30563213117421,13.5072628734633,48.2516568619758,20.1489353785291,40.8009083941579,24.9584877165034,31.121194944717,0.0239296541467307,0.01,0.01
"743",93.8149709952995,87.9636539146304,73.6678005196154,59.8147468874231,46.6787778306752,12.2831508517265,27.4529916932806,0.0502619391655169,0.01,0.01
"744",10.1120043545961,3.69781900662929,78.6533994367346,70.136593747884,2.10557954851538,28.5284186247736,73.1784895760939,462.385133405551,0.01,0.01
"745",20.7783533493057,27.0550071727484,20.9721116581932,63.5264953831211,88.6268975911662,3.51062107365578,80.2527648862451,0.00880286007053697,0.01,0.01
"746",63.1005294155329,73.8454879028723,25.568773294799,21.2911027483642,87.5404140446335,73.9423100138083,99.8760168207809,0.00241287280445658,0.13,0.01
"747",80.0336392829195,5.47091774642467,70.0866679893807,4.8952390672639,27.0252531860024,38.4014771552756,99.5500405551866,0.00179989002465735,0.01,0.01
"748",97.4114384735003,73.8247560802847,77.0334393251687,94.5953140966594,31.3931139186025,32.3390468023717,81.2989389058203,0.0366100952469824,0.01,0.01
"749",52.9447946930304,3.01834011916071,76.1803023749962,67.6229568198323,36.1288863234222,44.6472045732662,7.42933053988963,95.437107032967,0.01,0.01
"750",66.2309616571292,19.0400561550632,52.4720336310565,51.1395124252886,9.6787870163098,17.1142273582518,42.0066500082612,37.062402735313,0.01,0.01
"751",17.6845403853804,9.06832094769925,89.5037449896336,24.2036278825253,63.85555092711,73.7731211120263,52.981317252852,0.00701790620392096,0.01,0.01
"752",86.2644850974903,51.6196637181565,25.4908624337986,57.8678447753191,77.2902724565938,24.0399453323334,89.0052918577567,0.00831756079412596,0.01,0.01
"753",24.6038831304759,42.3545573605224,74.9153661075979,33.3358709467575,70.8865613909438,15.5683366116136,34.4755218364298,0.01325023158985,0.01,0.01
"754",88.4304943028837,47.4392760777846,11.0697501106188,71.5308099752292,92.7031429018825,90.036641061306,26.8665706273168,0.027688734040519,0.01,0.01
"755",72.3994889529422,3.69674300309271,25.1062926370651,33.2980187609792,78.7919588619843,44.9336695717648,25.7280740654096,0.0158029118083526,0.01,0.01
"756",56.9355053827167,66.8867045314983,40.1765265967697,78.8901783060282,44.5719889830798,92.6967262756079,66.1986645776778,0.0263385939103941,0.01,0.01
"757",91.491197841242,37.7424351638183,90.3182965703309,88.2287901127711,31.0376203851774,44.7364122606814,63.3485337020829,0.0441730127061463,0.01,0.01
"758",29.1648262413219,92.1305161202326,70.6214721314609,52.378720510751,25.9664989775047,45.3140788711607,1.00898994132876,669.211401011781,0.01,0.01
"759",20.9494404494762,11.4528405712917,14.0557669568807,45.7092506811023,65.8559595700353,42.9346174933016,5.87421706877649,18.4948562927873,0.01,0.01
"760",90.7238042214885,53.1118753599003,53.1509952154011,58.7382434401661,66.7424564016983,11.5515158744529,94.263635086827,0.00923497829819553,0.01,0.01
"761",69.0408887108788,26.6750342678279,13.4655124740675,39.9273044196889,43.7360681593418,0.408413237892091,63.273838465102,0.0412902454044666,0.01,NA
"762",40.5740393791348,65.2962416643277,60.0470012752339,94.2331874277443,71.5300767682493,4.87250997684896,3.28270501922816,280.455803716925,0.01,0.01
"763",84.1016430640593,30.8673220220953,26.921366318129,21.0362684680149,18.5145025607198,11.7229702183977,89.053031639196,0.0128964670783435,0.01,0.01
"764",79.2280231835321,16.3606379413977,78.8346972549334,56.4687386155128,87.6020707422867,11.0228796023875,41.4203477092087,0.0151630987048341,0.01,0.01
"765",57.0559837156907,88.0498985992745,96.9772129086778,61.6492157103494,30.7251315331087,3.78449310082942,68.360372306779,0.0289302507716701,0.01,0.01
"766",65.5377883929759,17.1854906948283,91.1524398252368,8.50659129209816,45.0794908218086,54.4269856298342,78.7667774828151,0.00236487701013465,0.01,0.01
"767",37.8789269598201,77.0574825815856,92.2173129627481,41.2044520955533,18.1425139307976,72.3994868341833,71.9767660135403,0.0336343869446414,0.01,0.01
"768",73.0511241825297,27.6859988225624,8.03894344717264,16.230140440166,43.2582050096244,14.3571827793494,42.4675334244967,0.00866050307070526,0.01,0.01
"769",38.2466433336958,88.0497304955497,87.608455796726,91.6957896202803,53.0707346973941,19.7831689845771,32.7606525737792,0.0512101178841409,0.01,0.01
"770",24.5601314585656,5.92671628110111,64.7615815745667,60.2359798271209,84.3752639601007,63.6938182404265,3.64621251355857,31.7109968945517,0.01,0.01
"771",55.1954508526251,32.411003485322,54.8654983518645,92.5271390937269,29.9592713126913,85.229737428017,41.0686551360413,0.0784313874010523,0.01,0.01
"772",21.1085453629494,71.9292724970728,25.0744192395359,93.5316070914268,0.930720847100019,23.9002811489627,19.5848562987521,820.19530887964,0.03,0.03
"773",22.7599838282913,29.5658438466489,41.6582535253838,65.2208481915295,13.2544260239229,70.6784459529445,36.6689305752516,9.60553681425884,0.01,0.01
"774",11.3893451634794,6.89657828770578,63.066814513877,16.9277529930696,7.98380812630057,14.2957043135539,50.5597688024864,71.6670458386563,0.01,0.01
"775",21.2533939862624,33.0901838140562,95.6130168633536,15.5707370489836,47.4042822839692,57.6737188268453,9.85362699721009,8.30048014754157,0.01,0.01
"776",47.7038025623187,86.0709761502221,37.7864084439352,37.7635073848069,21.1842286167666,35.9904180746526,18.8200378324836,21.9187149515995,0.01,0.01
"777",70.4567972337827,78.9860143559054,78.8590915501118,10.8734054723755,10.1811852538958,45.0101713649929,13.0790889030322,303.468847207867,0.01,0.01
"778",33.6930236779153,21.8207088066265,49.555702204816,32.3850678745657,17.5989198964089,5.37358641158789,54.3147003976628,1.21745811772166,0.01,0.01
"779",87.2464765328914,16.2691679084674,81.711280811578,12.0590973179787,14.0421255724505,10.3244759840891,96.4389091124758,0.0167561752895004,0.01,0.01
"780",90.28352398891,83.2846885779873,1.93634184543043,81.4041426405311,95.6642718752846,46.5561487479135,27.2276084171608,0.0301447072292004,0.01,0.01
"781",92.1223751734942,35.0634852889925,70.8240843610838,87.2849070467055,42.6207011332735,47.0943385502324,34.6068869810551,0.0579640064496178,0.01,0.01
"782",91.7578323744237,14.2291633412242,81.4440943533555,99.880044721067,93.8256294466555,0.89773815125227,66.2658577784896,0.112204274750399,0.01,NA
"783",77.100200089626,84.4059482216835,20.6543523585424,32.3794713243842,98.3482734533027,31.8975957110524,66.3100263103843,0.00489101546145817,0.01,0.01
"784",61.9754580315202,84.8493891069666,54.1292916517705,77.1523831412196,68.7015962786973,0.55907154455781,62.0232247980312,0.0322597166152245,0.01,NA
"785",12.8188936738297,15.9507007570937,71.7484562424943,49.1830524988472,15.8448685193434,0.723573984578252,20.8572731586173,0.127945631579317,0.05,NA
"786",2.28324455674738,45.6565136788413,0.137472664937377,3.30653777346015,19.8715346865356,69.779536803253,97.0573476748541,0.00170328634342742,0.01,0.01
"787",55.8422532165423,61.2407878506929,77.0464440342039,41.4960486115888,16.5023917797953,89.9713594000787,19.6346142329276,40.1373608775342,0.01,0.01
"788",22.4596116226166,33.9782763272524,9.66728860512376,94.9750711675733,33.8390796910971,82.737204618752,54.4414059026167,0.0506347087210206,0.01,0.01
"789",69.2686818772927,41.4533585775644,52.7307221200317,86.375381052494,70.1583575457335,91.8299785582349,62.7916204975918,0.0192985042585311,0.01,0.01
"790",66.5528099518269,53.5676923813298,65.6289425445721,61.3668190781027,21.2013992248103,99.3839878821746,12.6739603932947,65.1092727318014,0.01,0.01
"791",50.2552899764851,77.9082667082548,20.9163309307769,96.5090356767178,93.5905640246347,36.2444459460676,8.74635423533618,0.274604882512232,0.01,0.01
"792",44.5717839989811,23.9730908768252,92.041481891647,18.3299120748416,89.9110377300531,59.0921591734514,49.5136328740045,0.00403460772194623,0.01,0.01
"793",48.9959442755207,86.0821962589398,47.7620347635821,42.3196931835264,35.6898101978004,65.6468007713556,69.6337235393003,0.0167874339228204,0.01,0.01
"794",87.8460368840024,71.2743147043511,33.085657749325,11.4472124958411,95.7384303444996,11.3252946874127,35.1809394545853,0.00330390895232968,0.01,0.01
"795",16.6535572614521,3.67936149705201,55.8720362372696,22.1244462998584,41.5313450386748,93.6334239086136,7.23809753544629,53.5165825265318,0.01,0.01
"796",64.1619719332084,21.2235133396462,34.6065270248801,52.2811247734353,59.1263585491106,52.1814347011968,0.184912560507655,514.819246382505,0.01,0.01
"797",95.0626142788678,2.77513647451997,24.0742443827912,78.6122025223449,67.667982284911,99.7383889043704,27.8909207787365,0.0402059289568798,0.01,0.01
"798",10.4271657997742,83.4677941398695,28.6218449706212,64.2228735843673,54.3638072442263,78.3691298915073,40.091158868745,0.0287493839164819,0.01,0.01
"799",91.6254054987803,71.6973021393642,51.0307016316801,15.8749616704881,62.1081976918504,31.153079867363,32.1339468704537,0.00771554605768182,0.01,0.01
"800",85.5053905863315,29.9762478331104,82.3321550851688,23.7222260097042,62.7294532954693,21.4564898749813,26.6530661145225,0.0137523540668789,0.01,0.01
"801",69.5752475876361,75.3934915410355,1.87607954721898,78.5351287340745,69.6652699029073,11.2865293165669,2.89897040929645,135.423971897838,0.01,0.01
"802",32.2870363714173,97.2845249343663,44.1149015910923,79.2584274429828,66.8011368252337,77.3787375306711,72.4383249878883,0.0161558222012697,0.01,0.01
"803",28.5621847258881,27.2850522305816,30.7470820844173,55.8324242942035,43.8350743381307,73.4087985707447,29.2755525093526,0.0448961538280536,0.01,0.01
"804",30.1546847214922,10.0410970626399,18.2714805239812,55.48528409563,21.0991789121181,85.8458921778947,93.0291421711445,0.0279713378771816,0.01,0.01
"805",27.8145202668384,48.8999398658052,10.3441031649709,58.6054236628115,77.4553071008995,48.7752843648195,28.7831587251276,0.0254041496500898,0.01,0.01
"806",77.4764139205217,44.3425967125222,87.9644386004657,69.0757387783378,45.460395864211,77.0571421831846,68.5173683566973,0.0218554739223501,0.01,0.01
"807",58.5183551069349,75.4618043079972,13.1788985803723,27.9534616973251,30.2567586302757,76.360875274986,3.75331446994096,271.835583303858,0.01,0.01
"808",13.4051274508238,4.67127615120262,59.8043292528018,35.9186417190358,4.45416192524135,89.5406953059137,25.023822975345,425.721713034782,0.01,0.01
"809",64.621041668579,10.9053691383451,97.6115962490439,40.2928102528676,76.7514070495963,47.6985486689955,3.3885438228026,50.1141196929326,0.01,0.01
"810",27.490514004603,20.93488604296,10.5881122872233,98.048384883441,93.1925280252472,41.8904630700126,42.4219785491005,0.0242264315903718,0.01,0.01
"811",62.6778871519491,65.6923312926665,49.6608052868396,65.41454535909,52.5021136039868,85.7101554516703,16.669775894843,0.192256908327742,0.01,0.01
"812",83.2916961982846,74.5430663228035,25.2556652296335,43.0965598905459,51.5676802955568,94.36727296561,16.6950053535402,0.184591384057777,0.01,0.01
"813",36.6319633554667,2.53703321795911,95.8812283119187,29.4582705944777,44.333435385488,81.6141903400421,17.7029810845852,0.724408961672374,0.01,0.01
"814",13.2421983405948,59.8753157537431,31.0096426634118,94.5644121849909,83.6968615651131,57.5082377297804,78.2399942167103,0.0142578542865129,0.01,0.01
"815",21.4520398760214,48.8889082334936,35.8212141320109,12.784770457074,62.9785676952451,9.11486523691565,55.946417641826,0.00356359018064828,0.01,0.01
"816",31.8245773902163,86.9987997226417,26.5725082485005,26.1140996590257,21.4836332015693,49.2714253952727,21.3294784771279,11.3366357573633,0.01,0.01
"817",23.6398151144385,40.6676529673859,99.8923379462212,20.1298903208226,59.7361947409809,53.4854100318626,15.2932956581935,0.113580612478522,0.01,0.01
"818",38.7677596881986,3.84446585085243,79.7062201891094,92.2112240456045,90.1743941707537,88.2365005789325,42.439033347182,0.0235153726401059,0.01,0.01
"819",21.413718117401,20.8442884264514,64.128257217817,13.6292276903987,46.4095546398312,1.79968406446278,31.0879478463903,160.111280239039,0.01,0.01
"820",74.3766048690304,18.7132639111951,95.9730366710573,80.3785206284374,79.1564560495317,16.4863948710263,79.7387724276632,0.0125578526138693,0.01,0.01
"821",14.6947896573693,48.7566941417754,51.9826809642836,83.5128551581874,32.1253266418353,6.69005627278239,96.663340437226,0.026605152782041,0.01,0.01
"822",86.9727274635807,50.9135112166405,65.5540270963684,71.9997308216989,26.2396526755765,95.2566369669512,32.653118763119,0.271873616022616,0.01,0.01
"823",92.6043009851128,3.86919414158911,29.8804994905367,81.0364658478647,7.67660019919276,64.1646067379043,37.4351034872234,88.9357173664054,0.01,0.01
"824",29.7205457929522,89.2068030545488,66.2407751893625,0.758088543079793,24.0377996582538,92.2111114254221,7.81991065014154,139.044144275259,0.01,0.01
"825",65.2147917309776,85.2649874286726,42.6003571134061,39.1906957840547,56.973945046775,12.1626089792699,2.46124744880944,256.00672715064,0.01,0.01
"826",53.6817318061367,22.3445593612269,66.0867064958438,96.5606465237215,66.6041814256459,45.2715189429,81.3482598867267,0.0176008827650326,0.01,0.01
"827",10.4783421847969,36.2926718546078,23.7730972468853,34.2579696094617,23.8274075556546,70.9121669409797,75.8823618525639,0.0187193901676053,0.01,0.01
"828",17.0464038848877,75.9475958300754,29.3501487700269,32.8422859078273,15.5423604184762,9.91574949584901,25.2730106236413,61.0644916076306,0.01,0.01
"829",90.7905993284658,18.167730467394,32.0621585473418,92.0262174215168,76.8744449596852,61.2136275274679,68.5066004283726,0.0172204331011886,0.01,0.01
"830",18.7771477503702,17.3862090101466,5.22941113449633,34.3916574725881,14.8317776387557,55.6870156899095,65.65506758634,0.130470583040364,0.01,0.01
"831",33.4655387792736,12.3485651798546,36.6074293386191,30.4002577671781,59.0317685157061,5.98773492965847,95.9876649780199,0.00529778721623124,0.01,0.01
"832",38.4222343331203,83.6613076506183,2.05005358438939,55.8524823747575,91.6956083616242,53.4534885548055,94.8848088271916,0.00635239163520662,0.01,0.01
"833",92.12631219998,65.7496088417247,71.5519103221595,79.5500496169552,7.48021807521582,49.7340148314834,31.5908989170566,113.159775234005,0.01,0.01
"834",79.0489375125617,79.4991249218583,58.2663093693554,97.6495726499707,3.00759570673108,62.7721570665017,46.7651021433994,288.088819627473,0.01,0.01
"835",77.1343525033444,52.773158531636,62.9479682771489,22.8352263802662,67.2874774318188,41.9540031813085,33.2806210499257,0.00989871226273861,0.01,0.01
"836",67.1276954934001,87.2623726725578,98.3074099523947,48.86998324655,60.2430539438501,16.6073631960899,79.5312429312617,0.0100703109968616,0.01,0.01
"837",79.6187757514417,4.77253077551723,19.9046802474186,75.3886896418408,27.4764349684119,96.4376620948315,10.9335332177579,55.995460046144,0.01,0.01
"838",0.571297528222203,9.168392396532,26.9619288854301,64.5454906858504,65.3979547321796,73.7270373152569,14.9935379857197,0.128479691294561,0.01,0.01
"839",30.7178374612704,4.40004921983927,69.1377516835928,97.1299924654886,76.7070138128474,99.8871207470074,28.0102797783911,0.0436217729294504,0.01,0.01
"840",37.8967298194766,78.5665327915922,47.1389672951773,84.4792946241796,22.2794643836096,9.63672827929258,23.5277077415958,15.3755903626366,0.01,0.01
"841",90.7985193422064,11.1200971063226,82.6448312960565,1.52580274734646,41.5110408328474,17.8419067757204,83.2155463984236,0.000435827805489232,0.01,0.01
"842",80.2982731489465,7.05138917546719,58.9650754584,15.710937208496,12.9974340088665,86.1305110389367,51.228601904586,1.95919991519368,0.01,0.01
"843",90.5978839611635,11.7358564166352,9.75652530323714,38.9774142066017,38.5872632497922,52.6788175804541,79.0943118510768,0.0126104142046294,0.01,0.01
"844",83.3376628812402,36.7375156376511,29.2181545402855,4.80422205291688,77.1766930352896,44.3562734406441,79.1035456815735,0.000777045886482861,0.01,0.01
"845",11.6390290204436,77.133200224489,92.3314045183361,48.7582721514627,2.05419736448675,98.9450906869024,80.4824977880344,220.616968130431,0.01,0.01
"846",33.5986246820539,25.4509541671723,22.2432865994051,33.7304544635117,67.7033119369298,90.8848649589345,6.21564630419016,9.83908662927488,0.01,0.01
"847",97.9515987914056,14.7359775612131,92.8757241228595,53.8579259533435,43.7912774039432,88.705080235377,92.8835151251405,0.0130967354374183,0.01,0.01
"848",40.769323753193,82.012075278908,15.1552092051134,30.5714587680995,51.9533751532435,28.2146074343473,19.6435400750488,0.0679568795081147,0.01,0.01
"849",36.2516642548144,51.7416244838387,92.6992069929838,41.056733042933,35.060486709699,37.4147519934922,33.1826360430568,0.0452958583648316,0.01,0.01
"850",10.7517982600257,94.2967439070344,62.9895755788311,69.0962460823357,33.0223258119076,75.0956950709224,69.9524000985548,0.0294898058588073,0.01,0.01
"851",50.4416283685714,54.5181422261521,37.8575558541343,7.37351884599775,58.2330557517707,57.3096906999126,30.344073055312,0.00405925944020872,0.01,0.01
"852",61.6166110616177,23.2207096414641,92.68707416486,46.7144574970007,90.0566726922989,62.1732266619802,49.6072739828378,0.0102467715250117,0.01,0.01
"853",66.9595762621611,16.3971132133156,93.4657231904566,48.0773018673062,35.7029203558341,2.12731112260371,89.1309466678649,0.0147492290745938,0.01,0.01
"854",77.2387864766642,59.7339062020183,1.83742302469909,75.5294568603858,62.3235090868548,20.3695265576243,73.6448146402836,0.0162345357692777,0.01,0.01
"855",59.1930107213557,76.6966676805168,54.837106494233,63.3094235090539,36.6599852684885,22.0123865408823,84.4032912515104,0.0202193295032958,0.01,0.01
"856",45.72058476042,63.6438656132668,47.7870548609644,33.6731939110905,81.7768090870231,14.7663188865408,48.571436246857,0.0083045967881794,0.01,0.01
"857",50.0836008694023,99.0886539686471,97.8508022846654,96.8337079510093,90.4420468723401,0.710847973823547,44.9691834393889,0.0410435681628759,0.01,NA
"858",34.0174072887748,22.759112296626,67.6912047667429,63.8016602024436,74.1374126868322,53.0257491627708,52.2956625092775,0.0161437212293808,0.01,0.01
"859",92.1843813732266,50.7597987307236,80.0381982931867,82.696598675102,24.5893839979544,54.6807047445327,8.7047525215894,115.859315514241,0.01,0.01
"860",41.385555267334,26.4611315215006,41.9966899557039,10.1787793915719,30.8730550343171,67.4060995923355,11.6380905965343,27.1360388703818,0.01,0.01
"861",3.75892866868526,61.740214121528,35.4856146266684,91.5987265761942,57.7023976715282,94.4156615296379,59.4065573066473,0.026278487123123,0.01,0.01
"862",3.72199225239456,14.0003433916718,37.5147837214172,66.5768899256364,5.40841470938176,70.7230422645807,65.6713489210233,41.8683224548854,0.01,0.01
"863",61.3185910042375,26.190935773775,72.9960623197258,16.2099700886756,40.4489018023014,34.6012233989313,77.9066497925669,0.00507751909341113,0.01,0.01
"864",6.76779239438474,67.5917444285005,89.4092739326879,2.24772680085152,52.6472551980987,18.3972280006856,5.10968947783113,77.9316328376205,0.01,0.01
"865",21.5672647813335,29.9822103232145,13.0068348487839,19.9201666051522,32.5482371728867,29.0065619396046,1.00110536441207,634.942201236306,0.01,0.01
"866",33.8614893611521,68.7383183045313,38.34517467767,50.2021636348218,65.9086621599272,8.12674080953002,17.4871915252879,0.0705947263250123,0.01,0.01
"867",61.0340183600783,37.6792792696506,39.1806410159916,43.7029403168708,57.8173623653129,84.2730126343668,96.5920113259926,0.00774496903000726,0.01,0.01
"868",30.0266938982531,58.2909801742062,18.1318258633837,39.7320827003568,77.2349468898028,80.9019279433414,62.7091695787385,0.00807448748772527,0.01,0.01
"869",42.0898222830147,74.6156571665779,79.4701615115628,36.8645546492189,73.6601008567959,53.0807748902589,26.8420457607135,0.0179759260727569,0.01,0.01
"870",38.4307252475992,10.1516532246023,65.6953462865204,37.0698340935633,19.6706525748596,57.9296437324956,56.4900564262643,0.0594856192852606,0.01,0.01
"871",45.9248087368906,99.162965384312,65.8827285282314,23.8084299024194,91.8965549906716,45.78787679784,96.4033663272858,0.00265952618954686,0.01,0.01
"872",90.8792956266552,50.6700032157823,0.613399362191558,73.2030767947435,26.6774870455265,82.462801062502,53.3541238866746,0.051205008045474,0.01,0.01
"873",29.8499370692298,27.93232165277,91.2110146600753,43.6450317502022,14.5438598934561,98.1688327388838,83.0149665940553,0.0431437357254569,0.01,0.01
"874",36.4466330269352,97.4608397111297,83.1552134128287,57.9062675824389,76.5586868859828,95.5797342117876,4.34902380220592,19.5026445770434,0.01,0.01
"875",33.4404362132773,44.3251909920946,8.79214021842927,20.030848425813,79.8989945556968,88.3119058329612,89.0596798853949,0.00278376463758608,0.18,0.01
"876",95.9898604778573,55.2076047519222,56.2435516854748,42.6740511087701,65.4305386124179,79.5599287841469,33.3361156983301,0.0189941048803626,0.01,0.01
"877",99.040662124753,87.7594288438559,51.3841544976458,98.3147448860109,9.74844316951931,97.3838751437142,0.570075423456728,887.820841338048,0.01,0.01
"878",9.88611858338118,25.5819205427542,0.955059682019055,54.0756258647889,79.9688446102664,81.4624035032466,56.020487844944,0.0118586045555728,0.01,0.01
"879",60.4382323566824,2.60623851791024,21.9212706200778,97.0429458422586,96.4381894795224,63.5212982771918,50.678918347694,0.0194534516104076,0.01,0.01
"880",99.5661787455902,49.8725843150169,68.5108446981758,47.4371422547847,95.5788026330993,57.1472652489319,71.1549514206126,0.00687766799412162,0.01,0.01
"881",63.5167799890041,4.42995307967067,97.4159139208496,99.551019910723,42.6930327201262,66.4935414213687,26.1784659465775,0.110754292930858,0.01,0.01
"882",82.7472046948969,88.485621358268,55.7667470537126,39.7593189030886,69.1917232470587,36.2237174063921,33.5900152102113,0.0166115154384153,0.01,0.01
"883",73.2626622309908,9.32420834433287,19.0520346863195,48.3943099621683,55.1000153413042,3.3424956491217,62.8270386252552,0.0137001188576044,0.01,0.01
"884",23.7087403191254,68.4862819034606,92.6836546277627,62.8819387406111,27.5734818540514,17.1653483528644,74.4151312159374,0.0302355973100691,0.01,0.01
"885",33.8995670666918,29.1396569693461,37.4539240030572,60.1303275907412,36.0775465145707,1.14450522232801,51.6129768453538,14.3274819467164,0.02,0.03
"886",59.1594660421833,87.5352739589289,48.6333597451448,93.1290005100891,99.700250569731,73.6950379330665,30.1373373484239,0.0299978988710092,0.01,0.01
"887",48.5358953708783,64.7194274002686,62.7638618228957,73.3951631467789,93.0747856386006,52.3639624472708,13.9483731007203,0.0541378782706865,0.01,0.01
"888",49.3173466296867,44.560033804737,73.6836791271344,15.1819582097232,23.325587506406,86.187320551835,15.2421511942521,28.0887623804249,0.01,0.01
"889",34.7361763706431,83.5645006038249,73.9319139393046,87.5021128216758,4.02972023002803,77.2270545596257,66.5012319805101,80.634336839965,0.01,0.01
"890",76.8204245017841,89.1601857263595,23.983615450561,36.8028093362227,40.0857386179268,46.2393151829019,19.080192502588,0.498274146128238,0.01,0.01
"891",69.6109152399004,52.9617736581713,6.57220892608166,86.6992672672495,55.6246183114126,54.9002084415406,88.5228570783511,0.0174104188047305,0.01,0.01
"892",73.678246862255,82.1060488000512,40.709074260667,89.0379482181743,21.0066969739273,41.9897822663188,33.270333847031,1.21402866469774,0.01,0.01
"893",90.588781167753,99.2281480692327,79.0012202225626,10.2158621186391,92.1441631158814,53.6588133545592,86.108990944922,0.00127266087858693,0.01,0.01
"894",44.7907037800178,71.0233271354809,27.7070121141151,10.0254963617772,68.207905231975,9.97544727288187,25.7894073845819,0.00554189610659964,0.01,0.01
"895",3.89070536475629,96.7215126380324,54.879636107944,77.9189941938967,20.3103631734848,23.036880698055,97.1666370984167,0.0390839829547783,0.01,0.01
"896",72.0663400134072,6.15743531379849,43.8846929464489,65.5061495723203,71.4854907942936,3.37604589294642,41.74304662738,0.0211692515066526,0.01,0.01
"897",49.1686086403206,80.1265095127746,49.057593010366,14.296361990273,70.319019514136,8.10344484634697,80.5270059965551,0.00249289431629169,0.01,0.01
"898",97.9906504740939,23.519437154755,33.7259110994637,96.4560964377597,29.7829594695941,8.02790762390941,12.7904138760641,67.7648404750342,0.01,0.01
"899",72.1918208757415,88.7267550919205,3.19074559956789,2.98348942305893,9.19652364682406,95.2095233136788,66.7489341692999,2.41391261624631,0.01,0.01
"900",45.2907129889354,20.4999285051599,81.3107959227636,44.5949396118522,44.9519107118249,25.6908814655617,63.6528429808095,0.0153364519291617,0.01,0.01
"901",44.8587582912296,93.7064259778708,4.51572705060244,29.5573523268104,16.6391346603632,16.0542643163353,44.6858518058434,1.20640433578672,0.01,0.01
"902",86.5499961422756,9.56337261013687,59.4988020835444,82.1208932204172,9.10044971387833,79.3838022043929,54.4704577885568,10.0204835395061,0.01,0.01
"903",90.2960710925981,46.0974367568269,16.5922479704022,66.3069832371548,7.96917607076466,88.9163948828354,45.9630387369543,29.2920931833551,0.01,0.01
"904",37.2982164146379,99.0913728950545,86.9570277398452,38.05233000312,42.0199941610917,55.2758492762223,85.1608502911404,0.0105133533473217,0.04,0.01
"905",80.6073250481859,6.6335046896711,33.5517943836749,1.69334118254483,20.5560425063595,96.3890959508717,95.1806979253888,0.000863335368390529,0.01,0.01
"906",74.5614396641031,32.5237030396238,91.5804903721437,90.8734903670847,16.5842455113307,36.2847222480923,38.6305604828522,2.46416659797457,0.01,0.01
"907",64.2728766892105,86.4184724865481,76.978165237233,46.0921121761203,75.6778574315831,20.5313325161114,47.8107559494674,0.0124755885974904,0.01,0.01
"908",80.2860506577417,66.2556163500994,64.0138107119128,72.5857451790944,67.8369887638837,9.18119293637574,89.8428048240021,0.011773309060689,0.01,0.01
"909",99.7623170958832,27.5286763906479,12.7997138537467,2.18759714625776,55.8035060530528,24.6225771028548,80.1998429466039,0.000483267750197473,0.13,0.01
"910",57.4510771781206,77.7738386765122,36.5611943416297,39.7798620630056,63.5392655152828,50.5772656295449,16.6759454179555,0.0548430876356479,0.01,0.01
"911",69.0810524392873,6.84951259754598,20.129982335493,13.7328132987022,2.48607413377613,34.2380713205785,23.3157220529392,774.975546682609,0.01,0.01
"912",85.9711291501299,68.3898954419419,30.0766257336363,61.5616683615372,55.0237610004842,94.5460045710206,39.7041517077014,0.0274866317181385,0.01,0.01
"913",49.9497450888157,86.5296117030084,87.1606030035764,93.3808678761125,16.0650514066219,83.9611143339425,33.3850868046284,5.12148742115067,0.01,0.01
"914",42.2062630532309,72.5523603148758,61.9506835006177,10.9725125133991,89.9510873481631,48.8356223097071,64.1427682945505,0.00187240315010152,0.01,0.01
"915",19.4903570460156,36.9846689747646,32.5474444776773,17.1904700808227,24.1272118873894,35.2301269769669,25.4044961649925,2.97527599392017,0.01,0.01
"916",25.6329202093184,2.13187718763947,91.5993018774316,4.16619712486863,69.0123409498483,34.4583138357848,88.0234909011051,0.000674531209163354,0.01,0.01
"917",71.2045585270971,26.9528509350494,65.2216678718105,0.650500389747322,5.52071086131036,51.8462216947228,67.8587627131492,31.7731071726718,0.01,0.01
"918",56.8867096677423,56.3677926547825,63.954973150976,29.4097630307078,83.3224931033328,42.1944375848398,29.285278567113,0.0116533526135399,0.01,0.01
"919",64.6155499620363,98.4448619652539,31.0171924065799,64.0638935612515,56.5786445047706,75.087075936608,76.1615992058069,0.0146742012620854,0.01,0.01
"920",76.9999826792628,79.9305571941659,28.7849718471989,97.6783653721213,10.9092869330198,78.3930375473574,62.3804610455409,1.40881183124802,0.01,0.01
"921",79.3534728232771,65.6406010501087,5.70705449208617,11.051982245408,48.3032889897004,83.4713703719899,44.9125018203631,0.00498491203087316,0.04,0.01
"922",93.4283824870363,27.7357912622392,28.0933514935896,39.3055494409055,4.65537516865879,27.2889237850904,81.8417670903727,36.3677124656741,0.01,0.01
"923",81.836481555365,97.1305531216785,32.0979047333822,90.7600575359538,85.2860364830121,41.2550556473434,22.8306863689795,0.0446568423970641,0.01,0.01
"924",17.8084250772372,78.0430082697421,14.9819204816595,12.3202902264893,56.4435900188982,97.725231340155,76.8382534850389,0.00280419534797556,0.01,0.01
"925",74.7734278673306,67.4804708687589,85.8864145120606,50.5284273996949,11.4305693190545,77.7899509761482,14.8207363206893,193.6134315533,0.01,0.01
"926",83.2601560978219,65.3621967649087,16.9363313587382,90.7153517473489,94.671315071173,6.83745858259499,45.9765546023846,0.0203903642330844,0.01,0.01
"927",90.7364691607654,87.3416918097064,51.637883274816,55.291915149428,96.2147614220157,61.2405136460438,30.2647565258667,0.0183799852718802,0.01,0.01
"928",82.1182406740263,45.3874501865357,22.9347972664982,89.9552734103054,79.9315280746669,97.7417160756886,3.29632686916739,37.7091807112852,0.01,0.01
"929",78.3517161849886,34.9883591523394,77.3437465075403,18.2713150279596,9.91763942874968,37.3052320675924,66.7210116749629,2.01645990651169,0.01,0.01
"930",13.4627238381654,45.8239204017445,19.5291496580467,79.9448217032477,61.3997993525118,35.9220517566428,78.2417183509097,0.0164301987250421,0.01,0.01
"931",31.0606044018641,9.97869377024472,32.5023273006082,22.4398446967825,22.6680694147944,77.8883467661217,50.6964480737224,0.0353792317305768,0.01,0.01
"932",13.8405112782493,3.00721132662147,64.2963229678571,9.88398094195873,33.3536853548139,39.5888913655654,60.9812756534666,0.00478680411541033,0.01,0.01
"933",17.2155071282759,48.198538296856,24.6177474735305,30.7675976539031,64.3653734121472,92.5375896738842,19.8916540713981,0.0249491107162925,0.01,0.01
"934",81.7726796027273,46.3342253584415,28.3299059607089,70.1339664170519,71.819588332437,16.7912662494928,75.0297462334856,0.0128418203677915,0.01,0.01
"935",24.4150147540495,17.1745758038014,83.2174092996866,3.25429991353303,29.818876250647,98.5215412918478,18.6460393480957,4.03421597737112,0.01,0.01
"936",5.60768884606659,82.430753740482,33.0022506881505,55.8165894355625,12.3589380411431,94.7234611958265,40.6875834334642,7.3911986258234,0.01,0.01
"937",74.6979627525434,4.6604426112026,18.4941311599687,67.1454159542918,25.8871650788933,28.6784824216738,77.7129812166095,0.0329501522213842,0.01,0.01
"938",71.7104866635054,83.4873514482751,39.3775157630444,49.2691291263327,39.9636242538691,15.2553655439988,90.2587261516601,0.0135081311863001,0.01,0.01
"939",13.4241193067282,83.7057322496548,57.8763267723843,56.1865978408605,45.6809049006552,24.514825665392,81.2617481919006,0.0149506679100447,0.01,0.01
"940",27.066936972551,18.0221148999408,95.1752786524594,96.7028299579397,44.3582400213927,26.0678786318749,30.1427756436169,0.0729415008656457,0.01,0.01
"941",28.0439254594967,53.9308225270361,9.04137443285435,75.4674669820815,37.4460635706782,62.7886880654842,67.3155712429434,0.02950055057026,0.01,0.01
"942",1.08202421106398,33.7751455372199,86.2827361328527,4.97765513136983,68.7665479257703,87.5462025403976,98.2232987415045,0.000729425950832599,0.01,0.01
"943",57.2055123513564,68.4815851971507,79.9695998663083,37.6102591631934,28.1675297068432,53.1388062750921,96.4784843381494,0.0136968722423183,0.01,0.01
"944",60.4645248735324,64.9880459299311,76.9073157338426,62.426901771687,52.8321260819212,5.04236000124365,5.3249204531312,229.06343759247,0.01,0.01
"945",91.351033677347,51.5130590181798,0.910578691400588,66.2604928947985,15.8218982629478,1.50766817387193,42.9619639180601,205.600468827375,0.02,0.02
"946",43.9308839151636,54.3494867859408,31.6489428281784,38.2513404591009,46.0832900134847,49.9752138042822,90.0967024965212,0.00911135911457405,0.01,0.01
"947",99.2728932062164,8.50866797845811,79.9351788358763,33.9621411403641,52.5515873683617,78.8447838975117,53.3809272572398,0.0118790721765811,0.01,0.01
"948",20.6087091704831,95.1687906635925,37.048546387814,12.6387200551108,87.7428131178021,6.68973871506751,19.5433727931231,0.00715530269957954,0.01,0.01
"949",76.8643894931301,98.1000027852133,28.0576458666474,49.7946408810094,38.7385443085805,59.1116254916415,68.835808406584,0.0184058836576191,0.01,0.01
"950",31.8695741472766,16.7422324651852,68.1792763294652,15.3143679955974,63.7428702786565,48.6068040598184,79.4748428510502,0.00298448589735249,0.01,0.01
"951",98.8058694638312,37.7740017138422,0.794056872837245,49.0779387764633,96.0659926291555,26.7790499376133,61.34352539666,0.00819370758723284,0.02,0.01
"952",76.1779993539676,11.2189532490447,47.7789414348081,83.4222238743678,69.1942376317456,21.5836643707007,77.0942858885974,0.0154257285426745,0.01,0.01
"953",1.183539070189,2.62642602901906,61.5629952168092,45.3893990023062,81.7483034450561,39.1114042839035,19.6725253714249,0.0274657191556043,0.01,0.01
"954",88.3720555808395,96.6076518641785,91.947605391033,22.282184055075,95.8703512791544,38.4447851218283,2.67805389594287,37.6362035392649,0.01,0.01
"955",90.6257550464943,62.3208925593644,29.4720612233505,68.1779616046697,83.292090985924,81.4513689605519,8.80496171303093,0.445956793618969,0.01,0.01
"956",69.9468097649515,32.0060079684481,75.7665012730286,7.69346999004483,16.7957198806107,90.4143017251045,81.1481140786782,0.00710212315659231,0.01,0.01
"957",73.252706322819,15.5178157379851,82.081563048996,9.50757607351989,40.0871983962134,20.6272823968902,48.0074373306707,0.00484841696062006,0.01,0.01
"958",64.8635780671611,32.2789931437001,56.7324294708669,36.778847919777,46.0869193775579,50.5351079860702,88.6768634431064,0.00889799810904475,0.01,0.01
"959",12.0401830878109,75.5397502332926,81.9015322485939,64.7681847214699,43.4413404203951,69.5096417563036,23.9202952710912,0.0880027352492252,0.01,0.01
"960",23.2721072155982,84.309986513108,24.3733649840578,93.8071464654058,86.049084039405,46.8400490470231,28.8703663041815,0.0364950281291321,0.01,0.01
"961",21.3333896826953,99.4341669371352,5.21412480156869,44.1533535718918,7.33293783850968,65.1055647991598,0.678434735164046,831.08129421965,0.02,0.02
"962",36.6497106384486,28.8961142767221,98.8002253463492,3.6382338963449,80.6546811945736,68.9699628157541,69.9300033971667,0.000635804361810708,0.01,0.01
"963",5.82619910128415,89.0695788199082,63.3715611882508,48.8871938781813,29.1728384559974,76.1541796382517,29.3278918834403,0.2508506775302,0.01,0.01
"964",1.91932846792042,62.549053831026,70.0763467466459,76.4705846318975,32.1975633967668,59.1487844008952,97.8404017398134,0.0240278395145062,0.01,0.01
"965",42.0134532731026,89.3580708885565,81.5960916690528,42.0406341785565,73.9330020733178,46.8370030401275,83.8611569488421,0.00670017108729523,0.01,0.01
"966",17.3585714539513,54.0136100724339,46.3722387561575,9.8819563863799,70.3160855220631,14.8169917054474,55.3479046560824,0.00249346433945927,0.01,0.01
"967",8.4298592293635,25.4180870484561,6.34404802694917,63.3454122347757,76.4077039202675,66.0314837470651,14.3494224641472,0.0677997042233716,0.01,0.01
"968",91.6603654623032,2.74729249067605,77.6749128475785,51.2783244252205,9.62360822595656,39.1015715198591,89.2379110911861,0.750704585140629,0.01,0.01
"969",64.7442342247814,5.30994175933301,72.6199665106833,77.9275450855494,38.8863941421732,58.8250262197107,53.6111142486334,0.036672950044672,0.01,0.01
"970",28.7093549501151,56.3800033647567,25.8944262983277,77.9522460186854,76.512971916236,78.0970626976341,43.3385908603668,0.0229777226311499,0.01,0.01
"971",31.2982310773805,16.106349718757,41.7929356917739,24.5629727840424,5.83033938892186,44.3743856623769,78.8213724037632,16.1191097948727,0.01,0.01
"972",23.6532731447369,48.4677079599351,13.3106088498607,77.8765080263838,5.47290907707065,52.914714301005,56.2856638804078,59.5670883678778,0.01,0.01
"973",95.7378554623574,59.3433665344492,86.715120030567,53.2577325357124,5.83052907604724,61.3697773311287,97.2394465003163,4.43571830210402,0.01,0.01
"974",2.0087442593649,16.2660874193534,96.2264113826677,0.297068385407329,13.1197517737746,11.8840244365856,54.7060808865353,4.31817932715735,0.01,0.01
"975",97.4571915343404,36.8016466265544,95.1299187028781,3.03265596739948,33.4141541738063,87.0768806198612,26.8549512140453,0.127460296724009,0.01,0.01
"976",11.0223743598908,1.43430705647916,62.1912884758785,46.6054360149428,34.5660998718813,91.9306685449556,19.8599371593446,2.68041717464001,0.01,0.01
"977",63.4116338100284,7.125354395248,17.1682367101312,31.770001212135,21.2006087880582,18.4960002079606,7.48674920760095,335.870289132464,0.01,0.01
"978",79.0068403584883,16.3588666822761,39.8332770681009,10.3393597062677,29.0896309539676,66.5490999817848,45.5456285271794,0.0100630172530737,0.01,0.01
"979",32.1673194179311,33.6463502142578,75.7895699469373,24.886503489688,79.0912217926234,18.8885155133903,15.1596895651892,0.0273532585564668,0.01,0.01
"980",23.2611826155335,35.3333591483533,84.3300588894635,96.2743078824133,84.8322440637276,2.98334597609937,99.7515290509909,0.0112031341561628,0.01,0.01
"981",56.9818840362132,74.460033280775,83.726369868964,80.2137495484203,88.6003056075424,57.4249816127121,74.3461694568396,0.0120146852697377,0.01,0.01
"982",5.34147254657,43.8765481114388,84.1287849936634,9.62252418976277,28.3193677430972,70.2217356767505,74.0335957612842,0.00452928639273774,0.01,0.01
"983",68.3086629491299,12.7611445495859,40.2201924938709,19.2031486192718,69.8637090157717,3.48153712693602,70.3765030251816,0.00383041568574983,0.01,0.01
"984",75.3751971293241,78.2143270131201,60.9603138407692,89.273670502007,24.112386861816,62.8194189863279,2.7007355587557,467.44656036854,0.01,0.01
"985",15.0941122556105,45.9093966055661,96.002378477715,88.0658319452778,26.3626568717882,70.7097594626248,42.5863003591076,0.0921144337494173,0.01,0.01
"986",33.9001608313993,13.1427676649764,71.510151727125,45.3432796988636,67.2742385882884,51.7745154211298,9.59310599137098,1.47368547026373,0.01,0.01
"987",67.056684452109,19.4036675849929,67.9044103482738,83.6575606837869,79.2557563399896,97.5108176469803,72.1187239279971,0.014433857874799,0.01,0.01
"988",32.8492894768715,2.67991286236793,11.8529551662505,34.0767523273826,94.4224112201482,2.14135029818863,41.1702370736748,15.9488757744043,0.01,NA
"989",2.9172403505072,3.21100808214396,49.5060414541513,79.8241142882034,33.2987332949415,66.7110053356737,38.6883640894666,0.0688691004814913,0.01,0.01
"990",21.7241834150627,17.3021082300693,42.3035175306723,3.60953090712428,63.8845873530954,6.09067063778639,28.9117662003264,0.00206570241393236,0.01,0.01
"991",36.7235953221098,71.0074173053727,33.9130125474185,84.162480966188,88.6593345785514,24.0312361856923,48.6184861045331,0.0191294874367172,0.01,0.01
"992",83.2856154302135,54.6498698415235,13.9895856846124,80.2835667040199,35.9864163212478,59.4526003813371,75.7656528381631,0.029061205276576,0.01,0.01
"993",73.711059987545,9.82274354901165,12.3414864530787,54.2577186599374,99.469648860395,74.0623916266486,75.4017184488475,0.00713821679813879,0.01,0.01
"994",32.2784844087437,75.0416873721406,44.3175627617165,7.71336588077247,73.7081101397052,3.60698534641415,19.6460277307779,0.0207821496861778,0.01,0.01
"995",72.1198295010254,87.1350457426161,17.7696747239679,65.4994363896549,41.4518308127299,23.2918132795021,74.504286935553,0.0209270026249983,0.01,0.01
"996",53.8549542194232,97.9506088653579,55.2147610578686,23.4247194137424,99.5258904527873,58.1952033797279,65.7742880750448,0.00352461843135699,0.01,0.01
"997",47.7408080594614,82.0503346156329,51.9148064544424,37.2077772160992,88.5390692856163,82.341226702556,87.3997062444687,0.0047537655889129,0.01,0.01
"998",1.48274630773813,71.4987387415022,51.3298735022545,45.9579419810325,91.6557607473806,47.0875559141859,98.779908218421,0.00502488852177604,0.01,0.01
"999",45.9493303205818,1.77929815836251,57.4934383388609,50.4751092521474,54.2432507500052,54.1110567981377,99.4947771076113,0.00924066243315635,0.01,0.01
"1000",20.6200240412727,98.1699736090377,32.0204480551183,72.2699874080718,45.7072047516704,90.2270630700514,33.2525499165058,0.046376617850794,0.01,0.01
"1001",40.5234843958169,4.25563447643071,25.028723012656,3.27917658723891,46.9424874521792,25.4568139091134,29.4207290513441,0.00683284289236871,0.01,0.01
"1002",86.785305198282,10.1279511814937,50.6929187802598,71.5514555107802,89.1735414043069,9.70554144587368,1.44070535898209,239.747028224845,0.01,0.01
"1003",2.12172269821167,51.0808408493176,23.4736313344911,34.8180711502209,85.2415325818583,65.4996145050973,13.0698043387383,0.038809739982252,0.01,0.01
"1004",17.225852725096,76.9885009154677,38.0340481409803,14.8942410480231,67.3664725385606,43.5787480557337,28.8541432237253,0.00740946663490863,0.01,0.01
"1005",99.2916587041691,98.241303046234,73.2467867201194,71.1051606573164,56.4958126749843,49.9014392029494,80.551346950233,0.0154322606397649,0.01,0.01
"1006",84.1795197222382,90.2453111717477,78.1439784914255,84.706085617654,57.3819967219606,68.2017699582502,94.6953997481614,0.0154250660692254,0.01,0.01
"1007",23.9602031186223,30.9020924614742,95.5787672195584,86.7260652128607,12.8812983166426,90.3518110048026,5.20252855494618,515.391134033452,0.01,0.01
"1008",34.824916254729,47.8679869323969,47.6426660316065,76.2433614116162,39.0811162767932,16.7969402391464,79.3440751964226,0.0242775106341453,0.01,0.01
"1009",26.8989803735167,28.1504318816587,52.0737583981827,59.2381184687838,28.1239451142028,59.3201779061928,95.5983292078599,0.021803382958269,0.01,0.01
"1010",79.7287840628996,31.4785371534526,21.5620423899963,8.33561087492853,42.7074040751904,0.413978914730251,13.5901090689003,0.21658934429403,0.02,NA
"1011",94.7854142170399,90.4132093535736,86.0577738378197,53.3796471077949,70.1551700942218,58.2483468344435,72.6617910666391,0.0103286505471197,0.01,0.01
"1012",60.1477842079476,70.4875320661813,54.0676747914404,5.82007898483425,91.4438570383936,80.2562449593097,20.0500387698412,0.00303023748114545,0.01,0.01
"1013",99.5882162358612,58.9451597770676,31.7056191386655,38.7730032438412,90.5532526085153,14.4482409814373,95.8186549367383,0.00442154299606956,0.01,0.01
"1014",58.9923051884398,30.3459563059732,74.2686551995575,65.5620985198766,12.356129148975,13.3502112235874,71.5256453026086,0.505597390375584,0.01,0.01
"1015",86.6114748409018,96.1377748288214,59.9410052178428,28.2964528305456,11.6413224488497,63.2316185161471,82.5354957720265,0.109810653435066,0.01,0.01
"1016",5.13895654585212,53.1692246440798,60.1236345479265,87.4732380732894,78.1208038795739,99.7535415459424,10.3582631098107,0.285402842840828,0.01,0.01
"1017",87.6664567505941,31.3085416331887,51.7570507479832,65.8323456300423,2.51303324475884,18.7651690095663,40.1982890442014,603.326623506834,0.01,0.01
"1018",24.8020791448653,88.289559725672,20.9996859310195,20.1739490265027,44.6614710846916,65.0270377052948,98.379661492072,0.00454522418279317,0.01,0.01
"1019",33.3028192166239,45.4022439196706,67.1538186259568,23.1839052867144,14.1533943591639,57.1885202080011,70.344437030144,0.0863252790063844,0.01,0.01
"1020",38.7199383229017,58.5039207944646,45.0052682077512,98.2198651647195,90.6193239614367,97.456446965225,56.1073469463736,0.01897887415448,0.01,0.01
"1021",60.2692277636379,34.73465309944,22.9529162636027,29.1018368909135,33.8956948835403,15.9652162343264,59.3573829391971,0.0142279442069532,0.01,0.01
"1022",41.9965411536396,15.4050709912553,55.0172129645944,16.9533886713907,82.1531079476699,93.6344746034592,89.4606768386438,0.00228086945026577,0.01,0.01
"1023",1.27824053633958,89.0081461519003,68.9149034908041,17.2332844464108,8.67514279671013,21.326081873849,5.50075548235327,552.495172161335,0.02,0.02
"1024",55.9821531176567,15.6608470482752,46.0332566173747,90.8534453250468,44.9256488354877,20.2016946161166,77.3513234686106,0.0257987463072631,0.01,0.01
"1025",52.4063752265647,51.483893324621,56.6233263583854,5.72553090751171,9.78183161932975,73.953893664293,76.0875241598114,0.728204773084139,0.01,0.01
"1026",48.9120041253045,94.8784517822787,40.5655002687126,3.50287149194628,94.1106128040701,61.3351029111072,32.0140607189387,0.00112757625266252,0.07,0.01
"1027",22.3013646202162,53.003266477026,69.0711560891941,4.40718082245439,22.5822485983372,10.9843080397695,67.2539255581796,0.00386153671014975,0.01,0.01
"1028",60.2316829841584,7.32422028668225,48.4806548338383,18.7256172066554,16.7635151650757,64.0675283269957,96.2359319906682,0.0117129048916131,0.01,0.01
"1029",66.352030984126,30.6435126112774,22.8670935845003,91.089758859016,57.1510575711727,67.2625866252929,83.291702484712,0.0189077962079829,0.01,0.01
"1030",97.046490595676,64.0914261341095,12.0747062610462,31.1492014443502,89.2917898949236,58.0101657193154,86.0386022366583,0.00400783247284944,0.01,0.01
"1031",39.8568200645968,53.3083560410887,61.4706584019586,13.699778332375,28.7039602641016,95.8211214281619,11.3059323746711,35.2341175214489,0.01,0.01
"1032",46.7074029846117,92.0086070196703,24.8931288253516,71.2836109334603,88.1702205399051,9.33740355540067,42.9581930628046,0.0183884713880274,0.01,0.01
"1033",29.1988608893007,77.145677851513,89.326527225785,3.6058905068785,67.1100534964353,50.8432443952188,24.6094530913979,0.00215311078282828,0.01,0.01
"1034",19.0371992997825,40.3364277910441,60.8673065900803,9.34236855246127,55.7202874450013,88.5616885963827,42.0560827013105,0.00389401968122013,0.01,0.01
"1035",62.2208627639338,30.6816515047103,53.9229366462678,95.5297545529902,58.4901981987059,53.1653844518587,5.15559539198875,36.5129776896124,0.01,0.01
"1036",55.9412619564682,91.9491099426523,31.0810740338638,23.3161142794415,60.3381095454097,92.3453227616847,55.7808230863884,0.00680543532107966,0.01,0.01
"1037",29.8563679680228,38.3564808173105,9.62783975992352,28.8618421880528,87.8594878828153,54.8484039492905,85.5040204245597,0.00379733120623544,0.01,0.01
"1038",96.1353609804064,84.0433469740674,41.8653765926138,17.6345471292734,33.8978287996724,13.1991358706728,71.5851618442684,0.00716636182750541,0.01,0.01
"1039",88.0772721022367,65.5176434665918,56.0458223568276,61.6481811506674,7.35051536466926,44.9334166012704,44.7915794560686,46.9561000722588,0.01,0.01
"1040",0.394919631071389,16.6068908991292,93.2776483474299,22.0401669852436,50.923525239341,22.7984057972208,91.9986623572186,0.00464952993087472,0.01,0.01
"1041",75.5565346451476,87.7132180146873,33.0462416866794,13.0141096422449,21.3775284122676,30.7201117277145,13.9033009763807,60.4505653085854,0.01,0.01
"1042",21.2211397243664,57.314599910751,43.3381337672472,0.950366305187345,26.4754811534658,49.3220274802297,71.4664612431079,0.000503404608246246,0.01,0.01
"1043",92.365416768007,99.6651857160032,20.1015520840883,18.9740304136649,84.2863461235538,28.9698948385194,70.8344646729529,0.00313374462133638,0.08,0.01
"1044",50.2590400632471,31.2215183395892,40.772600332275,30.7476900052279,81.4973166678101,94.833555072546,75.0077242264524,0.00496345899472582,0.01,0.01
"1045",37.3883354710415,23.2509304070845,64.5531692309305,20.7715134369209,94.5039438316599,4.28637689910829,45.2753539895639,0.00473085365602468,0.01,0.01
"1046",40.9066513413563,30.3373547503725,0.32720600720495,27.7089464943856,21.1125252302736,94.7992582339793,77.9440304730088,0.016716543053056,0.01,0.01
"1047",24.5415757177398,48.8659315975383,21.0374313173816,73.0433749500662,29.2138138320297,24.0772374207154,87.4833747046068,0.0282558288427242,0.01,0.01
"1048",69.0916256047785,73.9348156843334,50.3278210759163,99.2380396462977,99.5056176092476,82.0440281415358,25.5360655020922,0.0375817728087976,0.01,0.01
"1049",69.8513173032552,24.5004633208737,78.2261465210468,0.621187477372587,61.026844359003,8.19449101109058,47.7549777366221,0.000208848288836848,0.01,0.01
"1050",3.77785712480545,12.6009481027722,45.3038294566795,17.4196003936231,24.2670346749946,48.9390567410737,68.8682121923193,0.0104036625967516,0.01,0.01
"1051",67.1200268901885,75.8606625488028,33.813417609781,7.80549198389053,7.74464900605381,97.0175300491974,6.97787113022059,597.954319386645,0.01,0.01
"1052",6.59609066788107,93.9444319810718,26.0942253749818,52.2408663062379,8.42387189622968,61.9798787869513,42.143406230025,34.9779020987607,0.01,0.01
"1053",0.429458264261484,58.6218248354271,87.2637454420328,19.0068772761151,30.6215420598164,81.0339523013681,0.685224356129766,648.385310727861,0.01,0.01
"1054",40.5115794623271,72.5408321712166,15.2344181668013,81.4668676815927,42.5730690127239,23.7786188721657,11.6442614234984,8.16694415619719,0.01,0.01
"1055",31.7074971972033,19.9848541291431,25.944524561055,49.5695827761665,46.2592995259911,34.1434825444594,65.9247344592586,0.0160093187766281,0.01,0.01
"1056",23.2390702469274,32.4115607421845,61.8317016167566,92.691811057739,66.5656584315002,16.2953498540446,41.3675040472299,0.0328518008303708,0.01,0.01
"1057",83.0058360239491,55.6649956153706,78.3976485254243,50.781888095662,12.6332181040198,11.3704337272793,27.9995499644428,68.728734627064,0.01,0.01
"1058",0.748088955879211,52.9235225170851,83.3152966573834,7.77141486760229,31.7303204676136,10.9271351713687,24.2218642029911,1.86974678403755,0.01,0.01
"1059",61.69904388953,15.1748403441161,23.2744197361171,58.8771497365087,20.6006106222048,88.699008221738,34.3774555716664,1.10595982660007,0.01,0.01
"1060",16.0495280986652,24.32469681371,9.66110904701054,72.5712918909267,0.0240829773247242,33.0626306589693,21.1478278273717,984.997328387201,0.41,0.37
"1061",59.6084130462259,42.9486327804625,18.8937494764104,39.0214106068015,54.115042462945,57.595779071562,83.0816153204069,0.00857588738376742,0.01,0.01
"1062",22.4613480037078,78.5292648943141,58.5060620913282,85.9495277982205,18.9590038731694,85.3092389414087,75.5141724832356,0.059948126694814,0.01,0.01
"1063",48.0733848409727,82.880688412115,54.538612999022,48.4884826233611,1.06458694208413,92.3021708149463,8.80967613775283,887.831516293924,0.02,0.01
"1064",90.6724889064208,29.5079569332302,86.1253133276477,9.39852991141379,12.8443762427196,77.5681006722152,9.69501759391278,300.012916181876,0.01,0.01
"1065",76.5520871151239,80.298975482583,23.7645228626207,35.3610889054835,58.2198623102158,98.5123695107177,86.1763223540038,0.00696707002901328,0.01,0.01
"1066",53.2203375827521,59.132888680324,1.4790954766795,38.0082802614197,10.6095504481345,38.0979106528684,49.0068903658539,7.56987946970079,0.01,0.01
"1067",69.8519486701116,22.7302932180464,21.2693283334374,22.6118533872068,35.295685287565,88.6702496791258,71.0804861970246,0.00888756460914226,0.01,0.01
"1068",35.2790208766237,91.5204560151324,58.7464725598693,62.759665818885,57.8047418501228,70.0230886228383,55.6778992293403,0.0191553006408043,0.01,0.01
"1069",85.4479586239904,74.3362500797957,23.2243859907612,89.0625018393621,90.1328251929954,63.8907072134316,54.2778194416314,0.0178751280475961,0.01,0.01
"1070",94.2745517939329,19.0310946665704,76.9308716757223,1.5938775613904,76.0099498322234,34.0126059018075,55.8745004236698,0.000368471674683898,0.01,0.01
"1071",68.8254642300308,53.0426020268351,79.0472994325683,9.28225291427225,85.3661486180499,85.485055227764,60.3336241096258,0.00177253113926667,0.02,0.01
"1072",74.437748757191,78.1980838160962,50.28883558698,72.5629362277687,95.8770853467286,41.5393693372607,59.2593632638454,0.0125586406439684,0.01,0.01
"1073",90.9871949115768,51.9019969971851,61.9594395160675,56.9395630387589,38.5920268949121,98.7364998785779,14.4203330622986,3.30970891539329,0.01,0.01
"1074",31.4241877058521,76.3783568749204,36.2048408482224,10.7315256027505,99.0687974728644,62.4556673457846,76.6962388763204,0.00139444688043226,0.05,0.01
"1075",47.6342836162075,76.6601008828729,91.2562380544841,75.0298789935187,36.7394899949431,18.8583619892597,87.5618971884251,0.0230548271129326,0.01,0.01
"1076",10.7708579860628,11.0200297553092,4.74881092086434,70.2350019942969,45.494677638635,80.7295679114759,34.1263665817678,0.0442049647077034,0.01,0.01
"1077",93.546457728371,62.4976997962222,29.8994701821357,23.8038442563266,53.4536930266768,31.7600739188492,47.6260586641729,0.00915768609302512,0.01,0.01
"1078",75.0765815842897,84.4749567797408,37.3819927684963,5.15273604542017,20.0229550013319,25.3466451540589,69.033883837983,0.00526506720309409,0.01,0.01
"1079",77.0096216350794,43.1970452191308,57.2679450269789,82.2520968271419,2.13934236671776,65.7139522023499,34.6264075022191,554.524877844521,0.01,0.01
"1080",2.09106630645692,71.3591469684616,29.8588089644909,93.7154692132026,8.10404163785279,48.9580162568018,49.1267788689584,25.6019707528833,0.01,0.01
"1081",75.2199621638283,17.1709046000615,28.6619539372623,17.7678645355627,68.5848597204313,74.1108103888109,72.0875313971192,0.00354422586313862,0.01,0.01
"1082",50.2930117538199,82.4401579331607,70.536238886416,52.0826710155234,49.4201647350565,65.2550766244531,0.801127543672919,444.957042370268,0.01,0.01
"1083",89.0378191368654,49.585521640256,6.84819808229804,51.6380750807002,99.3559037800878,25.5166387418285,18.2696122210473,0.0269793890046935,0.01,0.01
"1084",32.5838983990252,66.2617379100993,57.0257691200823,52.8550761053339,86.1865841550753,98.2103093061596,28.2516882754862,0.0209643211701981,0.01,0.01
"1085",64.0133349224925,43.0860567837954,34.2821924947202,43.0157465860248,86.3038288895041,90.141304442659,88.6330542387441,0.00556045375841988,0.01,0.01
"1086",29.0106801316142,72.9958473239094,99.1525372723117,34.9159970646724,67.292750091292,63.6182765243575,57.4339210987091,0.00887872491801581,0.01,0.01
"1087",15.4079938773066,70.0287501327693,61.4706651540473,27.9346839757636,2.64836065471172,43.9753560582176,44.017869210802,405.76171597648,0.01,0.01
"1088",47.6160019403324,38.4811767144129,38.1930907955393,31.8947812309489,37.8113997168839,41.8288416462019,50.1767565961927,0.0164894570675156,0.01,0.01
"1089",77.2878902964294,79.7532440163195,29.2225442826748,60.5001530377194,10.8118853066117,70.8620704011992,59.961017081514,1.86658718610142,0.01,0.01
"1090",84.8013677867129,36.8572639301419,8.86736214160919,26.4508522581309,87.8982523456216,55.3279923740774,12.1624541701749,0.0374899143337119,0.01,0.01
"1091",76.5508509241045,15.8222475787625,12.9441452911124,18.7159158522263,44.6005409350619,31.6269754432142,5.20421401597559,96.7434034188877,0.01,0.01
"1092",66.9226239901036,59.8991482052952,43.3740979293361,97.2859806613997,16.4069560822099,8.31044947262853,2.42717161308974,524.925253394722,0.02,0.02
"1093",59.3611523974687,98.3268580632284,71.2516488041729,61.8423399981111,72.0455186907202,1.55081525444984,79.9109280109406,0.0105548039033357,0.01,0.01
"1094",38.5767014697194,99.0261828294024,66.2699354114011,5.93678804580122,86.3819284364581,5.34249457996339,39.346098783426,0.00170231021249644,0.01,0.01
"1095",35.3853809880093,56.0296986019239,30.6839265627787,29.8555694520473,20.0687011005357,86.4360549720004,70.9882303373888,0.0214272414440359,0.01,0.01
"1096",1.04945539496839,44.2086670082062,25.9470795514062,24.549204390496,45.6130027538165,35.4707412887365,21.1189237423241,0.109936270814333,0.01,0.01
"1097",74.5507769985124,94.0307443263009,13.1135410396382,68.9008310204372,2.34888850245625,92.6062210695818,82.5770312454551,163.074100134877,0.01,0.01
"1098",52.8714851476252,96.0533833596855,54.4368347385898,50.797191541642,82.7743761939928,63.8092123903334,12.7363022882491,0.0603472924186392,0.01,0.01
"1099",87.1029447065666,89.6406527841464,70.2789106406271,52.8680232586339,6.60238889977336,58.1807371461764,45.6195852719247,58.2399023780884,0.01,0.01
"1100",31.242868094705,68.7217713333666,37.4505278421566,86.2658539088443,44.4408100331202,58.3639907184988,35.2931819623336,0.0536382981004484,0.01,0.01
"1101",37.2748502297327,9.07555399462581,50.596473691985,91.3601594045758,45.8282772218809,83.0280020367354,40.2846859069541,0.0482927196368455,0.01,0.01
"1102",76.4370233984664,3.58149041421711,42.4099051626399,96.8369170324877,38.4722691727802,90.5371255474165,9.17058363556862,33.095138449696,0.01,0.01
"1103",76.9498109584674,71.7816815944389,3.38305009063333,21.7324385885149,79.2396883945912,72.7806198876351,1.72123829834163,130.73199428041,0.01,0.01
"1104",64.0486888354644,53.334545227699,63.7116979807615,27.5011828402057,91.0744902677834,72.1002459060401,71.9804867636412,0.00413735816810769,0.01,0.01
"1105",44.5906321983784,45.2480973443016,52.2297626594082,0.179728283546865,41.2146897288039,25.0249911099672,41.5024908958003,0.000163243760950978,0.01,0.01
"1106",92.3187207896262,53.5115662263706,87.8478985279799,55.0777912838385,87.8707048017532,52.3159083677456,11.24102557078,0.0825160714759279,0.01,0.01
"1107",66.5055544814095,8.69851720053703,11.6656880592927,33.2419777521864,23.6843179445714,1.45406953524798,78.4383579855785,38.7019072083337,0.01,0.02
"1108",13.1973546929657,66.2493054755032,4.13394216448069,35.7813765062019,87.9870488075539,74.810745799914,85.5453856755048,0.00469879211028904,0.01,0.01
"1109",78.384878183715,62.8352464409545,10.9805199550465,36.9356863666326,58.9182374766096,20.807433873415,33.5099458927289,0.0181684340701619,0.01,0.01
"1110",86.1289004329592,14.1129469498992,30.0350548001006,26.4767878223211,70.4152112361044,59.7885113209486,21.8317675869912,0.0166816607021401,0.01,0.01
"1111",22.4939872277901,92.4203462665901,60.0151048740372,54.4803960714489,41.6725915856659,0.0875133788213134,26.986067276448,0.0210988626832251,0.01,NA
"1112",90.1574433781207,15.2354296296835,12.3440084746107,64.1686176415533,70.2184430556372,32.3073186445981,4.02797758579254,45.6802946088806,0.01,0.01
"1113",28.7563150981441,95.5195532180369,30.3772423183545,82.9332934925333,19.051282084547,56.8435020046309,27.5460301665589,5.95993985556667,0.01,0.01
"1114",54.2299939552322,61.3466655602679,90.4185329331085,53.6463802214712,71.2858162820339,80.4610678227618,93.4564923634753,0.00796656387899594,0.01,0.01
"1115",59.3919086735696,4.89556901156902,42.1547511825338,54.5453448081389,33.0817981157452,7.33944838866591,25.0702849123627,3.9888484004436,0.01,0.01
"1116",45.4199149506167,41.6289008921012,33.2526470301673,29.2924185981974,99.0242735482752,9.10220486111939,95.9953479003161,0.00304804338400624,0.01,0.01
"1117",60.3364802431315,99.4127513375133,22.9531108634546,97.3843007581308,17.6045686006546,4.08867669757456,6.06043362058699,316.523118532893,0.02,0.02
"1118",81.1150590423495,90.8143720822409,68.2208562735468,96.6011574724689,29.1536991717294,35.5910605983809,80.1907656947151,0.0408091898056967,0.01,0.01
"1119",0.732969003729522,85.1463029393926,61.8139957310632,97.5086584920064,96.013363590464,87.9987430758774,24.0737564396113,0.0405020174042264,0.01,0.01
"1120",85.9277880517766,89.7103562252596,20.3585142502561,4.13348493166268,68.6184403253719,93.3959709480405,62.7921362873167,0.000944416673959183,0.07,0.01
"1121",93.4751115506515,53.2081736717373,74.241572804749,51.770650758408,24.0198450861499,5.85980731993914,29.7723500523716,4.94200275601802,0.01,0.01
"1122",99.5267727877945,55.9601871529594,79.2462419020012,39.3037001602352,31.5070814453065,62.9056056262925,22.5908913183957,0.854813181215113,0.01,0.01
"1123",53.3523698337376,22.243501082994,22.6401402149349,19.154073134996,37.9801431903616,10.5564684607089,91.0159559221938,0.00547881756541824,0.01,0.01
"1124",29.146628617309,61.3626490347087,75.1882776385173,31.1863421462476,38.2476586848497,41.8245413340628,17.2562137944624,1.45520838125702,0.01,0.01
"1125",63.0035453941673,7.7245335560292,59.3570912024006,8.35246881470084,83.80144929979,40.9447864862159,8.3552059950307,0.871643699039781,0.01,0.01
"1126",68.8316104002297,48.9232901250944,14.8023245157674,79.8820338910446,84.0839117066935,57.1728711249307,30.5033684708178,0.0301551264382635,0.01,0.01
"1127",42.4041480990127,13.9923501061276,99.1368256276473,52.624174207449,83.2075387006626,51.2141090352088,6.3340813620016,3.72191565981755,0.01,0.01
"1128",27.7435838012025,60.3071457240731,55.7916827034205,50.9851343464106,71.6820962028578,83.983796602115,9.0909241233021,1.00026659902415,0.01,0.01
"1129",24.5430251816288,52.1930133225396,86.4942147862166,46.756835328415,28.7506877444685,44.6869879961014,67.5874738255516,0.0237140255567928,0.01,0.01
"1130",85.8802393078804,9.65365923475474,22.4581993883476,97.1997464308515,48.4907834324986,13.7511199107394,12.7600830979645,4.90074245469482,0.01,0.01
"1131",77.6004003826529,75.9950761217624,76.4882063493133,82.7380278380588,51.2445228174329,25.8197373477742,55.4460511077195,0.0285997016417255,0.01,0.01
"1132",5.91189281549305,53.8999252021313,7.33535178005695,50.0322510953993,20.3234145883471,37.9546130076051,41.5983870159835,0.36548797190089,0.01,0.01
"1133",39.8605273338035,97.8880658978596,91.6478884872049,17.3805808415636,6.65470026433468,25.7172099081799,48.7686750013381,59.5343090743951,0.01,0.01
"1134",55.1655770512298,75.9459055727348,8.89647316653281,57.5935796136037,24.2677239933982,24.1811468265951,46.4778121793643,0.0696216258748894,0.01,0.01
"1135",24.3561196373776,52.8481576358899,38.7984543573111,90.6483156839386,5.20964458119124,82.3962121037766,79.6352364122868,19.3161010825639,0.01,0.01
"1136",58.380656177178,34.7904698457569,95.5159124452621,34.4252174952999,2.86770721431822,52.0656958222389,34.9974484415725,449.530503313309,0.01,0.01
"1137",14.5277902716771,51.1699473718181,35.7591612031683,56.2440675217658,77.8297234326601,11.7174827028066,3.49997305311263,74.2045993281889,0.01,0.01
"1138",9.85487720463425,12.8597610397264,6.02342984639108,36.0965457744896,25.5341298179701,15.366886369884,2.72355768829584,689.595468725654,0.01,0.01
"1139",67.2890872228891,72.20324780792,31.8490498000756,11.6803216282278,9.1613570926711,74.3641095003113,35.2034984622151,44.6282366260386,0.01,0.01
"1140",52.7318787062541,61.66481168475,5.2121268119663,53.2415405614302,60.2494862163439,13.8957525370643,59.4881258206442,0.0146078623354447,0.02,0.01
"1141",62.8578134346753,5.1640072837472,58.6203280370682,56.247949716635,16.5678995661438,61.7906991159543,83.2097101956606,0.042917077108461,0.01,0.01
"1142",62.5004497123882,35.1519501302391,44.2772090667859,4.72019631415606,63.74398896005,53.587673837319,18.4924645116553,0.0103508318935801,0.01,0.01
"1143",16.0450839670375,92.2091678250581,73.4812903683633,13.892059866339,9.36106154695153,98.5135784372687,66.1996614420786,2.3280844173825,0.01,0.01
"1144",80.4885094286874,66.9084157096222,73.8237220095471,14.0878370497376,96.5802505379543,95.8709154045209,65.8694711048156,0.002181247727984,0.01,0.01
"1145",40.5947890365496,50.3143348731101,56.7770575173199,9.7976756747812,99.9491689959541,74.7365701943636,69.897419703193,0.00138255157925356,0.01,0.01
"1146",35.4639159748331,24.597025453113,77.6431537698954,68.6514266766608,1.52983518783003,95.2360349008814,34.6268512774259,665.611113900496,0.01,0.01
"1147",66.1816021660343,48.1109406566247,64.2223210539669,49.4336788542569,19.8106164811179,0.463032303377986,82.7276915078983,0.0740057972933551,0.01,NA
"1148",15.8052910584956,21.1095713311806,5.2416869904846,88.1394777679816,10.7558113988489,40.2307340642437,61.9683935539797,2.25612985125941,0.01,0.01
"1149",57.4186669196934,57.380873314105,10.2588394423947,46.5864677214995,87.7441064687446,18.8904238166288,33.1514596240595,0.0155448589249952,0.01,0.01
"1150",30.0734682474285,45.5433197785169,43.1328620528802,23.6314850859344,58.3193959668279,46.598658664152,88.425927143544,0.00453088591962242,0.01,0.01
"1151",15.8368008444086,31.7968970397487,96.8945392407477,63.748942501843,22.9697343194857,52.4049965664744,16.1002258537337,28.4927900077244,0.01,0.01
"1152",53.8456903537735,8.18188698031008,18.6110993847251,4.7664932673797,47.94370776508,86.3741286098957,26.5939665958285,0.00729861429279137,0.01,0.01
"1153",24.3700305465609,94.1460514906794,21.4660893660039,20.4738872591406,32.4423400452361,34.6913310699165,15.637804963626,6.93048694597886,0.01,0.01
"1154",5.51995735149831,8.15346550662071,37.0340880937874,73.3247071970254,76.5196367632598,22.1990282414481,56.5863709896803,0.0166241784462887,0.01,0.01
"1155",38.5232143104076,84.3019348569214,74.8446092940867,95.1798280701041,71.3966369861737,20.4733834834769,52.2848162334412,0.0250141342275714,0.01,0.01
"1156",80.9208443621174,59.3934368807822,30.8859352488071,24.9383928021416,0.713041238486767,54.6102711232379,37.1253439690918,899.046696915897,0.01,0.01
"1157",13.9720444800332,83.0541492672637,60.94873866532,36.8115201126784,45.3778643161058,2.2679979680106,77.7425885433331,0.0102848081980453,0.01,0.01
"1158",97.7687136502936,72.9922879487276,25.4519221140072,12.6681477995589,28.7803372135386,48.2206244487315,37.8233621595427,0.0322228552591123,0.01,0.01
"1159",44.4797657663003,99.802649859339,86.7453819606453,24.2813319666311,31.7433553049341,59.8643181845546,63.6091619729996,0.0118406351667795,0.01,0.01
"1160",52.429847815074,76.0884689632803,15.3138823108748,84.8610848654062,44.132369523868,27.5479865726084,51.0201166849583,0.0369633236821434,0.01,0.01
"1161",56.5224422840402,70.2617646427825,38.5675658006221,69.4105267059058,1.96822613943368,82.3579789604992,43.0809094104916,485.511230950979,0.01,0.01
"1162",28.1790456268936,33.9224972994998,30.6946353754029,30.1972383866087,18.7223396729678,36.6299808956683,42.8727332036942,0.52257017242304,0.01,0.01
"1163",78.18200327456,24.3653820594773,7.80987031757832,60.0130793405697,66.2679668515921,30.2498003700748,21.658228803426,0.040666863579196,0.01,0.01
"1164",53.9132946636528,2.56733682472259,94.6502076461911,47.1430825069547,84.4222969608381,39.4243913469836,65.75214904733,0.00832835545002759,0.01,0.01
"1165",94.2387344082817,71.6559106484056,70.6013612449169,70.460431650281,86.6973680444062,15.8870896557346,92.4719606293365,0.00869221206440278,0.01,0.01
"1166",43.4209031052887,80.9030880220234,69.1682951524854,91.4232132956386,71.8736523063853,5.55057532619685,41.3661734899506,0.030002120881799,0.01,0.01
"1167",7.7881018165499,80.8856068877503,12.5354596180841,50.1414684345946,18.677496816963,46.3458756683394,24.3984974455088,12.6993185212714,0.01,0.01
"1168",60.8899791259319,62.698352150619,47.4758581258357,7.5245569460094,37.3671130510047,96.0628970758989,74.0418342873454,0.00268334223965158,0.01,0.01
"1169",44.2660755943507,75.7027112180367,1.76189090125263,54.4005554169416,23.444108502008,34.1413421323523,47.1815086901188,0.0694049768804396,0.01,0.01
"1170",9.03022161219269,1.80549577344209,91.4457612903789,49.6315889758989,41.9550686143339,4.03856022749096,73.8744325004518,0.0390193042468671,0.01,0.01
"1171",48.998173000291,16.5471446700394,40.0594918522984,74.6329853544012,41.6522471234202,43.694362253882,43.5159880900756,0.0402667888946631,0.01,0.01
"1172",43.2872051605955,69.6503226645291,2.59667697828263,72.3654561443254,53.0426897574216,49.5606170035899,77.277233148925,0.0174286434549837,0.01,0.01
"1173",67.1518989372998,99.4068031897768,92.6298918668181,19.5991014828905,68.6337824678048,63.1766862468794,88.8230162207037,0.0031789443627621,0.01,0.01
"1174",25.1424597110599,95.3077574027702,55.7635198812932,34.9451435729861,21.850746171549,98.5806583426893,58.326463168487,0.0300302270248965,0.01,0.01
"1175",91.6666785953566,27.7242979267612,69.146069814451,63.596803881228,12.7074816497043,72.5957421585917,2.947934018448,679.787820480929,0.01,0.01
"1176",45.3175075817853,69.1648895153776,2.93019725941122,78.7049314705655,35.6401456752792,25.786981638521,97.3717073909938,0.0224483972025808,0.01,0.01
"1177",51.6519409604371,66.1525445524603,9.81077717151493,54.629945079796,11.1035646405071,28.0721476534382,5.83009228575975,641.254982476847,0.01,0.01
"1178",27.5157140102237,44.7505690157413,91.195814916864,59.1289331205189,45.203730952926,29.9050474073738,45.9699449129403,0.0278437916004046,0.01,0.01
"1179",63.9696760801598,80.2887245547026,13.4367973543704,68.6711088055745,88.1651013391092,94.8835625546053,77.7669550152496,0.00988840277784667,0.01,0.01
"1180",21.1204227758572,68.1689012562856,92.7956853294745,68.357679923065,37.375346175395,81.1322998255491,16.596937738359,1.90490815215346,0.01,0.01
"1181",46.7982044909149,58.0796950496733,14.8420962970704,63.1650772644207,1.76090851891786,51.0417281417176,5.14127716887742,928.908841156366,0.02,0.02
"1182",95.3554359031841,57.3184437118471,63.1094302749261,68.2235605316237,57.2531372774392,24.3609548546374,20.7928673829883,0.062290798718263,0.01,0.01
"1183",49.2353067966178,93.6880559194833,71.9247072236612,63.1356314988807,63.971358537674,26.3209875207394,9.95385311543941,1.59683000054273,0.01,0.01
"1184",3.35073235910386,84.0713267680258,16.9826192781329,73.1252938508987,34.7603385802358,44.9329451425001,18.8398716039956,1.6635005868885,0.01,0.01
"1185",31.8280830513686,87.9347371635959,61.0499748960137,60.8623226406053,11.3784642191604,47.5020457990468,9.31718701031059,389.741413676787,0.01,0.01
"1186",97.7858411846682,56.3122818479314,82.0772687671706,74.5875376276672,28.9052786305547,64.0558392973617,24.9694824684411,0.843188053036993,0.01,0.01
"1187",63.1332196528092,22.6460238918662,45.9759051911533,94.6451087016612,98.6085718497634,24.7537904651836,82.8103031497449,0.0114472411478597,0.01,0.01
"1188",25.935784727335,56.2608795473352,16.332074557431,14.4832702120766,48.3798629837111,90.9290226176381,42.1390666859224,0.00694058471089533,0.01,0.01
"1189",55.861058854498,73.2252550311387,60.1002743700519,43.01040568389,42.7308267680928,11.344005423598,83.2312304759398,0.0119469132249063,0.01,0.01
"1190",41.2973390892148,44.5378337288275,18.3951028157026,11.7476255167276,63.3740562014282,16.5917599806562,82.911366247572,0.00220889699528686,0.01,0.01
"1191",74.222785490565,28.8842897629365,28.7860636366531,77.8128635371104,79.2337451362982,20.8425506483763,5.99873587489128,7.60272345011571,0.01,0.01
"1192",37.5818160362542,70.1555392937735,42.6555792335421,39.9344187229872,88.5247475001961,3.29983162228018,58.2819872302935,0.00759979142430438,0.01,0.01
"1193",39.8253807099536,15.6206478364766,84.953581658192,25.4081187071279,26.6924928873777,44.4242430385202,79.2742802063003,0.0118552506804056,0.01,0.01
"1194",85.7121798675507,82.9966952092946,63.311081356369,13.0489898379892,49.6868321439251,7.88388126529753,1.66824981570244,541.620413451857,0.01,0.01
"1195",11.9721941417083,5.65321880858392,17.2615093644708,64.8162393830717,53.2439552713186,16.7981634614989,65.603079739958,0.0182598463868977,0.01,0.01
"1196",60.6647299602628,21.4145344216377,26.6457386314869,90.3786401730031,69.9929773807526,74.4150161044672,97.4454146111384,0.0131153853281189,0.01,0.01
"1197",47.3002788843587,14.8318618070334,1.82670508511364,81.9148384267464,34.3740357086062,96.1593644926324,91.0853252746165,0.025878171832224,0.01,0.01
"1198",58.0920625478029,95.1774748507887,76.7021665116772,50.3742643399164,90.4436772922054,50.2875975100324,97.9307513451204,0.00562945418546631,0.01,0.01
"1199",28.9039820199832,45.530394744128,67.2745402436703,8.59302505850792,24.5787830557674,47.988598793745,35.0949005922303,0.231546136908585,0.01,0.01
"1200",83.1427494995296,69.2423002561554,67.4939658259973,50.3332281252369,42.865688749589,39.3056713277474,77.2491278126836,0.0150048509016335,0.01,0.01
"1201",88.4782646782696,96.804826753214,98.8087573554367,6.50355017278343,94.4043736672029,46.3682976784185,4.50451548676938,7.18672017475803,0.01,0.01
"1202",50.4671365488321,30.1541468361393,31.3963084015995,54.8099681269377,97.2675980068743,11.302071204409,69.5810885401443,0.00797906913829583,0.01,0.01
"1203",69.3987503647804,27.9205683851615,3.91629014629871,27.6333259185776,60.8036741381511,30.3165395511314,99.0744108101353,0.00454112042163977,0.03,0.01
"1204",53.726879437454,39.2062494531274,12.658011727035,64.3035375978798,45.1071266550571,30.9045041678473,9.93620178196579,11.7251647953527,0.01,0.01
"1205",68.9242741558701,43.1076913606375,43.5971250757575,52.6094140252098,42.4103393917903,40.6417364487424,55.8137801708654,0.0218328602761865,0.01,0.01
"1206",15.1449187193066,72.3308009328321,38.9577692840248,96.6926851309836,55.6017271010205,70.9946839371696,31.2071658903733,0.0540184478117793,0.01,0.01
"1207",54.4010275742039,27.2406275384128,22.4153912393376,32.805333728902,13.8930846937001,75.9130331687629,15.4872934799641,126.562184025788,0.01,0.01
"1208",8.98679115343839,1.15423540119082,40.559545555152,92.3951080534607,0.960500468499959,31.4610046800226,64.784504682757,606.189355146916,0.02,0.02
"1209",65.992639772594,33.4486432140693,71.3649430777878,98.0950546916574,65.0931058451533,25.2450296422467,52.3496086010709,0.0282382866866049,0.01,0.01
"1210",29.2234771186486,70.5639397026971,68.2348247850314,45.9356209030375,70.3588131349534,65.8014682587236,97.550002252683,0.00662444576654944,0.01,0.01
"1211",74.411998107098,71.9000524841249,42.1963681234047,59.743811073713,14.0969368396327,78.7327957572415,4.230069485493,538.132264812902,0.01,0.01
"1212",10.343401087448,27.0309136016294,1.26257026568055,71.4767944999039,80.0284619210288,84.5929098082706,35.0621981779113,0.0247658904664236,0.01,0.01
"1213",4.82386357616633,6.68642609380186,0.938074453733861,82.2853610850871,59.2593490611762,81.0092974454165,60.0296188145876,0.0227496329836161,0.01,0.01
"1214",89.4772715168074,34.4010141445324,36.2295181723312,59.8392070038244,98.8367840182036,7.15048420242965,4.14472531992942,24.4657192706366,0.01,0.01
"1215",14.3549961270764,99.7473889263347,71.0109307430685,7.28677394799888,2.48539424501359,90.7331326277927,98.113384260796,101.84620186431,0.01,0.01
"1216",64.9845658801496,23.6348689300939,42.2353237634525,30.9953469550237,44.0475821029395,74.9219024088234,14.3858775263652,1.66331942563905,0.01,0.01
"1217",63.3516488131136,41.7938648723066,18.9499679720029,21.0583019070327,44.6359212044626,22.698873677291,81.256737979129,0.00573509037478659,0.01,0.01
"1218",59.2868239386007,47.1554916119203,76.4903228264302,66.7164590675384,63.3239174261689,77.4121918249875,71.6479241615161,0.0145012959039846,0.01,0.01
"1219",66.1788597470149,22.2110998351127,34.947023098357,97.9549994692206,8.24605133384466,76.5614409465343,92.5666880095378,0.788491504701502,0.01,0.01
"1220",21.5522199636325,54.3892675312236,93.4762149583548,67.5056423759088,95.2227737987414,55.6568996747956,57.4272786499932,0.0121315415957018,0.01,0.01
"1221",2.41673919372261,3.27459664549679,19.7606971720234,57.9826948000118,18.2334875455126,9.06944542657584,10.4159615701064,130.997306841609,0.02,0.02
"1222",82.0799585198984,32.5553828617558,16.359540191479,72.3141351016238,41.1519115325063,66.8169584823772,42.2962812008336,0.0406171230475179,0.01,0.01
"1223",43.5424637515098,20.4964451957494,54.750763066113,38.3305774070323,42.501481436193,84.6855353331193,43.8021591631696,0.0201381681003707,0.01,0.01
"1224",9.25628496333957,88.0051125772297,36.9869888061658,24.1521556163207,7.96627048403025,94.6785768261179,27.0340282702819,127.564228096289,0.01,0.01
"1225",82.9389729071409,5.16267102211714,78.9143802365288,69.0640964079648,22.1599509939551,53.607724327594,53.629690897651,0.0731108999789103,0.01,0.01
"1226",48.3826418407261,14.9010494817048,29.1685150237754,57.4691548245028,77.3940148996189,54.6461143763736,52.32814848423,0.0139217189058945,0.01,0.01
"1227",40.009740437381,22.1763513050973,18.2713690912351,12.8190574469045,44.9674920877442,79.9548845272511,27.0527173997834,0.0155757626937926,0.01,0.01
"1228",67.6472766790539,55.2088126773015,74.0076408721507,34.7503570374101,37.5419330317527,44.2029432859272,89.9949302431196,0.0101714794977969,0.01,0.01
"1229",32.4789735488594,86.503147543408,81.4909043489024,54.1800110833719,97.4878406850621,80.7331876130775,14.9535893229768,0.035075570391199,0.01,0.01
"1230",85.3664852678776,11.6522238822654,88.3898309199139,2.34679153654724,30.9626583242789,63.4321548510343,0.505171809345484,669.247741400287,0.01,0.01
"1231",23.9540435140952,43.1179306935519,1.54984509572387,98.5607943264768,3.16419000737369,84.7883053822443,53.5334893735126,215.792351458863,0.01,0.01
"1232",52.5352640543133,50.8861819049343,1.66640165261924,58.20367843844,6.05473970063031,16.508364258334,77.7695738477632,19.1206566371445,0.01,0.01
"1233",70.8630771841854,90.1511945296079,18.9034495735541,95.0255439151078,80.7789138518274,50.3251316957176,7.09174529183656,2.07504165734862,0.01,0.01
"1234",95.2136615058407,52.206524880603,27.6626837672666,86.9065843522549,34.6195933176205,99.9765864107758,65.5987442936748,0.0376931763801623,0.01,0.01
"1235",62.9302650457248,97.3957947688177,27.7644998859614,96.5257197618484,96.659930376336,98.5260005574673,90.2755193877965,0.0109404396688585,0.01,0.01
"1236",2.10587114561349,23.464746074751,92.3828892642632,20.9246754646301,16.1394953960553,5.97147124353796,47.3673736443743,9.81781307542969,0.01,0.01
"1237",77.6016369694844,48.0116793652996,69.056231318973,41.6417991044,92.2727288212627,36.3054591696709,41.7712111957371,0.0105493315709654,0.01,0.01
"1238",54.6030943514779,50.0078361714259,25.993415643461,11.4803230855614,33.0405498621985,29.6373013872653,59.8017984535545,0.00571872489969155,0.01,0.01
"1239",91.2839468102902,61.4129340276122,55.7813560822979,24.6980329975486,58.3227231400087,75.9711591992527,85.0188881158829,0.00492284215526193,0.04,0.01
"1240",81.509850313887,65.8194073941559,24.3488447740674,31.8912759190425,49.9153196578845,1.6157797537744,59.7424966981634,0.0106533824085273,0.01,0.01
"1241",99.0955133689567,46.0970902582631,11.3635533023626,75.0812686979771,53.3533048117533,5.24931205436587,85.9908142825589,0.0161708562023768,0.01,0.01
"1242",75.1291892491281,96.0104579105973,48.0829813750461,24.1291555343196,19.1608079941943,71.5800794307142,69.0710837952793,0.0199878954415849,0.01,0.01
"1243",35.4911470552906,10.9258580254391,11.220723297447,40.037103369832,7.05983785446733,15.6414106255397,10.7195530319586,808.898493687159,0.01,0.01
"1244",60.7952744932845,21.6375868534669,56.9718999555334,14.5714306039736,28.2472016755491,19.8929650476202,54.3760044965893,0.00985882788022749,0.01,0.01
"1245",6.25780569389462,26.1890963418409,12.1666277525946,3.89881941955537,81.7940905224532,49.568251054734,51.2043033493683,0.000912987229453551,0.02,0.01
"1246",77.8431039303541,63.8320180121809,9.39445486292243,58.0447891959921,37.6676918938756,9.1338095953688,91.8169566662982,0.0166005853275375,0.01,0.01
"1247",53.6718431161717,70.4978931695223,67.4711516359821,77.3077332880348,60.1627790601924,59.8395572276786,5.92641164548695,19.7432548488979,0.01,0.01
"1248",73.5913750482723,50.6378451362252,5.4103545146063,99.7359811095521,20.1852620579302,73.5147232422605,87.5162633135915,0.055847467491889,0.01,0.01
"1249",79.5295255025849,13.7383232358843,8.1574056763202,25.6557641783729,15.0493014371023,68.3610807405785,44.2307782592252,1.7988287653631,0.01,0.01
"1250",46.0615681950003,4.5615958981216,74.7698090504855,17.3219333635643,23.9778547780588,84.2779426369816,64.6156282862648,0.011437500880578,0.01,0.01
"1251",53.6190144252032,98.5427318373695,29.8143729567528,19.0005054697394,1.03223898913711,47.9266525711864,31.4033198636025,870.69489059872,0.01,0.01
"1252",87.7673711860552,39.688263181597,38.1937662372366,95.1245311880484,21.8053658027202,24.9230361543596,51.8788405926898,0.103367449104422,0.01,0.01
"1253",7.31837963685393,71.5300922980532,74.1527796722949,57.8825709875673,18.3669491205364,66.9848014367744,31.0867402236909,3.85490267543283,0.01,0.01
"1254",83.6918608983979,7.0396120660007,88.4977963054553,54.9716408131644,98.1354970717803,75.9075280278921,16.7839572066441,0.0315386656135921,0.01,0.01
"1255",61.7397350491956,45.8627963904291,29.2397535638884,97.5434764986858,54.6339679276571,3.88976151589304,68.799475254491,0.0255570709657351,0.01,0.01
"1256",2.3179825861007,14.2601321218535,80.4211778566241,19.5857879007235,52.7907550800592,40.9138978458941,76.3899178709835,0.0047916421210126,0.01,0.01
"1257",85.6585904723033,95.9774435963482,45.3574732178822,12.4082561815158,7.10418447852135,89.5076002227142,47.1684196265414,38.7291469195735,0.01,0.01
"1258",70.6327015301213,67.2387641621754,60.7345811789855,79.8248576931655,10.5617751600221,54.2540363967419,62.2054784558713,1.86768468696393,0.01,0.01
"1259",19.1331831039861,86.0738437389955,68.5960526112467,22.7598132565618,72.8032689075917,63.2135820807889,58.6150163318962,0.00524372722829428,0.01,0.01
"1260",97.1550323069096,81.2303418293595,29.5627298532054,52.6689408347011,54.3873232323676,9.15143333841115,86.8216922041029,0.0110250703161423,0.01,0.01
"1261",74.932819022797,99.0012294147164,73.0138593353331,89.6091389469802,43.3988383738324,54.0881501045078,29.703126847744,0.0696005162864413,0.01,0.01
"1262",0.576277379877865,40.8927025273442,55.736031383276,2.37940102815628,83.5686387959868,70.6073539797217,87.2256655944511,0.000322694848954914,0.01,0.01
"1263",70.0488879578188,19.5439437171444,35.4662962723523,51.8818530486897,47.7712277788669,65.8255678601563,52.625772729516,0.0202504740184789,0.01,0.01
"1264",27.8854558477178,58.8206782704219,48.1403020676225,58.339531510137,1.19881911668926,66.9659840408713,63.6021984508261,553.929646204735,0.01,0.01
"1265",2.09031340200454,94.9448609724641,11.1542952712625,95.4224021406844,87.788477842696,89.3921386450529,40.9886752953753,0.0258868809332597,0.01,0.01
"1266",57.8126949025318,60.0758227519691,49.8187453951687,87.0596242370084,3.79256140440702,51.7163965618238,96.8223902164027,33.1973570291625,0.01,0.01
"1267",46.245671226643,57.752769254148,37.3884354485199,37.8344716271386,13.6708336416632,70.4870607005432,91.0419109510258,0.0350541032429373,0.01,0.01
"1268",99.711219384335,84.3113821465522,2.18621653039008,16.3670477457345,72.4219484021887,74.1935771191493,69.6195008698851,0.00320014929898518,0.6,0.01
"1269",24.4311855407432,42.6849520765245,47.4052781239152,83.2586896372959,6.71895244158804,83.4456096403301,86.088364594616,3.97610803252108,0.01,0.01
"1270",55.4217347642407,22.5988859776407,44.1830655559897,86.1022053984925,70.8050299203023,45.2967406017706,20.7548629492521,0.0563042596084816,0.01,0.01
"1271",85.955150402151,70.284086628817,50.336458417587,40.5977840768173,97.5402259035036,99.8109385836869,68.5711248079315,0.00598261608555166,0.03,0.01
"1272",28.9883690187708,2.25678770802915,65.0432985974476,40.7368676736951,78.7767107365653,27.5429123546928,99.9062102520838,0.00510143766429571,0.01,0.01
"1273",42.8740153787658,76.4416445977986,13.1758518284187,50.870149419643,9.30458637885749,52.5251357583329,24.5704019675031,119.511377080702,0.01,0.01
"1274",92.8145960438997,1.33161481935531,11.715039703995,8.58066785149276,51.5103161800653,3.15694054588675,69.9795397464186,2.73367036399765,0.01,0.01
"1275",87.0329421712086,74.9351361766458,12.8076237859204,57.8646624460816,43.4925843961537,92.6354180788621,7.28598744608462,32.0583819481903,0.01,0.01
"1276",45.9154811454937,5.54307352285832,50.845337077044,64.0985729172826,18.6564195202664,93.9821004401892,38.3613598765805,1.2892872807484,0.01,0.01
"1277",18.5158288804814,33.7505709612742,69.536048010923,19.4354298757389,25.6127720931545,58.3953658118844,38.7451576767489,0.0806875336121891,0.01,0.01
"1278",19.5164202246815,59.4803426414728,68.1978951441124,53.0696094268933,53.7367676617578,42.1935393242165,43.5883469879627,0.0221468974470111,0.01,0.01
"1279",85.3503619786352,76.1263658758253,10.7421638909727,76.9707879982889,62.3577940743417,83.1091641448438,59.5489263767377,0.0203855767525362,0.02,0.01
"1280",43.4950530063361,57.237058901228,43.6223759315908,46.1915538646281,54.6746456529945,78.4486467484385,40.1213515549898,0.0205449787601532,0.01,0.01
"1281",45.7483685808256,5.10240462608635,99.7447620844468,38.0140686873347,70.112075842917,75.6988297915086,76.3194744475186,0.00700428990358808,0.01,0.01
"1282",53.233008692041,12.1862038271502,73.9881946705282,85.7704031979665,69.7615373879671,97.8660615626723,82.6632505049929,0.0146919384951072,0.01,0.01
"1283",19.4723589578643,83.856709394604,55.0785435596481,69.9605360394344,69.3729784805328,80.4023057455197,91.6880095144734,0.0108799152158056,0.01,0.01
"1284",61.5842596860602,58.4657137049362,46.1461663711816,34.0585579397157,53.3458061050624,73.8753090146929,98.8245444837958,0.00639547822871695,0.01,0.01
"1285",9.26080828066915,89.4320851424709,40.4038346139714,20.970540586859,10.2704489370808,9.84852972906083,12.9083395004272,754.1715309314,0.01,0.01
"1286",66.8364429147914,37.7151738386601,7.52587334718555,39.7324812831357,51.1866244487464,58.9445830089971,53.2924523809925,0.0142967060847368,0.02,0.01
"1287",81.1596740037203,49.7971134958789,29.6691242838278,30.7462207274511,60.8521133428439,76.0431467322633,94.9304122943431,0.0052667878857861,0.01,0.01
"1288",87.5307914800942,7.5731162680313,17.4125076970086,48.4095051186159,21.599500044249,0.156839075498283,48.5199715243652,0.0963285382915042,0.01,NA
"1289",14.7236325545236,9.94414659217,21.3986648712307,7.66612247098237,42.4394049914554,86.5293533774093,69.1727546975017,0.00257402377009738,0.01,0.01
"1290",56.0092250118032,65.2434941148385,99.740159814246,87.5747360056266,30.2268402650952,64.7321715950966,87.0086871320382,0.0329175589186437,0.01,0.01
"1291",48.8132269121706,64.3580908654258,20.971796871163,5.35168913193047,83.8999966392294,58.0005033873022,22.2612926736474,0.00274766884319059,0.01,0.01
"1292",40.6080565880984,33.2398737082258,46.1005499353632,88.2098215864971,46.533871954307,85.1330864941701,51.9064291147515,0.0358278435739929,0.01,0.01
"1293",50.7987097138539,26.5785333234817,37.2666919138283,44.4199807476252,33.5522851208225,46.829722658731,87.9513588966802,0.0148822304100545,0.01,0.01
"1294",15.9848303534091,32.3897426249459,18.0462051415816,61.5565784275532,2.2183614782989,12.8539714496583,38.9847490936518,403.067501215583,0.02,0.02
"1295",75.3006310435012,28.9131584810093,49.4675910798833,32.5742563931271,82.6006775256246,18.8543573720381,61.3667658064514,0.00632057706921598,0.01,0.01
"1296",67.2420910093933,36.2074192613363,10.894682421349,47.0855980180204,11.4882400259376,29.3086170451716,97.9994519148022,0.0647846096274767,0.01,0.01
"1297",9.99205014668405,9.61014870554209,33.0664057517424,48.7278321990743,68.9575258642435,95.0746805872768,57.0097965188324,0.0121794046851225,0.01,0.01
"1298",76.8615979934111,63.6635305825621,31.5777993761003,89.6948048146442,93.7723477603868,51.6479396959767,57.3869736166671,0.0163814908096002,0.01,0.01
"1299",20.9732732037082,3.37554309517145,44.6632997132838,51.654363446869,29.5904298080131,33.3698187023401,39.5476060686633,0.0811382213952819,0.01,0.01
"1300",41.5619518607855,35.7150742318481,65.9181704977527,39.5560317672789,83.6153209907934,6.44933078438044,88.7083510169759,0.00526569065060252,0.01,0.01
"1301",32.1972201578319,5.15488255769014,5.7917389087379,55.4914869600907,34.1867045033723,6.72217723913491,39.6475970977917,0.105737452378077,0.01,0.01
"1302",80.6754843331873,68.0024740984663,17.668541171588,87.9048133967444,16.3266833405942,51.4240278396755,4.23791282810271,505.011187629827,0.01,0.01
"1303",42.4404818564653,58.0599139677361,79.2996504344046,74.5254034176469,46.5374233899638,74.1352515527979,17.3546036006883,0.350621392765444,0.01,0.01
"1304",32.9016047529876,61.4999737357721,33.8149372721091,29.7619160730392,78.8229008438066,41.8532073497772,45.2276168158278,0.00816735235416429,0.01,0.01
"1305",24.5322184404358,21.1392363766208,40.9374357899651,18.0713252862915,18.6368523864076,87.6154387602583,21.5275309048593,20.2618645417708,0.01,0.01
"1306",53.6403972655535,81.7445821827278,99.9534202273935,97.9341543046758,14.9396437453106,92.2441063681617,90.5201093293726,0.0731648227291996,0.01,0.01
"1307",28.6827079486102,45.5279788700864,95.0048113707453,36.34077985771,89.0926222782582,98.043357860297,48.0575349880382,0.0083138465924278,0.01,0.01
"1308",45.8055206341669,55.4188078735024,4.53181557822973,9.2975921696052,11.2604520283639,98.6063569784164,93.9683474600315,0.0389997101357663,0.01,0.01
"1309",34.5640598097816,27.7278705034405,22.1092881634831,93.8638790743425,58.2664782879874,25.5996389081702,24.9875421170145,0.0626771326948024,0.01,0.01
"1310",91.2973528727889,24.6157325804234,87.8510594367981,75.3116639563814,8.99446825496852,24.7548239538446,10.2227227529511,541.161689422018,0.01,0.01
"1311",89.7256158292294,3.6961912875995,42.1723052626476,22.5205531343818,59.8950362531468,26.2982521206141,39.1214366070926,0.00935683767438857,0.01,0.01
"1312",25.133930449374,13.2498459890485,90.8488188171759,86.2371919211,58.2365175941959,72.0532775856555,87.0075185317546,0.0168196420387664,0.01,0.01
"1313",18.2355981320143,66.8291632086039,55.5176801979542,56.4230538206175,17.9961937712505,37.3997597023845,3.03869696799666,612.128345177282,0.01,0.01
"1314",42.0297028962523,74.9347415287048,58.4303446812555,70.9654621779919,91.0733493510634,38.3291577221826,97.5928618805483,0.00790258309915349,0.01,0.01
"1315",69.7376194410026,71.0254786768928,60.8355976874009,19.3728883750737,69.3926663137972,48.5608758870512,24.7574736829847,0.0108654814490797,0.01,0.01
"1316",59.3775859335437,8.49573567975312,58.0740717472509,24.000126705505,0.0498693436384201,98.5369254136458,98.923549731262,941.074894112749,0.03,0.02
"1317",37.7563201356679,98.6955288099125,89.5650873659179,50.0886768102646,93.1316861184314,9.11848158575594,58.7248607771471,0.0090002069696627,0.01,0.01
"1318",52.2876642877236,30.3189896512777,48.2363286195323,49.7711157426238,84.6152148209512,71.657609869726,78.4958576783538,0.00739846969697578,0.01,0.01
"1319",7.1246549487114,62.9573652520776,36.367448605597,7.91245615109801,77.6450383709744,99.2995410459116,17.5371289718896,0.00628379822521306,0.01,0.01
"1320",3.77728496678174,68.8720071688294,43.4666458982974,11.4583627087995,50.5642945645377,5.54431877098978,43.3819129830226,0.0051100275360484,0.01,0.01
"1321",28.6328648217022,44.797512027435,53.4774467116222,2.8794725658372,27.8830597409979,47.0890037249774,8.3213615231216,99.713759746526,0.01,0.01
"1322",86.9165721116588,43.9040675060824,83.0607181414962,45.7853836240247,11.3874441245571,39.5189690869302,89.1197629505768,0.103319754288327,0.01,0.01
"1323",85.2394176879898,83.2612387835979,13.0388460820541,67.046301974915,60.3394933277741,10.6008387636393,21.2142942938954,0.0554508996137094,0.01,0.01
"1324",16.4056565845385,96.4625677559525,67.8263608831912,22.9373048525304,38.411929900758,97.8749918751419,11.5004822146147,9.94533458903258,0.01,0.01
"1325",38.749459781684,84.181509912014,0.209134840406477,1.31723245140165,2.62330898549408,47.0822745701298,70.8018886158243,199.378237340991,0.01,0.01
"1326",75.7205449743196,80.9029892319813,45.6773436628282,44.5268411422148,0.999262928962708,92.4219283042476,8.03954969160259,906.765354899009,0.02,0.02
"1327",92.5948520656675,79.404786019586,1.14764405880123,84.0598661452532,82.8601936809719,59.3501328025013,55.5178380105644,0.0179493705108108,0.02,0.01
"1328",90.7040641875938,30.9859703294933,69.1611277405173,24.9455937882885,37.635834235698,47.4537266883999,38.2158835884184,0.0176040527435345,0.01,0.01
"1329",85.0074835820124,60.0525382673368,12.1049945009872,65.654671844095,42.90007178206,20.7893303595483,95.7176836207509,0.0158226433775862,0.01,0.01
"1330",15.9605657681823,26.9799433881417,76.006257510744,15.9783322131261,20.3138557961211,82.417987450026,42.3315719235688,0.244058421357418,0.01,0.01
"1331",20.9003216354176,41.3075195625424,5.76555875595659,82.5194211443886,7.57402428425848,74.5839581126347,3.10211624018848,823.979949689583,0.01,0.01
"1332",71.5148884570226,15.3457137057558,32.9091929364949,36.9541281834245,94.6267405059189,79.0560822701082,2.52548470161855,44.5948114259569,0.01,0.01
"1333",53.7055710563436,31.6315189935267,16.7257009074092,78.7013662979007,75.2939966041595,87.2002376476303,52.7215059148148,0.0194561221577612,0.01,0.01
"1334",8.29861869569868,67.0370418811217,1.23647479340434,96.4409503852949,96.0283604450524,38.0198869854212,96.8123225262389,0.0102671751070353,0.01,0.01
"1335",31.2015716917813,23.9003550261259,5.08965428452939,78.1695943325758,82.9669690690935,31.3686276087537,5.71440923959017,6.68603792993159,0.01,0.01
"1336",90.0684447027743,22.8958039311692,67.1658381819725,55.9641470201313,5.37743552122265,97.3521500593051,30.2744821412489,221.971210717111,0.01,0.01
"1337",48.49679809995,77.2860979195684,37.2661696979776,13.4969830513,33.4026726195589,89.9728928459808,20.7176333526149,0.907675784355374,0.01,0.01
"1338",46.0269345436245,57.7538770623505,51.9662813516334,32.9420719528571,49.0045125596225,11.4387641195208,16.0002497490495,0.824035804985123,0.01,0.01
"1339",39.1843678662553,21.7662382172421,38.1398337194696,18.0130146211013,16.8709467863664,42.0748952543363,18.200282054022,59.1505305775589,0.01,0.01
"1340",86.5038138115779,0.491754664108157,85.001341952011,86.0191272106022,63.7782117817551,65.9109853208065,41.2238606484607,0.0316339345349715,0.01,0.01
"1341",75.1102765789255,93.2804614305496,26.9414473557845,13.1831344217062,80.4620722541586,23.0689174029976,1.34271210990846,198.76078560328,0.01,0.01
"1342",95.5295648891479,68.7505676643923,99.8721677111462,8.65279752761126,10.8888738788664,38.5781455552205,81.947520095855,0.196182580745467,0.01,0.01
"1343",28.6405794322491,90.3791561489925,37.0094880927354,10.6673269765452,7.25645273923874,31.6191704245284,29.2572289472446,164.554353033636,0.01,0.01
"1344",41.0878039430827,25.2941305749118,6.52453368529677,79.093212983571,90.324705094099,5.59310780372471,23.9006878808141,0.0351359400979654,0.01,0.01
"1345",71.1916210129857,16.513182525523,54.8052493017167,68.1956293759868,15.1847110828385,4.37774173915386,43.9462131354958,27.595875130251,0.01,0.01
"1346",36.9695251341909,29.3006638763472,16.6394722880796,86.4328545518219,25.6090944632888,87.7778543392196,26.3205263996497,1.3850703074088,0.01,0.01
"1347",72.4834188818932,5.9752217726782,29.2902661021799,70.0657849898562,96.3455387856811,6.42532403580844,25.1199539983645,0.0276831304773607,0.01,0.01
"1348",6.26371228136122,90.7379422336817,89.5227507455274,69.0127804409713,36.0556767089292,26.3293932890519,18.1112386286259,1.99546151384321,0.01,0.01
"1349",73.9986906759441,76.6597078181803,92.3154903110117,29.0184733923525,93.2276827050373,42.4513153964654,72.407863731496,0.00423959764858845,0.01,0.01
"1350",8.37322280276567,1.83725657407194,96.2555726058781,93.094964325428,19.4024497643113,52.5694436626509,29.1364015545696,11.6010284706941,0.01,0.01
"1351",35.8400913653895,24.9702009139583,4.22550728544593,89.481171220541,38.2655810099095,51.0298964101821,59.7042216220871,0.0385204944073237,0.01,0.01
"1352",29.8268591752276,32.9034755937755,66.1086364649236,21.8712645350024,10.843454557471,11.9760134024546,26.3492186553776,146.282779914346,0.01,0.01
"1353",33.9777318760753,18.8074327539653,28.4001517342404,4.65143502224237,56.9309936836362,3.67445566225797,80.3895618766546,0.00100152000592964,0.01,0.01
"1354",56.3416119199246,38.461987581104,75.7826841436327,6.16880250163376,13.2164644310251,89.099386241287,16.586527088657,117.684730898211,0.01,0.01
"1355",65.3480565873906,0.668915337882936,0.191729050129652,87.7701184013858,52.3369475500658,2.16622294392437,50.5534971831366,8.52620575274073,0.02,NA
"1356",75.5959198111668,84.6620317082852,16.9446918647736,34.6125407377258,35.6345151085407,64.2732734093443,97.5454613566399,0.00985647316005088,0.01,0.01
"1357",64.4678644603118,53.5901965806261,56.7429284099489,11.6931045660749,92.3080298351124,52.8249547118321,9.08295908011496,0.143344302556418,0.01,0.01
"1358",50.6776857888326,38.1096661789343,32.6873146928847,91.6192755801603,99.750378029421,40.5304026324302,91.9221059884876,0.009883253363034,0.01,0.01
"1359",97.3192335106432,46.2097211042419,27.5175981456414,25.477144937031,58.0769407330081,47.4119524704292,48.6663640709594,0.00883204757646154,0.01,0.01
"1360",80.9454706031829,79.5435569714755,89.4297439837828,72.8852074127644,38.830911484547,12.110771634616,98.8268554676324,0.018796238873749,0.01,0.01
"1361",83.9316203724593,25.1186138950288,53.7017834372818,88.2388982921839,59.5036103390157,21.6269543394446,14.5667711738497,0.31441612880374,0.01,0.01
"1362",22.8002800373361,31.3499649753794,41.3688064087182,27.9726083157584,14.2688287654892,43.7451190780848,85.0302650593221,0.031637007260548,0.01,0.01
"1363",7.20903258770704,82.6684744562954,6.42618380952626,26.2259726179764,85.2642807178199,47.3651322070509,39.5795268006623,0.00757958399751769,0.02,0.01
"1364",34.4711973564699,66.0168548114598,41.1178996786475,54.7229407122359,71.6477886075154,1.48435637820512,36.9912315625697,0.250028498274356,0.01,0.01
"1365",22.2546344157308,34.8439680412412,59.6728126751259,24.5314688188955,86.9847688591108,9.86159234307706,43.5393566032872,0.00632705411648828,0.01,0.01
"1366",7.83136582467705,51.7587364418432,84.1434297617525,39.5858586300164,48.8273366820067,96.0019740508869,25.0496505759656,0.0353828105802381,0.01,0.01
"1367",60.0911764195189,50.5193296819925,93.2531155878678,22.7895709453151,43.1376222753897,15.5889461981133,64.2444225028157,0.00809375725366565,0.01,0.01
"1368",92.1059858752415,17.9683130700141,56.8362305406481,78.8873602403328,31.3130202703178,63.1531028077006,74.1405036533251,0.0335239343654457,0.01,0.01
"1369",43.6765351798385,92.731374152936,84.051512228325,26.3981915311888,7.20564853399992,97.0274546882138,22.4326539551839,212.675984315498,0.01,0.01
"1370",9.51307159848511,47.8353307349607,85.6299542589113,30.8766011614352,78.187244082801,7.56338217761368,63.8186868978664,0.00608530964850045,0.01,0.01
"1371",92.3871589126065,80.211861920543,98.1241536326706,23.1636322103441,92.8730361163616,90.7508039847016,15.2128895046189,0.0157651139135986,0.01,0.01
"1372",52.2205631947145,26.7960932804272,38.885809876956,99.3505421327427,49.2290268652141,75.9111566236243,17.170005175285,0.302644821525687,0.01,0.01
"1373",41.6792152449489,63.4421104565263,28.8679492194206,42.9413702804595,3.87033419683576,61.0498622525483,48.9769098348916,181.200041156522,0.01,0.01
"1374",19.9049693066627,25.1767597626895,21.8017009785399,95.0156379491091,99.6699096402153,79.2515290202573,29.0214490611106,0.0317516908769116,0.01,0.01
"1375",3.99903659708798,34.227281017229,64.2636031843722,91.6317758383229,7.10276693571359,10.1894735358655,5.3552622674033,682.096306307859,0.03,0.03
"1376",53.0459496658295,57.6150604756549,64.870075811632,32.5221850769594,52.7586227515712,75.7049046922475,67.4747949233279,0.0090019987257603,0.01,0.01
"1377",15.6575654400513,3.53224100545049,33.8565988698974,6.81527811102569,89.4457362825051,41.6202466702089,47.2775719827041,0.00157630853439758,0.01,0.01
"1378",51.1279651429504,11.9576353114098,36.0247623408213,4.66758478432894,4.83940665144473,90.9307126654312,95.0389869743958,13.845169452549,0.01,0.01
"1379",73.6852983711287,65.3410453815013,42.678867187351,81.1687698587775,24.000195087865,43.5603126417845,46.2518689921126,0.0902485895977971,0.01,0.01
"1380",87.0811574393883,80.6091925129294,99.661971651949,85.3790009859949,58.7196162668988,17.9324366850778,58.4225191967562,0.0244618992095903,0.01,0.01
"1381",20.28369740583,33.6513690883294,86.5721296984702,40.2443148894235,12.4157504644245,52.5025481358171,13.6091595748439,215.493124692917,0.01,0.01
"1382",51.3005431042984,42.4473155522719,57.4367029825225,63.0415698280558,7.77842437382787,74.4245366659015,37.6894195796922,62.2985976082271,0.01,0.01
"1383",92.002805811353,42.4442160176113,90.2968378504738,23.122497391887,31.5497806994244,73.4012119472027,18.6227961909026,2.74250692931311,0.01,0.01
"1384",43.2286211056635,66.8549007736146,50.9035930270329,32.8994187992066,94.8900892632082,70.0207861606032,67.4982130760327,0.00506134451681089,0.01,0.01
"1385",41.4394607534632,16.9468728359789,92.882116092369,87.0823538629338,73.1632250361145,75.6270175799727,66.6008614003658,0.0176014668934789,0.01,0.01
"1386",43.7622888945043,9.16992851998657,31.6457330947742,66.6138380765915,42.1569796977565,36.1118057277054,61.0141264274716,0.0254725705479037,0.01,0.01
"1387",3.18617408629507,23.425906104967,55.4976626764983,95.2155906939879,91.3232274819165,76.971375499852,22.8891315869987,0.0436390024185387,0.01,0.01
"1388",38.1496949587017,95.4444324830547,80.9847147203982,89.7853896254674,60.8336386969313,13.5682634077966,96.5644795447588,0.0151237428590519,0.01,0.01
"1389",59.4567905180156,93.1922484422103,53.1206542160362,8.03303816355765,78.55253838934,83.0601324792951,68.4577836887911,0.00147225637093021,0.01,0.01
"1390",4.17816862463951,26.576866558753,90.8435807796195,46.5869389707223,65.0637096725404,71.8347534537315,61.6747302468866,0.0114220570715543,0.01,0.01
"1391",3.21577936410904,21.4921040926129,92.5912089413032,65.7111249631271,45.7592795835808,50.328802340664,42.3023775452748,0.0331596076704369,0.01,0.01
"1392",2.44813123717904,80.0906938267872,43.4269985416904,10.2205372182652,38.0819887155667,30.7705538347363,20.2331266831607,0.586363267922056,0.01,0.01
"1393",86.5802703192458,70.448905765079,87.3571324860677,39.5012078806758,65.1855790056288,37.0851364452392,60.1579676149413,0.00990710668143956,0.01,0.01
"1394",57.8487833496183,61.9283380685374,83.2445600070059,34.0044412063435,21.4572367956862,85.7959547778592,47.043282398954,0.0776127658132706,0.01,0.01
"1395",96.2912288261577,76.3800169574097,49.7021943097934,57.6041544321924,7.7657803427428,92.8870283532888,36.750257271342,62.9392401401138,0.01,0.01
"1396",76.8726150738075,74.4481744710356,34.0711637632921,34.0803832747042,44.6514553157613,57.3675043648109,1.09798202756792,434.140248994406,0.01,0.01
"1397",58.2377383252606,75.6507114041597,42.0893867732957,18.4559855842963,10.3227310348302,36.9865891057998,11.4798302063718,365.920862584633,0.01,0.01
"1398",10.4939664015546,0.745326676405966,32.1540339151397,55.8143408270553,69.574059266597,78.1807796563953,1.90120269544423,263.725256625075,0.01,0.01
"1399",48.3703525504097,45.2366156270728,32.5597835471854,89.7938827052712,64.6603398490697,22.0420305151492,43.2671578601003,0.0313665429136076,0.01,0.01
"1400",4.11906184162945,7.31669161468744,19.0732078859583,49.6714106295258,41.6037992341444,50.7927931845188,37.6616390189156,0.0312602424188483,0.01,0.01
"1401",29.9054431030527,62.918353243731,10.5603626463562,37.6025538658723,56.9638688582927,48.6943730851635,55.2645582938567,0.0117320784011732,0.01,0.01
"1402",34.6725961426273,57.3305585421622,10.0991904502735,88.0136746913195,5.62426082324237,67.3856007866561,61.6750685730949,38.1503340355676,0.01,0.01
"1403",14.8430753499269,19.2396803293377,29.4047240167856,68.3725169626996,77.7474711183459,80.6465574773028,68.0508875753731,0.0127346105760744,0.01,0.01
"1404",1.62925152108073,41.4076207671314,2.89036089088768,30.7540072593838,63.4444622555748,64.1826117178425,18.0427512619644,0.0349527367201296,0.01,0.01
"1405",79.3000146979466,19.4656900828704,34.9216762930155,38.372109644115,49.3761522462592,13.8457446824759,97.7334090741351,0.0078673447928888,0.01,0.01
"1406",20.2334221685305,44.0730481874198,61.4574211649597,78.9347338490188,43.756449711509,61.7721304763108,35.6169953942299,0.0494450314820867,0.01,0.01
"1407",93.9614351373166,10.1684201043099,58.1179050728679,30.248899711296,1.02532438468188,85.3988415095955,36.6314037470147,785.761030181899,0.01,0.01
"1408",63.2668485166505,12.6592237967998,95.4227507812902,76.9497998990119,1.0236153844744,69.1488236188889,52.7262048562989,696.657205389836,0.01,0.01
"1409",76.5012082178146,54.1437179548666,74.4028228800744,2.6988455792889,42.7503256127238,81.4437875756994,43.5458664316684,0.0014253989989782,0.01,0.01
"1410",0.616397359408438,80.8236064156517,58.2648746203631,1.83822778053582,9.19183178339154,82.1691399207339,72.7220993721858,1.57339836925283,0.01,0.01
"1411",71.2453998625278,38.0200754618272,76.6175756696612,61.9678414892405,61.8694406701252,90.0098425569013,55.6241150479764,0.0176869244678447,0.01,0.01
"1412",58.3634199341759,87.3788574244827,14.483130723238,61.7052011191845,33.0363079207018,94.5241366745904,51.2064724927768,0.0358213931874798,0.01,0.01
"1413",65.947608393617,90.3627974446863,80.7533282088116,34.1971956891939,10.0767351686954,29.111589724198,36.7043282371014,34.5953415224767,0.01,0.01
"1414",31.0232000658289,67.0540841296315,51.4772478258237,23.0346967233345,42.8015685407445,65.4440848622471,50.1365623436868,0.0105243695109147,0.01,0.01
"1415",1.19749295990914,98.740257974714,25.5816716467962,99.0824469132349,80.6893876520917,60.1327951531857,68.2408772641793,0.0177340170066789,0.01,0.01
"1416",16.16457963828,88.2928371662274,2.86915022879839,52.7678847778589,79.6290261205286,9.41143073141575,43.3489679824561,0.0149406319285369,0.01,0.01
"1417",73.8144447794184,0.545790768228471,83.7850460782647,30.8099094079807,90.6322225462645,85.5003462405875,57.5632670428604,0.00575583002068924,0.01,0.01
"1418",19.5837539853528,96.8158480012789,16.1011749645695,3.90690851490945,56.1020547291264,85.713114682585,62.4076425563544,0.00109885856141337,0.09,0.01
"1419",14.9524045875296,0.909526366740465,73.4866911545396,37.1723710792139,43.9929901622236,20.2758265193552,50.9436387801543,0.0162226220517012,0.01,0.01
"1420",41.7030741460621,58.6502087535337,90.0993305491284,54.3390034465119,70.0127756921574,57.0122931385413,64.4513480365276,0.0118567604351305,0.01,0.01
"1421",78.0915284063667,53.8721840130165,62.7574339741841,66.6529427748173,61.8150274734944,8.63255718722939,44.6370635647327,0.0236141871841425,0.01,0.01
"1422",80.9916774509475,62.5385658117011,29.5504296896979,95.0894811190665,98.0516145937145,53.2263905741274,99.6266160625964,0.00963700497554023,0.01,0.01
"1423",40.4896222287789,25.1043823314831,17.9821365978569,28.8083581719548,88.052917458117,61.5871970774606,87.5296299345791,0.0036952990087053,0.01,0.01
"1424",4.68409017194062,40.451921755448,70.9917809814215,43.2410190580413,65.2734768809751,6.40339381061494,83.9231572346762,0.00779125849811118,0.01,0.01
"1425",95.7781660137698,93.3860427234322,45.9373540477827,44.0119072562084,24.4315499207005,64.0749543206766,55.7217525085434,0.0330980808975756,0.01,0.01
"1426",49.290599534288,44.0142487408593,80.7030635885894,95.1976203825325,11.6459513315931,57.9379794420674,89.843328949064,0.129026997430894,0.01,0.01
"1427",1.47787667810917,73.7063917098567,21.7180498875678,9.45984919089824,60.018642200157,20.3659850405529,1.33906921837479,369.81895293885,0.01,0.01
"1428",73.3111972222105,40.2247709687799,98.9486905978993,18.3532166527584,33.3228695439175,70.3521222807467,56.6706956597045,0.00955720440673567,0.01,0.01
"1429",42.104381439276,28.7421359214932,13.5445156367496,40.9693790134043,9.08590846229345,89.1405228758231,21.5416147606447,157.220583179921,0.01,0.01
"1430",36.8289949605241,76.7668970162049,52.887251204811,93.497298983857,65.177342062816,46.4698908152059,91.4015215821564,0.0155238287190077,0.01,0.01
"1431",60.481348214671,58.4809822263196,8.16194689832628,14.8178547853604,24.8730922117829,25.1400485867634,15.5841822735965,26.9271232744477,0.01,0.01
"1432",48.1116209877655,55.8099389774725,28.9671884616837,36.6900498280302,84.1124556958675,24.6718995738775,6.90082667861134,2.32008746367365,0.01,0.01
"1433",95.952881150879,49.7725700261071,93.3862896636128,49.8536814702675,53.4595439909026,65.6031028367579,17.0704035786912,0.140753370107708,0.01,0.01
"1434",58.7194634368643,86.9806259870529,89.3985762959346,22.9892047122121,52.034779638052,0.68422588519752,3.09029617346823,0.810610424393098,0.05,NA
"1435",12.0591259328648,74.9185289023444,5.8396709151566,59.6853697206825,20.4483598703519,18.9707156037912,82.0886328117922,0.0352473482448837,0.01,0.01
"1436",67.2112344298512,72.5183151429519,11.434276192449,46.7551753623411,19.0043962793425,46.5585409197956,59.6930271014571,0.055547953992005,0.01,0.01
"1437",90.0096609257162,38.6938825016841,88.7013755505905,19.2433870164678,68.3104154886678,13.5702540166676,52.2674551000819,0.005284623654362,0.01,0.01
"1438",76.253548823297,49.8633827548474,30.4219797253609,41.3264260161668,51.4548057690263,29.0169175248593,50.8065728237852,0.0155018587865898,0.01,0.01
"1439",31.56035291031,82.3583386838436,63.2353012450039,44.7801010450348,58.9969116263092,16.2234573857859,54.68283619266,0.0136288343051566,0.01,0.01
"1440",90.5128217535093,12.0658871717751,37.5178807647899,23.6135061597452,40.5867448076606,55.0497175892815,72.9262111708522,0.00786876053256427,0.01,0.01
"1441",67.4267493886873,87.666815565899,62.7518303692341,87.2013006825,12.175094964914,94.1877295030281,80.6531043490395,0.14907588333062,0.01,0.01
"1442",77.6673879940063,4.96435372624546,99.4626123923808,70.740851201117,82.9515632474795,89.7537270095199,90.0866206735373,0.00935237002218534,0.01,0.01
"1443",31.7085216287524,34.1624693246558,53.17124244757,36.9564087828621,94.389523845166,37.2625874122605,92.7542468765751,0.0041752973633236,0.01,0.01
"1444",0.747823622077703,12.2613664483652,69.3371591856703,88.3525053970516,22.8746877983212,73.9736449206248,8.74602543190122,155.266321609709,0.01,0.01
"1445",67.4864290514961,58.2288519944996,51.678894716315,12.8025261219591,25.8914714213461,98.6363243078813,81.4272508723661,0.0059993004287065,0.01,0.01
"1446",97.7697301190346,47.359569510445,55.9547835960984,62.8161214292049,5.19256589468569,98.6677266424522,41.8796724872664,126.828559117709,0.01,0.01
"1447",52.7033350430429,98.7898532534018,51.4996452257037,92.3745131120086,79.9847933929414,53.1157271470875,22.4341903114691,0.0492914517106542,0.01,0.01
"1448",52.3769413353875,81.8801216781139,56.729216594249,98.8107897806913,90.8006126992404,19.0155640477315,90.0010544341058,0.0119561991563651,0.01,0.01
"1449",28.27577306889,41.6261518839747,25.6596884224564,32.8061556443572,29.4996237382293,3.31505781505257,87.5932330964133,0.0125453840430692,0.01,0.01
"1450",7.16577277053148,37.1757639804855,98.7280764151365,46.2642184225842,93.1254804832861,12.9914818098769,92.5919668050483,0.00530212967824666,0.01,0.01
"1451",69.3554668687284,78.609160031192,31.4103402197361,41.2239030469209,97.1129598794505,41.5430966531858,53.7973653990775,0.00774622631865143,0.01,0.01
"1452",90.0701585225761,63.5922164423391,67.3645231639966,78.3920817542821,53.2082242425531,40.2071653632447,48.7051766132936,0.02963825571203,0.01,0.01
"1453",25.5824646446854,60.6550586875528,42.3745918087661,35.5949797201902,52.7948638889939,53.2128172460943,65.670321835205,0.0101121829941844,0.01,0.01
"1454",49.1891624173149,87.7903455402702,22.0883022760972,60.9601223142818,44.8593818582594,51.4182112645358,30.3237947169691,0.0445706088957802,0.01,0.01
"1455",9.66922044754028,52.9175079194829,89.3372053978965,58.937435480766,62.1524388901889,12.4568129656836,82.3010400636122,0.0113771070050753,0.01,0.01
"1456",40.5681790085509,50.6337565137073,33.6315250024199,4.92702990304679,73.598670726642,77.5937755824998,53.0075857415795,0.00123949719482903,0.01,0.01
"1457",6.8218860309571,90.2591067599133,45.8367561921477,10.5648626107723,54.9947419669479,92.6049587782472,14.7253971779719,0.238855091168294,0.01,0.01
"1458",64.35817850288,15.0791826890782,5.1237010397017,64.040169515647,93.9950349973515,73.4052733983845,54.5820498373359,0.0122566168527136,0.01,0.01
"1459",71.3892558123916,36.5881468402222,45.3525765566155,29.6436336357147,14.132140786387,87.5446667196229,63.7730066664517,0.178813689652945,0.01,0.01
"1460",6.18661420885473,73.3264021808282,26.7253083176911,28.087850403972,20.1796524925157,75.7708884309977,31.2573734438047,2.04121206814208,0.01,0.01
"1461",30.7364083360881,25.3294532187283,99.4805586058646,4.01389100588858,79.7215211205184,40.7498285640031,83.1741567468271,0.000597888704308318,0.01,0.01
"1462",16.1063730716705,88.2019705604762,33.2867703400552,34.4469745643437,19.4323521340266,68.7305039493367,41.9654003344476,0.363016271595057,0.01,0.01
"1463",9.29203901905566,76.8078507855535,70.3242793912068,19.550553499721,91.5701533667743,66.8686897028238,1.54880057089031,112.484375853184,0.01,0.01
"1464",38.7667746050283,23.2909986050799,77.2370003163815,14.1851629130542,92.8287213435397,0.620589358732104,5.24413012899458,0.160284429997091,0.02,NA
"1465",53.3703975845128,16.342225135304,99.4818062521517,74.2190450197086,18.2474420871586,18.2908307760954,34.3298695748672,4.43423938674169,0.01,0.01
"1466",98.7166016129777,49.6677891118452,45.1923098880798,39.085459546186,58.9896233053878,37.3466366901994,91.884167259559,0.00713278406087919,0.01,0.01
"1467",86.786899715662,30.1203773589805,73.5218303976581,16.8163104914129,23.2184667838737,19.7616665856913,6.14751006942242,310.333533996687,0.01,0.01
"1468",31.7960740532726,42.5625308882445,82.2883136803284,49.4340689387172,63.1978834513575,18.5078744078055,42.5605054013431,0.0179494955103819,0.01,0.01
"1469",71.5385651215911,20.8950478117913,2.71172570064664,15.4039150802419,48.6143338959664,71.7915074201301,45.6729864235967,0.006789222508491,0.01,0.01
"1470",5.55605990812182,19.3722824100405,44.3925419589505,2.65383196529001,35.0874058902264,39.0846418915316,85.0525423884392,0.000878853388332629,0.01,0.01
"1471",69.7639939608052,79.0836339117959,59.5580986235291,75.6271542748436,23.5075795091689,23.2355416053906,46.8251838581637,0.0931734938484777,0.01,0.01
"1472",75.1161595573649,31.1480001313612,87.4487618915737,3.58088440261781,14.4065410131589,54.5681299176067,4.53255770262331,537.523041004388,0.01,0.01
"1473",83.2213127752766,6.76090447232127,99.2559220874682,33.6291389539838,2.90292222052813,97.4540232215077,64.1359135741368,199.769855848912,0.01,0.01
"1474",15.9308516187593,59.092027368024,62.613647710532,27.8218245366588,53.2903902232647,73.5144082223997,59.5667527755722,0.00861945860428241,0.01,0.01
"1475",63.9489120803773,18.3049253420904,68.9304447732866,92.2485856804997,76.631339895539,7.93232140131295,95.5627807183191,0.0124385731601606,0.01,0.01
"1476",38.7475267751142,56.0583170037717,59.9706022301689,44.0150645561516,86.9646621635184,8.91732398886234,94.7956297546625,0.00528026027365406,0.01,0.01
"1477",74.5240209624171,28.2241044798866,46.8160218326375,38.8433757703751,78.2883365638554,90.1637963019311,9.92646857630461,0.309391501478005,0.01,0.01
"1478",50.9414333384484,53.8480388466269,63.9142212690786,16.7949239956215,69.8134601349011,15.4429389629513,70.6200576853007,0.00335788930935705,0.01,0.01
"1479",64.5464587258175,43.2022689376026,9.42298129666597,94.0981672843918,98.2799623627216,27.3804342141375,56.0339345829561,0.0167855998830413,0.01,0.01
"1480",65.0691387243569,71.5409400872886,54.6344120753929,92.5895912805572,46.1909069214016,7.58229501079768,25.0321474624798,0.112426290722457,0.01,0.01
"1481",59.9341094726697,9.22172956634313,8.44599290285259,7.6118215918541,67.3032861901447,85.0658654002473,45.9339906694368,0.0024094277567282,0.01,0.01
"1482",82.0939584635198,68.6614427249879,43.8100859057158,68.5780707281083,45.69625207223,14.5061100600287,15.6359423883259,1.28886243844593,0.01,0.01
"1483",55.1250427262858,61.98017783463,89.0311555238441,74.333236599341,40.5413361266255,94.292497751303,45.4089399194345,0.039515797360753,0.01,0.01
"1484",56.1146821128204,95.8884241292253,32.8744563739747,88.3870149496943,96.0783490445465,37.1324440697208,15.3867669170722,0.056377366873633,0.01,0.01
"1485",5.7562357513234,44.2689687479287,86.6342054214329,73.0602749157697,16.204942506738,1.82079609949142,99.6210775338113,123.597447094252,0.01,0.01
"1486",72.584743029438,11.5184876834974,89.8744128877297,18.4381832834333,5.48264677636325,90.6125356676057,79.3113513849676,17.4842296123907,0.01,0.01
"1487",75.7155942497775,12.5322030391544,6.06732866726816,77.9807228362188,0.430635223165154,76.5096773859113,40.0644864188507,953.153783144323,0.01,0.01
"1488",88.308592652902,93.2002251036465,96.5735545381904,0.296756159514189,74.4337765034288,85.0523709552363,5.9989161323756,6.50953317125553,0.01,0.01
"1489",46.5617391047999,0.623825588263571,81.2169643351808,10.6861428357661,4.58558271639049,52.9228808823973,80.74622140266,119.977967562935,0.01,0.01
"1490",23.7575090490282,6.18788560386747,98.0502370977774,21.898238058202,96.9071981497109,99.5597189990804,91.0293407971039,0.00245338443556238,0.01,0.01
"1491",47.9688088176772,75.6311122560874,76.510193827562,56.742759142071,6.74003593157977,89.9683139985427,20.3233153093606,275.131158808535,0.01,0.01
"1492",15.8401474123821,17.1832850202918,1.72596569173038,78.8844029651955,21.7600635252893,41.1206223769113,54.3714887462556,0.0789457564913239,0.01,0.01
"1493",26.089432486333,21.9131324905902,29.2288457043469,24.9644595198333,78.9928204845637,20.3673640731722,40.4972728807479,0.00761317467283686,0.01,0.01
"1494",13.3015515748411,94.8291939450428,33.9210183592513,72.186049236916,2.82692436594516,15.3622470097616,39.5201610401273,669.278058198858,0.01,0.01
"1495",5.28396049048752,2.90655265562236,91.5613955585286,51.1673768283799,96.752654039301,87.2849073261023,81.9495194358751,0.00636386189144005,0.01,0.01
"1496",0.27651630807668,56.9573424058035,79.7923214267939,99.1043454501778,43.5074044391513,83.5902401711792,8.00049609970301,26.5037721891106,0.01,0.01
"1497",59.3004128197208,77.4004556005821,27.6750022079796,51.0532687185332,40.637875162065,75.4371868446469,79.8563394928351,0.015537257740006,0.01,0.01
"1498",26.06875912752,31.9217141950503,87.2553456807509,80.5914790602401,6.72711802180856,47.1992222825065,93.7672502826899,2.84350476853721,0.01,0.01
"1499",70.3010240569711,69.1041300538927,61.3768680952489,63.5193774942309,95.6231576390564,80.7135458569974,6.56639377120882,0.99018649089624,0.01,0.01
"1500",50.3413268364966,55.9743268182501,3.11991744674742,1.33801004849374,90.6810603803024,34.1689440188929,24.5403791312128,0.000578113946111319,0.01,0.01
"1501",52.3271576035768,99.3239742703736,11.2745721824467,56.4320788485929,9.83429921325296,66.7826570570469,94.9985731625929,0.166453774341127,0.01,0.01
"1502",50.8631353732198,9.84393977560103,38.0634054541588,31.5693668788299,5.36857119295746,3.96479931659997,14.968509809114,364.446157938305,0.04,0.04
"1503",92.0309959677979,4.75926536601037,28.873658971861,3.67469913326204,49.7196846874431,43.76310557127,17.9409459000453,0.233926655859945,0.01,0.01
"1504",30.3878322709352,67.800636892207,20.6818206002936,33.0064564477652,28.3234533620998,6.81495550088584,63.4263277985156,0.0182120171519387,0.01,0.01
"1505",63.0519611528143,10.042980639264,74.2014915216714,49.1462436039001,3.7235862808302,84.0474441181868,81.2321266392246,65.4887035269715,0.01,0.01
"1506",49.9717763857916,86.8156131589785,70.889094658196,80.26680839248,32.4366636108607,47.6683289045468,55.5520201800391,0.0437731129330794,0.01,0.01
"1507",44.6893182815984,31.8481363588944,12.6408849377185,36.0783521551639,73.8501898944378,94.1572849871591,76.9819986773655,0.00626448907569322,0.01,0.01
"1508",38.0528844892979,4.24054148606956,15.6548840692267,72.6110498420894,38.735761702992,20.1886405237019,68.5100026894361,0.0269462699891421,0.01,0.01
"1509",96.2455046596006,10.6996971648186,19.0555345732719,9.36672934331,33.7556785205379,39.1571647720411,90.1736247120425,0.00304299268207136,0.01,0.01
"1510",2.40982198156416,68.5218697646633,76.2804533587769,72.6543613011017,40.7655148534104,64.599437569268,33.8198033627123,0.0522711338804104,0.01,0.01
"1511",9.13248660508543,64.376878971234,93.7147443881258,0.5788738373667,60.2387096267194,29.9246401991695,99.2153296479955,9.58651685514633e-05,0.01,0.01
"1512",31.2032924965024,38.4279681369662,98.3685519080609,83.9407541323453,24.9447569949552,57.5790018308908,41.2388746626675,0.121668826587412,0.01,0.01
"1513",42.2406911151484,93.6336869373918,0.00182054936885834,64.3774027470499,0.706133805215359,93.6832233332098,87.7435046248138,605.571226404609,0.01,0.01
"1514",0.284213107079268,48.338194261305,51.2413234915584,29.4619719963521,14.4582293229178,7.76606185827404,64.540361543186,1.14253415896828,0.01,0.01
"1515",53.8410440087318,12.3513687867671,34.7928130067885,87.1478747576475,3.46054609399289,87.6592790009454,11.445282259956,748.750856361262,0.01,0.01
"1516",98.16790279001,87.2356510255486,84.573344164528,8.02798424847424,44.6671181125566,71.9723083078861,52.344141039066,0.00336908326141508,0.01,0.01
"1517",80.2416622638702,7.15577327646315,39.3260078970343,27.6125738397241,22.0760848606005,77.5487710721791,88.9384486246854,0.0139118995643642,0.01,0.01
"1518",96.032274607569,3.39597028214484,90.7118742354214,21.0122353862971,45.4449970973656,68.9741435926408,67.4781758105382,0.00674299186716486,0.01,0.01
"1519",90.9280332038179,43.9656468806788,93.6555671738461,70.6784101435915,95.2640852658078,93.4832499362528,17.9767043096945,0.0391124804937848,0.01,0.01
"1520",80.9059841092676,98.7060837680474,45.5858171451837,2.17244636733085,68.561333976686,40.0136541342363,55.5265821283683,0.000560549427871356,0.01,0.01
"1521",42.9718401283026,80.0240171840414,63.7392188655213,94.0313644707203,11.9939595460892,54.4162494130433,53.6166934994981,2.11663866397184,0.01,0.01
"1522",39.1773361247033,1.83444223366678,3.71388401836157,98.7464133184403,26.44409800414,44.7195580694824,6.52811748441309,273.652889945118,0.01,0.01
"1523",62.2375427978113,14.0492174075916,69.7213618084788,73.2161900959909,70.1807648641989,2.88487623911351,87.5939516816288,0.0116562946162891,0.01,0.01
"1524",71.1797290015966,53.3801236888394,58.1158903893083,69.8913202853873,55.9132050024346,82.4199927737936,11.3222193904221,1.40634009661695,0.01,0.01
"1525",46.5811953414232,23.0393221369013,14.997546072118,48.7426395528018,2.06499595660716,81.6990044433624,95.928453002125,169.472722596657,0.01,0.01
"1526",26.1108635924757,74.8504903633147,2.448211889714,60.8445142628625,8.11061772983521,6.55346503481269,8.86517693288624,389.200393488924,0.02,0.03
"1527",34.7847676370293,18.3291433379054,28.047653590329,8.59273488167673,79.4568349141628,92.5585674354807,66.4742622757331,0.00160257863426436,0.01,0.01
"1528",75.4444938385859,14.3174569820985,43.3746152790263,36.5606846287847,45.9676074562594,83.9226630749181,43.7038629315794,0.0177924754616582,0.01,0.01
"1529",25.4611347569153,10.9850673004985,41.8616305338219,5.31784736085683,23.6179671017453,35.9941992443055,38.2191320881248,0.242574668767404,0.01,0.01
"1530",92.7722001215443,38.5645844973624,16.6808794019744,1.64344485383481,12.5585110625252,8.10867671389133,14.1723710810766,480.574280777936,0.01,0.01
"1531",19.6191935800016,55.3156051784754,21.6007276438177,93.0010692216456,79.1794584598392,4.53203446231782,50.233736843802,0.0229101404198174,0.01,0.01
"1532",67.3336766893044,43.3688211021945,55.5777007946745,90.4876612825319,73.8704752409831,51.9927143119276,57.5623398646712,0.020914902057884,0.01,0.01
"1533",28.1753487186506,94.3998973118141,65.7342449761927,45.3513199929148,52.6749128010124,62.1916999109089,62.4965080758557,0.013558755882781,0.01,0.01
"1534",32.7497781487182,13.1277394248173,37.9766478901729,25.0154238892719,5.36453805398196,99.3756386218593,68.3774772798643,33.1707533081819,0.01,0.01
"1535",29.5314380666241,58.4150246577337,71.3501519756392,64.8968427442014,82.8388758469373,18.9086533151567,31.3919936073944,0.0241786165429766,0.01,0.01
"1536",43.544237758033,70.4529793933034,84.0613046428189,69.9931873008609,32.1131854085252,73.2779859332368,9.42385522648692,43.281575441386,0.01,0.01
"1537",95.6002560444176,74.5688775554299,71.3188961846754,61.8484494974837,57.2961418190971,92.742532864213,3.13246650621295,105.939987992878,0.01,0.01
"1538",15.5786484712735,64.6605415968224,85.7317172223702,25.1936093671247,52.6786220259964,93.4092381270602,71.4042992563918,0.00660494353990649,0.01,0.01
"1539",18.8536871457472,67.7219952922314,81.5809985157102,35.9288704115897,37.4958677915856,80.6697606807575,77.1661528386176,0.0122580790421625,0.01,0.01
"1540",77.8242821572348,83.8797127595171,91.5318205486983,66.2935139378533,52.4379261070862,54.9514255719259,93.7792121898383,0.0133376397062629,0.01,0.01
"1541",18.674063985236,3.29475989565253,28.7985508330166,72.2675293684006,48.4965520445257,79.9325928324834,74.4441254762933,0.0197440315722317,0.01,0.01
"1542",46.2653611786664,30.010490771383,96.9499533995986,10.3552705375478,37.2036219807342,35.5092878919095,14.992815698497,4.35812672947952,0.01,0.01
"1543",7.05681515391916,3.97559469565749,15.5871340306476,80.7117748307064,79.1352837579325,7.32809787150472,62.9948786692694,0.0158590377116264,0.01,0.01
"1544",66.7933765100315,97.3482552682981,61.665277229622,1.31274384912103,30.7438572868705,63.4651974774897,39.6357788005844,0.00625675203159043,0.01,0.01
"1545",31.9833871908486,91.6438869666308,83.5495920618996,40.1430466910824,46.3348557474092,34.9000592017546,71.3577035814524,0.0119722863522742,0.01,0.01
"1546",32.6715628150851,46.4382751844823,9.27657266147435,27.3775362875313,48.6006153048947,17.5587872043252,85.1687481859699,0.00653681989142865,0.01,0.01
"1547",28.6025837995112,2.09463096689433,33.5290057351813,48.8841685000807,67.5747355446219,80.0600739661604,89.0070083783939,0.00803034501161608,0.01,0.01
"1548",23.1475438689813,20.1141838682815,34.9260442890227,78.6481163231656,62.155463732779,4.24958653748035,80.5063086561859,0.0154913649425341,0.01,0.01
"1549",80.738632241264,9.74230086430907,55.4267597617581,88.2840427570045,3.983075148426,67.3469158587977,62.0166432810947,114.91533533639,0.01,0.01
"1550",52.8617374366149,95.629989169538,64.2167306505144,81.730216788128,9.22763280104846,51.6924613155425,36.134529998526,42.7248436894048,0.01,0.01
"1551",8.24301929678768,44.6864442201331,41.8317654170096,13.681418215856,64.9297177791595,55.5744250770658,83.2097349921241,0.00250205454285966,0.01,0.01
"1552",78.4458956914023,41.657542437315,35.8134346315637,39.3190627917647,8.35063117556274,14.3412017961964,73.2977509032935,5.3106072675595,0.01,0.01
"1553",51.1837055673823,62.8772057825699,49.4817015482113,21.9546959036961,21.2091992842034,81.6943694604561,1.84305314905941,599.914351555171,0.01,0.01
"1554",65.325828245841,20.202289824374,88.0235830554739,35.833038482815,93.7914492795244,51.4846280217171,43.2741320924833,0.00862564324351201,0.01,0.01
"1555",62.530715460889,8.43495831359178,40.8393462887034,54.393931152299,92.3346922500059,97.6530333515257,70.6238644197583,0.00822282972091777,0.01,0.01
"1556",60.8608681475744,85.6064318446442,45.4628349980339,59.8951373016462,81.0121525079012,19.6091601392254,75.2615119796246,0.00969353532389611,0.01,0.01
"1557",65.6196770491078,46.420310344547,53.6345933564007,57.8116858610883,49.8355286428705,56.2227037968114,34.5761348726228,0.0326393493122323,0.01,0.01
"1558",15.5903703533113,20.7663502544165,64.9514595977962,97.2165561513975,41.7818935588002,11.441572685726,82.43990521878,0.0278609622891115,0.01,0.01
"1559",92.4401555908844,11.4403363550082,54.9036131007597,68.5057718539611,72.8638897417113,79.8222566954792,84.7132036229596,0.0109663518559893,0.01,0.01
"1560",45.0605137040839,32.7653425047174,98.737302608788,99.1843594703823,31.370676564984,82.21943131648,84.6185396425426,0.0369232041705123,0.01,0.01
"1561",19.5763188414276,83.4715408273041,45.8481458714232,43.9967320999131,54.6083947876468,69.9784759897739,41.1190602695569,0.0191289782354408,0.01,0.01
"1562",52.0884350407869,6.54421339277178,48.7032010452822,83.9320997009054,65.1528377318755,59.8431546241045,37.9094996256754,0.0330930930523851,0.01,0.01
"1563",92.9015598027036,37.3707551043481,42.7734837401658,79.2511381441727,30.1852931035683,98.6808212706819,83.462569443509,0.0310837176800729,0.01,0.01
"1564",68.1237834272906,71.7503014486283,89.0873024938628,74.3279300397262,46.7001769691706,87.2919945977628,3.1895506195724,160.514275462768,0.01,0.01
"1565",64.9899791460484,44.9366360669956,38.6891335481778,70.7048459444195,70.3150034183636,9.04532736167312,43.752495595254,0.0224590715533366,0.01,0.01
"1566",70.4633631743491,8.81717652082443,51.4646487310529,92.809043568559,19.307971955277,84.3490807106718,6.30357908084989,303.842262773817,0.01,0.01
"1567",66.063023568131,71.9032615656033,11.9710781611502,73.2865208294243,81.290035857819,5.83432412240654,44.2856249632314,0.019901633432284,0.01,0.01
"1568",29.4561085291207,28.1837203074247,51.6314369393513,61.5084629273042,75.8681945968419,32.4709082720801,70.581162860617,0.0113233141163079,0.01,0.01
"1569",21.2122202850878,92.4705258337781,73.0465824017301,31.8990486906841,48.6325298435986,25.2393880160525,9.01337035465986,12.9650771543974,0.01,0.01
"1570",70.2223006170243,3.50277244579047,33.4288868820295,23.2530094217509,13.3669034577906,30.4002556484193,40.4525409918278,12.5130628943173,0.01,0.01
"1571",86.7541243555024,67.6681225420907,72.9383486090228,36.9760041125119,63.8771903235465,68.8084718072787,22.0161762321368,0.0257367992950218,0.01,0.01
"1572",88.2872704416513,11.9714722502977,52.5412081042305,77.5656915502623,55.6704427115619,26.3161544455215,52.7644805144519,0.0258998413938672,0.01,0.01
"1573",94.0809760941193,13.1848939694464,91.046169330366,79.5206883689389,87.1000957675278,34.2903898330405,30.8443879475817,0.0286431614715695,0.01,0.01
"1574",6.78701880387962,50.7694986881688,10.307168145664,81.8050409434363,2.80710808001459,81.6725221928209,20.9055592305958,637.849469621398,0.01,0.01
"1575",1.19776842184365,53.6456967238337,86.2384021515027,19.5080705685541,31.6876749973744,98.3011640841141,81.18159417063,0.0074908495606207,0.01,0.01
"1576",75.6538816960528,11.5723652299494,41.8104029493406,68.5003069695085,66.8031390057877,10.6232980499044,90.2650887379423,0.0112188247238907,0.01,0.01
"1577",42.735359352082,49.6622518403456,95.9509301465005,45.7378411432728,22.1694909501821,39.256838709116,20.6203058362007,12.4916565314824,0.01,0.01
"1578",3.49805159494281,33.4982800297439,40.6251373467967,18.3265250409022,0.822563329711556,30.8626006823033,28.4152354579419,895.904623969142,0.02,0.02
"1579",79.3250575428829,29.990647174418,27.6135658379644,96.1253262590617,78.2993327826262,0.608621491119266,29.4303487520665,0.0835412136247306,0.01,NA
"1580",33.0651835072786,94.0589545061812,23.3301407191902,7.95871098525822,15.4337940039113,75.0054991571233,62.1594998519868,0.0860320159061376,0.01,0.01
"1581",12.4067237600684,51.6823956742883,67.4261815613136,38.7911792146042,6.44739458803087,27.3473722161725,33.988159452565,173.616040422467,0.01,0.01
"1582",98.4443676425144,62.876434228383,96.1678750580177,43.5179248452187,51.8835935741663,32.7129020122811,68.1628247257322,0.0121252234325524,0.01,0.01
"1583",26.82168581523,53.2858037156984,85.7246056897566,93.6929076211527,86.4137896802276,32.6917931437492,76.4712761621922,0.0139920672896854,0.01,0.01
"1584",23.056070599705,34.806221188046,52.9036231804639,8.7055312236771,44.5778016466647,77.435238356702,99.9930099584162,0.00193357530616961,0.01,0.01
"1585",7.2532658232376,3.18553217221051,41.405464312993,35.7453796314076,64.4078529672697,54.844046686776,63.762025651522,0.0085616589306956,0.01,0.01
"1586",92.4831365002319,5.03131973091513,89.5521617960185,54.1314551141113,63.0768163595349,72.2918316489086,9.89485220052302,2.04190994481832,0.01,0.01
"1587",86.8884548544884,21.273509436287,33.4180999314412,36.190042598173,46.9693522667512,55.6167007191107,65.8801062498242,0.0115195030500414,0.01,0.01
"1588",77.0852531306446,86.9380295742303,71.325644175522,44.0104428678751,7.83399182837456,46.4697675779462,59.3281072331592,12.2043064168511,0.01,0.01
"1589",48.8275497918949,21.5203053317964,78.6410810891539,90.789415454492,42.836113460362,90.1682442054152,70.0613569235429,0.0298218834032523,0.01,0.01
"1590",80.15742150601,29.8594804713503,9.2003578087315,85.6319383718073,97.6890510879457,64.6498744143173,72.5732629653066,0.0119136402535761,0.01,0.01
"1591",2.43702824227512,68.3754857163876,3.34178709890693,61.2170942593366,47.4576275562868,7.15420565102249,66.559004993178,0.0190909587819425,0.01,0.01
"1592",90.1830269256607,83.7254181038588,31.6697906935588,26.7215431667864,54.7003323212266,85.7819005381316,87.9585633287206,0.00549131160551466,0.01,0.01
"1593",59.7963207634166,84.6092550549656,49.049983243458,36.7915867129341,7.26179243065417,41.6254133684561,91.9434472452849,1.7759180638809,0.01,0.01
"1594",79.2701597791165,69.0183714265004,11.3140515284613,30.2711099619046,54.009911743924,93.5552464099601,7.65885047148913,11.1761324303133,0.01,0.01
"1595",43.5045489808545,21.6519039357081,98.5843649599701,5.84586160257459,22.5176299456507,80.9384669642895,51.0740312747657,0.0180244102544206,0.01,0.01
"1596",13.0756937665865,8.13986051362008,81.9323154399171,74.5594407897443,58.3080257289112,61.3030684646219,40.2857332723215,0.0309542452613218,0.01,0.01
"1597",63.7719517340884,72.2808217164129,83.3773421589285,62.3506336705759,27.6569999521598,4.37521822750568,83.9746471494436,0.0265091581214711,0.01,0.01
"1598",24.0408656420186,81.0291546396911,55.8506981935352,9.76996547542512,47.7744249161333,7.18492397572845,28.085764287971,0.014410730902228,0.01,0.01
"1599",71.0236267652363,50.8632267126814,28.3698984188959,31.2851742841303,58.2879185210913,51.5571791445836,27.226631436497,0.0191324717805579,0.01,0.01
"1600",42.2261745203286,63.3129286346957,84.656302491203,39.4241692032665,41.1264896625653,41.3124298676848,52.3430028464645,0.0179695091891728,0.01,0.01
"1601",83.3063031779602,70.9804137935862,66.0287129692733,85.1107918191701,94.5216406369582,87.5810116296634,12.4942384660244,0.0705335514361583,0.01,0.01
"1602",27.7277175104246,82.1928818477318,45.7395353354514,5.28597217053175,55.6142651708797,36.8675565114245,18.0461676325649,0.0459612692384337,0.01,0.01
"1603",82.3203531093895,64.1035103006288,72.9350615059957,65.8998371800408,19.0090475138277,88.0739032058045,11.0596486134455,118.391042474833,0.01,0.01
"1604",93.1289856089279,51.8736651400104,63.6291999137029,33.9605619898066,97.4321949761361,40.1465620612726,41.6762704029679,0.00816624601749732,0.01,0.01
"1605",0.332515640184283,81.8742114119232,33.1401729490608,36.1391392536461,51.9428554922342,14.9526534369215,92.6901196362451,0.00742529378096844,0.01,0.01
"1606",88.4925813646987,93.1749856332317,23.660835577175,67.6588093396276,47.4768655374646,30.3447355516255,55.8698778040707,0.0250579859737181,0.01,0.01
"1607",24.1909058531746,51.1285138782114,71.4426279300824,40.3670584084466,99.8128324048594,55.0443550106138,21.9726525247097,0.017602592346492,0.01,0.01
"1608",92.934464267455,38.5899494867772,75.6459603784606,26.5983257908374,86.3805087050423,83.685166016221,42.3880087444559,0.00709614767593965,0.01,0.01
"1609",78.2064577797428,16.342931962572,86.9211560580879,46.82063665241,93.3054387569427,8.28983602114022,75.5634931148961,0.00653109830457193,0.01,0.01
"1610",93.9327222993597,22.7467995369807,45.7588547840714,49.3848697282374,43.5915264301002,17.9254906484857,75.0224207527936,0.0148968979026451,0.01,0.01
"1611",35.4156358167529,6.65683653205633,16.7465367121622,46.8391187256202,0.260581006295979,77.1660637808964,13.909484539181,952.147961490273,0.04,0.03
"1612",10.116802342236,51.3532039010897,43.8147768843919,61.6360104177147,35.4392846580595,14.4361440092325,88.4735573083162,0.0194348614185441,0.01,0.01
"1613",54.5043483842164,40.7086139544845,69.7797510074452,18.4971183771268,75.5587179679424,84.9169322289526,95.068693975918,0.00254800748486098,0.01,0.01
"1614",18.9785186666995,27.7098117861897,36.2663523294032,66.5613579563797,65.912708430551,48.0231626657769,98.2940400019288,0.0101690699619345,0.01,0.01
"1615",63.4428699035197,29.017982003279,42.7002903772518,0.105224037542939,12.1016648132354,97.2927374066785,21.0865039844066,84.0731003995151,0.01,0.01
"1616",68.8109428621829,7.65203330665827,80.3991983877495,41.0530784167349,55.0919152796268,89.5232275361195,44.7980238590389,0.0162641457136618,0.01,0.01
"1617",55.7350802002475,15.0804718956351,79.1033327579498,81.4838614081964,7.36600128002465,86.9524560635909,77.3165232734755,4.69511316699913,0.01,0.01
"1618",5.60120095033199,89.7314676549286,92.8756624693051,56.8257842212915,11.7208688054234,6.12615605350584,74.5988512877375,1.93721139242963,0.01,0.01
"1619",12.6036429777741,64.5228428067639,88.6172733036801,5.7266331044957,85.1809096988291,8.93751156982034,40.6271491199732,0.00161382412913759,0.01,0.01
"1620",44.713191781193,5.04111386835575,64.4007122609764,53.7053988780826,75.6040587788448,5.03642612602562,61.7596589494497,0.011174293358651,0.01,0.01
"1621",12.212253222242,83.6559605551884,76.0764721315354,58.5738372057676,99.3979736929759,45.3201698837802,65.0983289349824,0.00891441010748102,0.01,0.01
"1622",46.3348764693365,83.7179160211235,71.3951357174665,84.0274736750871,89.6725510945544,96.344999410212,49.5562244672328,0.0185340270143787,0.01,0.01
"1623",62.6868098741397,26.8585840472952,59.5025362446904,16.7994908988476,69.9004545575008,98.9309082971886,55.7187229627743,0.0042369261965381,0.01,0.01
"1624",33.2589108496904,54.243993666023,41.9268838595599,56.185688264668,35.7819294324145,4.7582906903699,7.37662122119218,454.177606415496,0.01,0.01
"1625",98.9141355035827,68.2910972042009,46.2767871562392,59.8866062704474,60.2686791680753,16.8248013826087,23.6714742844924,0.0411503349041818,0.01,0.01
"1626",17.8702934877947,4.46304068900645,38.6366214370355,30.3682836471125,56.1268145218492,55.9400901431218,27.8884951258078,0.0191007122408885,0.01,0.01
"1627",75.9995147818699,16.0403148503974,38.2282444275916,71.5861039003357,50.3542665624991,72.0070475712419,20.694010076113,0.0958766152725475,0.01,0.01
"1628",33.6281964089721,7.46001731604338,63.2470870623365,67.4692704342306,84.0626157820225,46.8779685208574,52.1211320534348,0.0150970281471922,0.01,0.01
"1629",38.0779635393992,1.25189488753676,17.1522802207619,71.6225721873343,55.1824439782649,54.0425105718896,48.9892258541659,0.0259293742228323,0.01,0.01
"1630",19.4811888970435,67.3371552955359,47.2358763450757,63.1414493313059,69.3454568972811,50.085118599236,1.0562245734036,276.113110598761,0.01,0.01
"1631",80.2359266206622,92.9702494991943,82.0125183090568,4.28891982883215,98.2374852290377,20.9158259211108,55.2336133318022,0.000776214335837969,0.01,0.01
"1632",98.1989645864815,80.3088031243533,6.62468660157174,97.4710393697023,69.1065287217498,45.2054965309799,33.5872846655548,0.0407783773623036,0.01,0.01
"1633",88.6718570254743,25.4089400870726,51.7996977083385,55.6186044588685,13.4025147650391,84.9253280321136,35.1480176206678,10.51700281921,0.01,0.01
"1634",94.5564802037552,10.4934154311195,45.2676942571998,91.3552480982617,99.8037362005562,70.5064681358635,71.2924727937207,0.0126577938984129,0.01,0.01
"1635",13.0595983937383,35.0459704408422,81.4183233072981,1.70593850780278,5.60767010319978,3.11248069629073,21.2827388197184,348.27582751957,0.04,0.04
"1636",31.5799632575363,21.628999360837,99.9676178209484,39.7386775817722,40.7376126153395,27.7117777848616,18.6823554802686,0.76078649179676,0.01,0.01
"1637",62.9140645265579,44.4340096786618,43.531815870665,33.6247958941385,16.0025298595428,86.9478494394571,17.9113314952701,59.1090531473413,0.01,0.01
"1638",89.9562596809119,18.0286206072196,39.3073724815622,70.761538320221,44.1279606195167,77.3523068521172,27.244691294618,0.0631911443983033,0.01,0.01
"1639",97.6133083691821,79.446997307241,34.0321067720652,22.9886169545352,42.62817830313,72.2293777856976,38.8171170838177,0.0136036375681194,0.01,0.01
"1640",79.3207549955696,15.7524339621887,28.3373710699379,90.6404664041474,72.5546312518418,17.7293356508017,73.508912534453,0.0167581586392014,0.01,0.01
"1641",15.3792896540835,48.361574113369,2.37362061161548,92.8480887785554,22.6591024780646,34.2442884342745,15.5713579151779,36.8981071093734,0.01,0.01
"1642",19.0100019332021,49.3831120664254,10.0198456319049,1.87299677636474,81.3543794676661,71.0157518740743,67.9140895372257,0.0003346209532661,0.08,0.01
"1643",99.447463802062,98.4831567620859,2.16964341234416,64.7188465110958,33.6943716742098,62.8827242646366,75.0990981934592,0.025240145367243,0.01,0.01
"1644",5.6523910490796,87.6673945924267,62.7944240346551,11.4889631979167,30.9335041092709,69.3013403331861,69.5123726734892,0.00526796859496383,0.01,0.01
"1645",16.1422517616302,40.1048399042338,7.09194391965866,36.4892606623471,92.1891098842025,84.5016964711249,9.22691565938294,0.150719769717678,0.01,0.01
"1646",16.3971331436187,79.3057899922132,43.7507067108527,79.1247479384765,27.3904506117105,53.2289172988385,5.75171562377363,197.90993586962,0.01,0.01
"1647",27.7975850040093,23.1214066501707,42.8256600862369,59.8933011293411,14.3174492754042,11.5749851102009,96.1871544132009,0.0484083676360458,0.01,0.01
"1648",82.0289309602231,44.9083916144446,81.3390082446858,80.4030802566558,40.7943761674687,19.6135319769382,80.0017956644297,0.0243245330571219,0.01,0.01
"1649",34.3813364161178,80.4495896678418,0.939100165851414,60.6574718374759,40.1114165782928,69.8166952235624,57.478176173754,0.0258595471351919,0.01,0.01
"1650",19.3694771267474,62.9125169478357,19.6747014299035,60.4781346861273,85.823996225372,89.1547341598198,38.5163131635636,0.0178320618754,0.01,0.01
"1651",30.2890096325427,12.9905383335426,94.1387543687597,10.2693760069087,83.4147016750649,16.573916003108,30.3113903384656,0.00392388064839199,0.01,0.01
"1652",81.4532342599705,61.9502026587725,54.5707146869972,54.1293900692835,36.0005090711638,99.7825452592224,31.0784951085225,0.0595004272860927,0.01,0.01
"1653",45.2840853249654,41.0511735826731,45.4374322434887,76.8336892360821,50.8751006331295,53.8954515010118,24.2379168979824,0.0641482525850882,0.01,0.01
"1654",44.0500560915098,31.464928179048,83.3935118280351,57.9601559089497,91.1803518421948,84.6728386590257,54.1216848185286,0.0115303693665558,0.01,0.01
"1655",75.0790604855865,70.6558272708207,93.4790487401187,81.2865379266441,69.3468930199742,98.0914569692686,72.2786822589114,0.0159951676752471,0.01,0.01
"1656",35.6119019677863,14.9759956402704,83.9756537461653,9.93304725270718,75.7408874807879,67.1858563320711,79.3330900371075,0.00163194520891298,0.01,0.01
"1657",47.847261861898,48.9636522717774,51.4814003137872,52.3112158989534,17.7425947505981,2.94186712708324,84.2938462039456,0.102116467270493,0.01,0.01
"1658",91.0646657692268,84.1610872885212,35.3584243450314,82.862532348372,2.54097888246179,95.8882094128057,7.50139085575938,879.386966626033,0.01,0.01
"1659",43.3872638270259,92.8075085859746,79.0840767323971,45.5380810657516,68.1612639455125,56.783015653491,14.8875219281763,0.0698241815322547,0.01,0.01
"1660",24.2096823640168,54.5777125051245,10.2091195061803,54.3419732479379,56.6766266245395,61.8481724057347,5.06227677688003,40.8983240840973,0.01,0.01
"1661",64.7287087747827,74.2816416081041,38.9608470955864,16.2621263880283,3.04404972121119,98.5404363600537,18.2295537553728,621.992118125704,0.01,0.01
"1662",10.0201528752223,90.6555014196783,47.061652969569,98.4073447296396,17.8881173953414,59.7294632811099,10.5794455390424,159.338172117842,0.01,0.01
"1663",9.83007235918194,68.7958184164017,68.4267017990351,66.2088745739311,3.17441795486957,43.960959231481,42.6602255785838,340.77027363117,0.01,0.01
"1664",72.5398681825027,59.7186596831307,53.3519547432661,30.0637598149478,5.27366360183805,85.9790305839851,62.6220026286319,42.526239616263,0.01,0.01
"1665",95.4570565838367,74.4190671481192,40.4496012022719,45.7008340628818,9.58103963639587,62.1289279777557,38.4591978508979,29.0211590318714,0.01,0.01
"1666",90.5365100828931,1.03162839077413,26.075507956557,27.7196320705116,84.5081283478066,30.3582614986226,59.8657405469567,0.0053617326525356,0.01,0.01
"1667",52.8122364776209,61.7783633293584,13.5993925388902,12.4327414203435,32.6546264113858,91.0591087304056,98.8502979278564,0.00381301444702962,0.01,0.01
"1668",85.0400202674791,67.2160709509626,75.1335801091045,15.875640232116,64.2105482751504,68.0255753919482,44.4928164593875,0.00543454123436198,0.01,0.01
"1669",53.6637066863477,47.9287693742663,12.9276330117136,30.6730372831225,81.1375833814964,18.4098606696352,20.4726924654096,0.0176801136493251,0.01,0.01
"1670",1.42253190279007,26.6685004113242,78.7231940310448,8.47780907060951,36.4897769875824,7.08988425321877,89.1174478223547,0.00257449684498313,0.01,0.01
"1671",11.7377201793715,38.502095406875,48.240460571833,4.81499577872455,50.0975315459073,43.1139240507036,26.6663785791025,0.0053009853125516,0.01,0.01
"1672",27.6759429369122,71.8027176335454,15.2800083626062,19.5813158527017,17.8830328863114,22.024922631681,61.3689241698012,0.0488219620038626,0.01,0.01
"1673",12.7523671835661,17.0814728364348,89.0741482144222,89.2568530282006,66.7382644023746,15.068747359328,2.99272655975074,150.600845271434,0.01,0.01
"1674",90.2529137441888,17.6498015876859,90.6747446395457,28.2803988549858,56.8877876037732,39.5303046796471,86.5432032151148,0.00567575693884649,0.01,0.01
"1675",87.0902749942616,99.4879522593692,24.8542923014611,98.2842297293246,95.1237839180976,26.7111302586272,34.305666689761,0.0292634125224915,0.01,0.01
"1676",38.1382499122992,38.0410897312686,47.69301940687,21.6546119423583,98.6225065309554,42.2778863925487,22.9959951713681,0.00914921396238499,0.01,0.01
"1677",20.7763021346182,79.5631657820195,12.4733314849436,73.7972975010052,0.988695025444031,1.75506558734924,70.2535740332678,369.925490473465,0.13,0.13
"1678",70.021227770485,73.9570962497965,41.383341839537,11.506506591104,0.800682092085481,72.6513903820887,82.0329429814592,598.167045976696,0.01,0.01
"1679",17.3149062786251,35.5082364054397,22.5760420318693,89.708075276576,89.0839283587411,37.506740889512,53.5186614608392,0.0184689137388535,0.01,0.01
"1680",68.9784783869982,38.8760350178927,6.77632845472544,72.0680998871103,68.2984525104985,53.184785367921,58.5248901275918,0.0177262675789855,0.01,0.01
"1681",77.296794927679,89.4114375347272,80.4123144363984,88.4751856792718,90.4619604814798,15.6958841485903,57.4766870588064,0.0167205494001499,0.01,0.01
"1682",8.64107003435493,22.5872022798285,56.2509351875633,15.2280878042802,56.2609018757939,57.4896554695442,52.2401953814551,0.00508312963289901,0.01,0.01
"1683",42.520470963791,48.0564050609246,57.5701326131821,75.1064436277375,27.57530414965,65.4786878498271,87.5073921866715,0.0307722431322602,0.01,0.01
"1684",96.8942015664652,65.314749488607,23.3779079979286,38.0477339262143,68.0043649161234,59.5664785709232,37.7839782042429,0.0144253948823497,0.01,0.01
"1685",92.0176214305684,77.4762258166447,61.5895851282403,36.4205112447962,30.5144355865195,2.57456488907337,78.5830317996442,0.0149983275547323,0.01,0.01
"1686",6.57717955764383,24.406965682283,56.1967840883881,26.9375878851861,6.61801393143833,89.6364574087784,92.7598859881982,2.96821044886814,0.01,0.01
"1687",24.7367296600714,47.7023302577436,73.5662921564654,91.3490157108754,36.7135388543829,91.4628766709939,61.1697297776118,0.0400200865184936,0.01,0.01
"1688",5.17241931520402,50.8249055361375,37.9317217506468,60.0392457330599,44.9240263318643,48.4624844742939,0.400167820043862,577.098308720004,0.01,0.01
"1689",93.4929992072284,8.24042805470526,66.5720996446908,77.9345903778449,12.3178774723783,89.5235165720806,61.3387789810076,0.882174819221891,0.01,0.01
"1690",75.7486329646781,87.1842136373743,23.0801990022883,79.8991829855368,56.1589679913595,18.8590763602406,6.52142544277012,25.8679291603577,0.01,0.01
"1691",84.3375536613166,37.6340265385807,75.8416203781962,42.281992523931,51.8678235122934,69.6250719251111,54.8506916034967,0.0145943714023585,0.01,0.01
"1692",41.9386751484126,99.5900580892339,96.3497648248449,89.8073801072314,12.4572325265035,85.999070503749,66.7930353665724,0.38014400908057,0.01,0.01
"1693",42.9828394437209,89.4217602908611,36.3077455665916,16.9997733086348,10.6033680494875,49.0824898937717,9.12695094011724,423.593037512425,0.01,0.01
"1694",67.6692980574444,74.1451124893501,4.93177915923297,28.2930605113506,36.5871368441731,73.4730082796887,56.3287294702604,0.0134901731707004,0.01,0.01
"1695",57.3495433665812,78.5882770782337,61.1454256810248,86.9047748157755,18.1988384574652,17.4494901439175,2.112932712771,564.940045249577,0.01,0.01
"1696",59.0912497369573,10.2094708709046,16.3301622960716,43.2291580596939,79.7073152381927,92.5094729056582,59.6068667713553,0.00894746263329712,0.01,0.01
"1697",19.7082104394212,85.4789305711165,56.744928797707,2.42560678161681,71.0497221676633,29.0524262003601,97.0980630023405,0.000347980790949712,0.01,0.01
"1698",88.0867294035852,70.5603246809915,73.221855936572,46.4093701681122,95.9066917421296,74.9120964901522,56.5843767020851,0.00840279411659768,0.01,0.01
"1699",2.63157980516553,62.6547645777464,3.62268541939557,24.5235973503441,20.7987416302785,69.9221883667633,30.4961836198345,2.04867326951268,0.01,0.01
"1700",23.8982608541846,34.0934367617592,47.2261931747198,42.5312179140747,77.4371169507504,89.5086776930839,61.398759810254,0.00880144949577681,0.01,0.01
"1701",73.3055666554719,22.5479036569595,41.9335284968838,96.2976273382083,96.0089864209294,21.5866515878588,69.1259684506804,0.0142964407864605,0.01,0.01
"1702",45.3984119929373,20.3255407046527,66.8199275620282,88.8087920146063,18.7497409060597,37.3886078363284,87.4877762747929,0.0536696231552304,0.01,0.01
"1703",20.8196693565696,56.6311263712123,46.0869980975986,43.6009700410068,57.3890686966479,56.9738739635795,66.841032449156,0.0111983113574531,0.01,0.01
"1704",16.42351441551,54.9609754933044,79.7163434326649,2.41742031648755,53.5715420497581,63.3254837943241,79.8067071707919,0.000558388621644534,0.01,0.01
"1705",3.44371804967523,73.13246820122,78.8732822518796,58.1766849849373,23.5537265427411,49.7996638761833,26.235217298381,2.55369705350138,0.01,0.01
"1706",20.2078426023945,88.7236466631293,82.7446042792872,50.3404680639505,96.9939881237224,14.7917557042092,6.38668923638761,1.88995081283924,0.01,0.01
"1707",8.68033112492412,7.71182228345424,17.7339786663651,23.7229924881831,30.5711458669975,65.3831181349233,27.6768520008773,0.368747442506461,0.01,0.01
"1708",11.1424566945061,67.0423659030348,19.1654071677476,10.3472618153319,48.0911138700321,28.4123350167647,71.0280994419008,0.00298714047314432,0.01,0.01
"1709",59.3238858273253,3.03144585341215,30.3515703650191,66.6746674571186,29.030874138698,38.6711394181475,19.686334207654,7.63632609892046,0.01,0.01
"1710",77.862279699184,65.0366766611114,48.5367755638435,78.3549143699929,14.1545206774026,42.3950231866911,44.2906293552369,2.53070936488287,0.01,0.01
"1711",26.1624925537035,85.375195229426,13.7415903387591,14.7676087683067,34.0633199317381,62.2050844598562,41.346486704424,0.0110383168076439,0.01,0.01
"1712",84.6486973110586,88.5788191575557,2.38432544283569,32.276198361069,67.8330560913309,5.65817626193166,21.9130116747692,0.0226150955673312,0.01,0.01
"1713",75.568200647831,92.5811618100852,65.512005565688,73.8595343194902,39.3554504727945,62.4002225697041,4.50963799376041,136.033634927392,0.01,0.01
"1714",82.6533748069778,38.3292424725369,98.5850580502301,80.3240930195898,77.4210509145632,39.5412573590875,1.83292182628065,139.138695718218,0.01,0.01
"1715",99.8709098203108,73.3192107174546,1.51238648686558,22.1531311748549,49.0329342195764,25.2967800479382,16.3196579320356,0.385201967622556,0.01,0.01
"1716",87.3256141552702,75.6590034579858,1.65394011419266,37.4987558228895,55.2816251758486,22.6091945078224,83.5899508092552,0.00801882925885003,0.01,0.01
"1717",7.36725074239075,69.4190430222079,91.4837347343564,72.5112564396113,9.50626709964126,49.0382669260725,71.6520330403,1.62218087435619,0.01,0.01
"1718",5.79282811377198,63.3682359708473,15.9425523830578,86.9462651666254,88.5304565774277,98.5920439241454,47.5184865295887,0.0202414896355674,0.01,0.01
"1719",50.1452771248296,28.1829714309424,14.2199469264597,14.1628981335089,3.54077229276299,4.00911837350577,83.8564213132486,299.036700151008,0.01,0.02
"1720",53.1209440669045,71.042788750492,1.46881316322833,4.32741208933294,76.4321723487228,63.8141758972779,63.2946788566187,0.000880764681843193,0.83,0.01
"1721",53.6708036670461,9.77462034206837,35.8157605398446,28.9320417912677,83.8519729208201,15.5276927631348,7.45421284809709,2.92795983682082,0.01,0.01
"1722",87.9383663879707,41.4306610357016,4.13126389030367,29.8454992007464,79.1359356138855,73.7974172690883,36.9051285553724,0.00994986515680683,0.01,0.01
"1723",28.6801445065066,51.4769312925637,95.6704118289053,11.2890202784911,91.5498074609786,41.7119694408029,75.6188354920596,0.00160903414092203,0.01,0.01
"1724",88.8842549175024,62.8332758089527,42.7266776328906,75.6038479041308,24.0589783526957,27.1147542400286,68.3913371758536,0.0453985889383539,0.01,0.01
"1725",76.6329421894625,2.92360538151115,96.9985237345099,50.950179155916,23.0161281302571,3.34982890635729,99.4875436183065,0.0405989301654125,0.01,0.01
"1726",29.0446938946843,53.9048901293427,41.4738781284541,79.2928928043693,52.0407575648278,23.6903080018237,41.4664129260927,0.0358758807149193,0.01,0.01
"1727",80.1690556341782,76.0887440526858,50.1281094970182,99.5543089229614,76.9440901931375,20.6857678946108,22.9583010543138,0.0540204821593418,0.01,0.01
"1728",35.6104456121102,35.8316846890375,99.4379748124629,87.6414086669683,13.5430632857606,45.9138738689944,91.7318539461121,0.0760638527423287,0.01,0.01
"1729",72.6595096988603,32.8868391457945,30.9282976901159,90.2557414956391,99.7247806284577,14.9621445685625,53.0562680680305,0.0167361216908236,0.01,0.01
"1730",22.3388141021132,29.8533475259319,89.5019387826324,63.0397701170295,51.2107788119465,48.5762182390317,67.8315774071962,0.0178799672247213,0.01,0.01
"1731",17.9091577650979,77.4378954898566,80.1589879672974,73.9783324534073,5.824103532359,75.4223848925903,25.2777172019705,260.906468198723,0.01,0.01
"1732",92.8127056453377,74.0618707612157,49.7207274194807,42.0141285751015,28.4383544232696,41.0648354096338,54.3130085337907,0.0269526161055484,0.01,0.01
"1733",44.7720789117739,52.4379486683756,30.2613531937823,58.7072849506512,75.20631714724,1.8959040986374,42.9618426598608,0.0176969440582998,0.01,0.01
"1734",83.9963697129861,76.006640587002,10.8799691312015,37.86601847969,68.3783744229004,84.6322321565822,1.4344324124977,207.855952519168,0.01,0.01
"1735",67.7886192454025,69.3597748875618,32.1750288829207,74.4363704696298,61.5819033235312,35.9763023909181,76.983904466033,0.0154990192304058,0.01,0.01
"1736",54.3889054097235,45.1443191617727,41.2218168377876,57.6696109957993,31.829366250895,45.6547187641263,89.041757537052,0.0201211268159508,0.01,0.01
"1737",69.3077581236139,56.4344783080742,14.9439194472507,30.9996762545779,94.2053952487186,20.419833669439,15.8170351292938,0.0198774690830988,0.01,0.01
"1738",22.2693848889321,38.2061138981953,23.0909374775365,97.5262659136206,60.3611120022833,90.6698821112514,74.0052222274244,0.0215406879980334,0.01,0.01
"1739",66.8834239477292,48.3150891261175,16.6409494588152,39.2894160700962,94.8187364032492,9.75424889475107,1.88236362300813,135.835388461047,0.01,0.01
"1740",87.7648005029187,85.3074357379228,45.4501693369821,78.8482495117933,77.809451520443,21.8192364089191,32.8560747671872,0.0299286542859944,0.01,0.01
"1741",45.8484056172892,13.2558403071016,57.8533109277487,57.4228944722563,97.9919980978593,91.9548082398251,99.1002167575061,0.00585275170377841,0.01,0.01
"1742",99.8904352542013,19.2975718993694,35.0418043322861,27.8081780066714,70.2378233894706,48.7524098018184,16.2081353133544,0.0333893104505388,0.01,0.01
"1743",88.7473009061068,3.41994699556381,70.3426493797451,4.78998753242195,79.0748327039182,47.9862804058939,19.5558222709224,0.00335988478662489,0.01,0.01
"1744",90.9460763912648,85.8148064929992,36.9916820665821,10.3629606310278,80.4922393523157,42.2935999231413,60.3240729309618,0.00209931792320181,0.01,0.01
"1745",41.6215621633455,58.0116156488657,54.3843730119988,72.380544571206,32.6614394783974,42.7773699630052,47.7112383116037,0.045707962191693,0.01,0.01
"1746",35.5229530250654,76.084910472855,81.3896234147251,11.3004195736721,31.0749349184334,19.2876555258408,51.1248032562435,0.00720972094032683,0.01,0.01
"1747",70.7492158049718,31.3938076607883,21.9033430563286,43.1905615376309,93.3163053356111,85.3253594366834,74.6923158643767,0.00611442861025794,0.01,0.01
"1748",75.8050947450101,1.48187151644379,4.66619692742825,59.1356522403657,49.6730103157461,18.6830793274567,72.3918734351173,0.0161831567251793,0.01,0.01
"1749",48.6329171340913,21.9406751915812,49.5652039535344,51.6692953649908,49.1373911267146,81.1866361415014,81.8234574515373,0.0126948584709313,0.01,0.01
"1750",52.9868191340938,22.9035810334608,67.5235747592524,59.1317808488384,71.3850357569754,80.4741882253438,34.0778665384278,0.0236113272182672,0.01,0.01
"1751",39.8286839015782,20.93167565763,13.401483069174,58.0000440590084,6.87251049093902,1.57677365932614,58.6526052560657,147.518191265707,0.03,0.04
"1752",78.2645854866132,97.5923736114055,47.6470268797129,70.6120540620759,19.1338920965791,20.5309090437368,28.008507587947,7.24603439679828,0.01,0.01
"1753",13.7094324920326,91.1297931103036,30.0207617226988,11.7265049368143,1.03293219581246,87.6427765004337,20.483292080462,905.637997990835,0.01,0.01
"1754",20.936337695457,35.7502331025898,78.0743352137506,2.93639763258398,93.4187782462686,40.6392585253343,68.4156051138416,0.000452695564729073,0.01,0.01
"1755",87.7801464637741,51.3535998761654,88.788526179269,81.0863475315273,84.4470029929653,12.433497980237,67.4000495579094,0.0140283531415374,0.01,0.01
"1756",99.9087990494445,55.4459679638967,63.5099231963977,88.9005481265485,28.4418046940118,32.5024034362286,12.651792448014,30.6153840632563,0.01,0.01
"1757",98.681315802969,89.1821001889184,53.6477553891018,31.0350031591952,37.4102297239006,8.88935581315309,19.371608668007,1.852336924286,0.01,0.01
"1758",18.7377233989537,99.8116658767685,18.0039489874616,29.5466628624126,74.9759368598461,23.1632716953754,52.2586482809857,0.00739903179649887,0.01,0.01
"1759",65.1657827198505,55.8152036974207,24.4136445922777,90.4995983699337,86.4197342423722,36.7697715060785,20.2006009873003,0.0494126668930167,0.01,0.01
"1760",79.8732745228335,67.127497214824,32.7006180537865,17.1420769300312,66.5086392313242,64.0860552899539,30.4866498801857,0.00818707855330744,0.01,0.01
"1761",1.74843966960907,9.73306084051728,85.2581903338432,33.2552953390405,71.7460891697556,70.3763464232907,63.5052025783807,0.00718194313599703,0.01,0.01
"1762",18.7973038060591,13.6235835263506,42.4340916797519,97.2956020850688,4.75827867630869,40.7027046428993,5.28780184686184,697.26441926431,0.02,0.01
"1763",52.3026466369629,79.2958118254319,82.1059228852391,27.4133659899235,46.3974547572434,25.1753729768097,90.8513336442411,0.00643160547823519,0.01,0.01
"1764",35.3525662096217,96.806724765338,90.7058970071375,69.8061637580395,83.626037882641,6.21477051172405,67.3078834777698,0.0122102674041777,0.01,0.01
"1765",70.1665327185765,0.699677155353129,49.2427211487666,86.100491695106,31.7267886595801,87.0620183413848,75.8995128329843,0.035219066371492,0.01,0.01
"1766",53.8084828760475,20.5264678690583,69.1179437795654,15.085586020723,26.9162371754646,24.8878606362268,90.5744874384254,0.00611795992106463,0.01,0.01
"1767",12.7700091339648,96.683088876307,64.0998829854652,34.3084355816245,8.24616684112698,63.0807727109641,69.2197563592345,4.16315207178911,0.01,0.01
"1768",73.7445739330724,55.7697884505615,6.23658641707152,41.8407909339294,5.59656645637006,13.8609305256978,90.3469106415287,15.0680955202454,0.01,0.01
"1769",22.1001375000924,76.3542931992561,98.7894399091601,90.832488797605,80.6965606519952,16.2171645322815,97.5803773384541,0.0114135690301252,0.01,0.01
"1770",57.8587219584733,4.12527911830693,20.183597272262,11.7301927879453,72.8012253995985,50.802971702069,99.2472615325823,0.00160638312913143,0.01,0.01
"1771",75.6996080977842,92.4373015528545,12.5721773365512,88.2253300631419,41.2658204091713,14.7513904841617,77.0688937511295,0.0273846125814542,0.01,0.01
"1772",32.5657573761418,16.7779921088368,45.0919118942693,73.2141805114225,40.813407022506,21.1128655588254,86.879640002735,0.0204053053711237,0.01,0.01
"1773",65.1488709030673,19.3902481347322,12.4679232714698,90.9996465779841,23.540954454802,77.7741617523134,81.6360202385113,0.0467837882714906,0.01,0.01
"1774",68.8736838055775,95.8590935450047,5.58788743801415,0.855107419192791,62.9278088919818,20.0227391673252,80.2225790452212,0.000173607581272943,0.61,0.01
"1775",47.9884565109387,23.1733954511583,5.90249504894018,53.1855129171163,8.58731889165938,25.0661170808598,72.5144186522812,3.88847097540794,0.01,0.01
"1776",78.4597604069859,76.5644826227799,52.1727469051257,63.1152037996799,99.7099827276543,77.7458561351523,27.6098358212039,0.0221239228706853,0.01,0.01
"1777",20.7403617911041,46.2310332339257,10.4482332244515,79.6414238866419,54.2301124660298,44.2447945242748,75.1361826434731,0.0192882071279477,0.01,0.01
"1778",30.3476294269785,35.9862160636112,80.8449091389775,16.8737668078393,86.2867489922792,99.4075424503535,99.3276131805032,0.00194895623966873,0.01,0.01
"1779",50.6705128820613,8.84843238163739,95.901529211551,84.4954865984619,81.0989993158728,91.5505514014512,70.7506962120533,0.0145128179098813,0.01,0.01
"1780",4.92765887174755,82.7566804829985,81.1058712657541,42.2447020653635,13.1979015655816,51.0506584541872,92.3668122850358,0.0414512401964118,0.01,0.01
"1781",62.5003612367436,55.9001783374697,57.4569337302819,69.2037495551631,63.5412918869406,41.4413365768269,2.32845153659582,150.472061801779,0.01,0.01
"1782",20.3213567845523,60.8675593975931,10.490117687732,99.1652944590896,67.9474562639371,37.5831817742437,9.92061404976994,1.07866133502613,0.01,0.01
"1783",37.4043150339276,86.8063480360433,33.2523959456012,35.8318251324818,14.9772422388196,7.53283461090177,24.7845481848344,97.8424483242508,0.01,0.01
"1784",31.1792509397492,72.6708375615999,14.9227991700172,58.8369525037706,26.9656765973195,92.8598001832142,9.20689404010773,75.3502918930527,0.01,0.01
"1785",54.1305532446131,32.7722646063194,83.9821798261255,5.66680405754596,44.3037974415347,49.2039045551792,11.9627326959744,4.7155858814593,0.01,0.01
"1786",86.5595596609637,23.487745411694,68.0134279187769,90.5443291645497,40.7000579172745,23.8999295281246,27.8017334407195,0.097135431869343,0.01,0.01
"1787",50.7713727420196,48.9300186280161,34.7389041213319,89.1929985256866,12.51088490244,74.8350399080664,55.0532381283119,1.34056112006374,0.01,0.01
"1788",90.4579535592347,91.3675161078572,2.65837009064853,80.9732514666393,44.6800776291639,19.6346291108057,74.4908957509324,0.0240060352146859,0.01,0.01
"1789",76.002221298404,22.7668738458306,5.67680788226426,14.831628696993,74.6973901754245,24.6570314047858,11.6344437235966,0.191039561542044,0.01,0.01
"1790",75.6322981556877,45.2197526348755,34.3987270956859,96.7182570835575,30.9547741897404,76.5125673031434,55.2736217388883,0.0555638932398159,0.01,0.01
"1791",21.9052226282656,77.6532435324043,53.5354695748538,0.0118512660264969,6.01259530521929,37.2603501426056,93.3636820875108,5.33285736595851,0.01,0.01
"1792",97.5181327899918,7.50995478592813,57.2881017345935,3.30320328939706,92.7501872414723,67.1872588107362,2.60239122435451,48.4997130623312,0.01,0.01
"1793",78.5864307777956,5.5390399415046,73.7119951751083,36.1175220226869,99.2623691447079,83.1392285879701,2.88969706743956,30.1398377332132,0.01,0.01
"1794",0.549326720647514,52.0800367696211,6.5596095751971,20.4192685894668,80.1523638656363,43.6983546009287,15.4465636238456,0.0191697071577492,0.01,0.01
"1795",74.3343154899776,41.2449019961059,73.3653910923749,93.8902153633535,67.8047865629196,51.7052547540516,5.5136320181191,16.2801921741506,0.01,0.01
"1796",74.9654712853953,53.8306589936838,44.7409325046465,59.0699524618685,6.39334721490741,86.921365512535,74.9709292082116,9.85495685197903,0.01,0.01
"1797",16.2345288088545,48.3846518211067,93.8116068951786,50.4808625672013,0.236699753440917,9.06789302825928,37.6012121327221,820.013195698466,0.12,0.11
"1798",69.2619144916534,72.8786894818768,57.5139931868762,23.3821980189532,66.5667346445844,33.6622065398842,56.2521148473024,0.00613476084498655,0.01,0.01
"1799",55.8219016995281,84.3006605049595,87.6170446397737,35.7592913322151,77.9988535912707,84.6389153972268,46.6803827788681,0.00961487469317898,0.01,0.01
"1800",63.5991837130859,84.2667917488143,47.16655111406,64.2929618246853,3.78397260792553,92.7560712210834,24.5238312287256,432.808702087056,0.01,0.01
"1801",13.2465486880392,40.5520579311997,52.0561152603477,20.6581608392298,25.3733159042895,37.9503053613007,97.4428685382009,0.00826988945520886,0.01,0.01
"1802",18.0335590615869,4.08012184780091,33.0061950488016,37.899660342373,88.1956548895687,46.5336679015309,17.9774322314188,0.0229048634492046,0.01,0.01
"1803",59.2138767940924,22.7602135855705,68.8670514849946,89.4414885202423,39.4617447629571,34.1296314960346,15.4675414552912,2.81228496010157,0.01,0.01
"1804",80.5968281347305,75.1595697598532,96.7906652018428,31.2107658013701,11.9881271850318,69.4599029840901,18.4816934866831,117.110182920129,0.01,0.01
"1805",63.2168477866799,1.32199726067483,0.713470415212214,99.2561633465812,4.1212318232283,52.6380503317341,37.3504483373836,411.63585585505,0.01,0.01
"1806",80.56108080782,87.1735677821562,40.9319852711633,94.9041940504685,21.382517577149,34.0118521358818,17.0239199185744,30.7784825652543,0.01,0.01
"1807",94.6766362292692,0.881908019073308,52.9045295203105,24.9226811574772,98.2545809820294,14.4247707910836,56.9443404208869,0.00427686770881527,0.01,0.01
"1808",56.4635227899998,74.5866082375869,19.2406909773126,23.669195920229,30.0855102250353,57.5626817531884,63.9716574223712,0.0121141614358927,0.01,0.01
"1809",27.4241627426818,8.53178794495761,5.62064319383353,75.7600454380736,7.86992886569351,89.0277463709936,96.5199961559847,0.916856689441638,0.01,0.01
"1810",77.1405728533864,29.5881462283432,55.7623220840469,26.807686756365,43.3044333243743,6.54928651638329,10.7799229212105,35.2873454217784,0.01,0.01
"1811",95.3445271123201,66.3711563684046,83.4772426867858,67.6875828299671,54.5036160154268,20.5237205605954,49.522278830409,0.0245753846250162,0.01,0.01
"1812",62.9446097649634,95.9133609198034,51.8422932596877,54.4745815685019,28.4923015860841,80.048812343739,90.4692491516471,0.0209018686310596,0.01,0.01
"1813",9.53266692813486,35.2930810069665,57.0856113685295,8.7203640723601,71.2422930635512,3.79093785304576,2.98688346520066,50.0035480213979,0.02,0.02
"1814",35.5190308997408,5.17446496523917,99.7207960113883,0.311157759279013,86.2370162969455,93.9934162888676,4.45475643500686,14.0834066511032,0.01,0.01
"1815",86.9506082963198,5.63095554243773,57.3536185314879,83.0867084208876,81.6899868659675,63.8121028197929,41.4042724762112,0.0239694194897484,0.01,0.01
"1816",58.2086274866015,14.984609442763,37.4806873267516,40.7187573146075,9.9168804474175,79.9170972080901,32.4280070606619,49.3955480700013,0.01,0.01
"1817",65.7245680922642,19.5017334539443,35.9220782294869,88.1921228254214,53.5254318034276,47.5031642941758,23.0877139372751,0.0732971477753526,0.01,0.01
"1818",88.9556262176484,51.6032779589295,12.9674384370446,5.77388936653733,84.0562347089872,69.3140017800033,18.8552507897839,0.003543673561718,0.01,0.01
"1819",50.8796830661595,43.8494493952021,99.0096920635551,47.1613606670871,8.71379072777927,16.1731709958985,64.3573000095785,8.13299686076224,0.01,0.01
"1820",68.3941890252754,80.1491756923497,72.1563268452883,77.9632448917255,85.3875442873687,48.6150191165507,29.6353125246242,0.0298015073449435,0.01,0.01
"1821",42.0045012142509,98.5777905909345,70.9854122716933,42.3802352277562,87.7900966443121,38.4068761253729,17.5252209184691,0.0262005703644442,0.01,0.01
"1822",53.3149170689285,44.6088571567088,43.2665224652737,48.1646461877972,40.1586378458887,4.91439225152135,99.2907788138837,0.0119503783416458,0.01,0.01
"1823",3.99022563360631,76.0031269164756,12.7858618739992,1.71312296297401,71.0161553230137,86.2299061380327,89.7792441770434,0.000266397348388699,0.26,0.01
"1824",1.76806808449328,8.90278292354196,55.3815642837435,45.5165237886831,20.8355859154835,97.4774308968335,25.9003538638353,6.30111461800653,0.01,0.01
"1825",41.6485015070066,35.0091387052089,87.0853605214506,89.1970071475953,97.4738999735564,2.90879548992962,54.0384301450104,0.0165206559209297,0.01,0.01
"1826",77.0898522110656,9.294887422584,45.2727886615321,26.613787189126,56.1077416175976,86.3586019026116,37.6329992897809,0.0122766320595996,0.01,0.01
"1827",60.6852496508509,60.8634697739035,43.8526239944622,38.1639542756602,41.1688890773803,15.4837429756299,12.2529187239707,9.49308406204864,0.01,0.01
"1828",31.2227170914412,57.7800719300285,65.4746192041785,11.4558273693547,28.1915579689667,2.95775267295539,32.6894873986021,12.3646395061116,0.01,0.01
"1829",67.2516269376501,37.0830163359642,60.5740146012977,14.1918430803344,34.8706553690135,18.6468425439671,65.4937454732135,0.00611927084588428,0.01,0.01
"1830",31.1337278457358,92.9443298140541,34.2169350245968,51.7902795923874,91.3264050381258,49.2687080753967,88.3042686153203,0.00634985391153956,0.01,0.01
"1831",66.9972799019888,40.8078776905313,81.2339172000065,24.0585073363036,34.5205805962905,58.5840116487816,87.7020511543378,0.00785620431567514,0.01,0.01
"1832",5.0021915929392,15.6177272787318,42.1525771263987,43.9839182654396,5.66005057189614,32.9493699362502,75.1372317085043,27.4683226469015,0.01,0.01
"1833",54.7404314391315,71.9469053205103,76.4941098634154,34.2882953817025,51.7654517898336,6.81297285482287,18.1814570212737,0.358367385040758,0.01,0.01
"1834",45.3575169434771,38.4394210996106,69.7176514193416,96.9008842483163,94.0770142013207,69.2957234568894,51.8927371595055,0.0194713012034326,0.01,0.01
"1835",55.0597314257175,63.1326507311314,28.1193502247334,0.264884298667312,6.372378510423,91.160591179505,78.5553426016122,7.80927002031132,0.01,0.01
"1836",31.0451623983681,97.116206260398,10.6138657545671,11.139806965366,45.3216365771368,53.0522411456332,66.8024427024648,0.00362518459126539,0.04,0.01
"1837",88.8464164221659,7.99174923449755,86.771115497686,27.6809884700924,6.1062402324751,64.2501063644886,35.0207826821133,157.595423242159,0.01,0.01
"1838",40.1242624502629,82.8389490488917,67.7207090659067,98.4123250935227,83.0051120370626,87.6401015790179,11.1917064059526,0.149028349122962,0.01,0.01
"1839",0.324174808338284,78.2083947909996,95.9148806286976,45.4141433583573,30.8420208515599,15.6766226980835,16.7542236391455,13.3022120061054,0.01,0.01
"1840",54.0994802489877,71.7241088626906,7.73283606395125,32.7743583591655,36.2832419108599,66.2666686810553,2.07193160895258,371.797071394,0.01,0.01
"1841",74.0589805180207,63.2751093944535,19.0144286956638,82.3761257110164,33.7122690631077,89.3971664365381,33.9982799720019,0.0798642637085174,0.01,0.01
"1842",1.61636064294726,66.201322292909,74.1778976982459,37.2382345376536,41.7935062665492,61.5858666133136,70.8786885719746,0.0123952476079481,0.01,0.01
"1843",40.171963814646,93.9880994847044,78.5309719853103,58.6062155431136,69.0173218492419,80.5328289046884,39.028867171146,0.021212664535089,0.01,0.01
"1844",82.6466968748719,72.89866481442,45.2960548223928,79.6189188025892,59.5128730172291,85.8425185782835,12.9135638941079,0.416924501352126,0.01,0.01
"1845",99.2914450820535,24.5723155559972,65.1108963415027,53.5620884038508,69.5677395211533,24.5756801217794,37.0337738655508,0.0202346910827431,0.01,0.01
"1846",74.0117801353335,58.5564750013873,42.0202144654468,39.0050882473588,88.2730194600299,32.8714679228142,61.1866706050932,0.00710476951658189,0.01,0.01
"1847",21.3467088295147,60.8052666531876,52.2826181259006,51.7615427728742,11.7200094740838,16.6481052525342,61.1680244328454,1.79507380076748,0.01,0.01
"1848",65.9983646823093,38.0926004610956,86.3213184289634,39.2874700715765,74.3449277011678,15.5956782866269,93.4113000519574,0.00559358331238126,0.01,0.01
"1849",21.2295088917017,69.9864658294246,51.9531254656613,32.1488089160994,18.1474228389561,76.958427624777,85.2880975464359,0.0207626497744284,0.01,0.01
"1850",64.017453417182,26.4252033550292,32.638082979247,99.1283187642694,87.6237430144101,4.55701837781817,20.4313759924844,0.0529780399413419,0.01,0.01
"1851",73.1266104150563,53.3727759728208,1.63604733534157,39.7245819214731,13.3387646172196,50.7805933244526,19.9602631852031,80.1112743965142,0.01,0.01
"1852",13.5257883230224,15.5392077285796,71.5936770197004,78.6898053949699,31.0362728312612,24.4460897054523,37.8201917279512,0.0846138320561268,0.01,0.01
"1853",60.2708809543401,11.7904260754585,98.7751886481419,26.6921832691878,73.2997651677579,42.6250240299851,22.3839843645692,0.0156586500468994,0.01,0.01
"1854",38.0556763149798,28.4468095051125,88.9212318696082,10.9968968201429,21.4274905854836,43.6801722506061,81.2458473490551,0.00628607149419281,0.01,0.01
"1855",31.9150414550677,77.7199182659388,65.412355819717,11.6289735771716,15.7448712270707,27.6176053797826,89.4956827396527,0.00945606348273633,0.01,0.01
"1856",51.2459465302527,30.8576026931405,97.6142920088023,16.3239782210439,59.3896929174662,13.3800840703771,23.0183585081249,0.0139808704939869,0.01,0.01
"1857",57.5731258606538,99.1140520432964,92.1439395518973,82.3014423483983,59.37017230317,57.6578311389312,43.6137703247368,0.0310701221878367,0.01,0.01
"1858",12.7169118029997,53.7801738362759,46.3498240802437,49.0452351979911,56.8887247471139,99.2460346315056,41.9826412573457,0.0200570113064878,0.01,0.01
"1859",84.9630557466298,91.865445766598,17.0814486220479,78.0566464178264,68.3182100066915,83.6679578060284,50.0965852756053,0.0223602461994849,0.01,0.01
"1860",10.2528019808233,22.1351444954053,19.7600364452228,24.1371324751526,19.3282636115327,49.7535502770916,22.2396733937785,17.7467407172825,0.01,0.01
"1861",17.9581999545917,83.8334956904873,83.1810975680128,38.4160761954263,19.3796060979366,84.003818128258,87.9412119509652,0.0223339582272392,0.01,0.01
"1862",64.7725653834641,75.7751420140266,7.71930643822998,44.6788073517382,46.6991008026525,60.7401520945132,51.4899277128279,0.0182269034345879,0.01,0.01
"1863",51.986663416028,63.6160321300849,72.9373201495036,73.5013493336737,88.9339963672683,89.1170131973922,20.355610945262,0.0387062708380679,0.01,0.01
"1864",30.6472111027688,96.6784589225426,77.9282003175467,77.807542309165,88.5527714854106,4.40770857967436,76.2299878522754,0.0113649029941411,0.01,0.01
"1865",73.8622597418725,39.8263768525794,28.5030112136155,7.87053606472909,14.8637311765924,41.0560103598982,40.2343831956387,3.37299520599808,0.01,0.01
"1866",24.5312688639387,37.2442620340735,19.9583945097402,95.1508481521159,47.2184898797423,91.0842810524628,25.3370735095814,0.082318699842455,0.01,0.01
"1867",33.7647234322503,47.3796035163105,32.3148388648406,8.02118659485132,38.0992611404508,85.2810474811122,99.5613634353504,0.00209351866344171,0.02,0.01
"1868",85.7516440795735,12.5562535366043,77.5091928662732,17.0830557821319,10.5044123483822,37.5672119902447,69.2471664398909,1.28801948346132,0.01,0.01
"1869",3.40835647657514,17.2080775490031,86.1516123404726,19.5689937565476,79.5943939592689,37.078425521031,23.0190289672464,0.0102460030276013,0.01,0.01
"1870",54.2204308090732,7.71997983101755,86.720153153874,24.2605754407123,99.164048791863,25.3634976921603,54.5556802302599,0.00439364063744272,0.01,0.01
"1871",26.7179951071739,85.7385509414598,46.1695158388466,14.9109487421811,14.8273725993931,54.1992494137958,73.3890847535804,0.0374543938750666,0.01,0.01
"1872",4.40415879711509,96.5792528120801,70.0048774247989,13.7037849985063,41.6443887166679,40.3608524240553,93.0138076422736,0.00349999644361939,0.01,0.01
"1873",18.6916843056679,25.2566626062617,50.4924467997625,74.431335600093,90.5321599449962,45.947212446481,62.9206286044791,0.012859480041804,0.01,0.01
"1874",65.9828298492357,76.1215943144634,85.6866346439347,11.0543914139271,81.956888595596,76.3748263241723,55.4241133155301,0.00239032384442658,0.01,0.01
"1875",87.211173097603,47.337751602754,72.0635873265564,54.5863825827837,64.1484618419781,12.0896292850375,11.9435724569485,0.790181781583517,0.01,0.01
"1876",51.0928387520835,72.206437587738,13.9209114480764,11.5722585702315,37.4171196948737,54.2961768805981,66.5919891791418,0.00457585498246318,0.01,0.01
"1877",83.7043677922338,43.8006448093802,48.5695077804849,62.8176349913701,12.7000313485041,18.0921263527125,69.8029668070376,0.365094460026519,0.01,0.01
"1878",72.6142056286335,18.8633238198236,95.5750367604196,39.1097643878311,23.6316007794812,56.340067461133,39.2456924775615,0.168034083385352,0.01,0.01
"1879",10.4211136698723,89.274127734825,89.5320288371295,95.4638123977929,16.7880368418992,84.4535997603089,51.1596412863582,0.3172226681632,0.01,0.01
"1880",23.4845086932182,24.0211637225002,80.7054911041632,28.8277349434793,82.1351352380589,33.3130073500797,12.198673048988,0.0676953105173726,0.01,0.01
"1881",10.3371026925743,32.9810056369752,49.7590517625213,74.5896233944222,69.9872526340187,70.3135456657037,47.4374346667901,0.0220010834695872,0.01,0.01
"1882",71.5687349205837,9.41161182709038,14.3765612039715,54.3109855148941,47.8299038251862,72.2847860073671,68.2676333934069,0.0163913106203631,0.01,0.01
"1883",44.6574321715161,26.6652653226629,28.7628149613738,42.0227985130623,87.4417752726004,26.5422931639478,37.1453454485163,0.0125957815646083,0.01,0.01
"1884",19.7187668411061,39.353447034955,13.544189883396,61.1321068136021,89.8509930819273,98.3410140033811,36.0268247313797,0.0183745511614895,0.01,0.01
"1885",49.2745618335903,78.4523850306869,69.926056987606,6.49293628521264,6.54846241232008,89.1966291936114,21.7176403151825,261.727906545876,0.01,0.01
"1886",25.6917937658727,99.4938242482021,10.8017260208726,27.1437081042677,28.0944714555517,62.9587376490235,2.82474714331329,395.813950600727,0.01,0.01
"1887",77.2359419614077,39.5864438265562,34.5298521919176,92.5359230488539,55.4110004333779,71.4524573646486,14.6459939656779,0.345683458102446,0.01,0.01
"1888",27.8806990943849,11.068765562959,13.2712815655395,30.9393886942416,21.0431951563805,96.4395664166659,86.6311579709873,0.016797892532769,0.01,0.01
"1889",38.5778711875901,94.1810929682106,24.5820786803961,94.5853169541806,79.2097602505237,37.6547812484205,81.0598108218983,0.0145511641162634,0.01,0.01
"1890",5.88881971780211,45.5416799057275,12.6949105411768,47.5799285806715,28.3184680854902,60.3782067308202,71.2992708431557,0.0232409844279173,0.01,0.01
"1891",46.399530605413,72.3636250244454,99.9199187848717,49.4446649681777,37.9156168550253,50.9619795251638,52.3992778966203,0.0244217498142093,0.01,0.01
"1892",54.6101782470942,77.1373287308961,30.30489992816,54.9522687215358,68.388361367397,48.1043982785195,63.5704015847296,0.0124438333882696,0.01,0.01
"1893",35.791144054383,91.0575474379584,55.8548317058012,71.9237372046337,42.2679360257462,6.51662775781006,13.1551746977493,15.7314439584166,0.01,0.01
"1894",52.7820331742987,4.4381728162989,19.7173626394942,72.2388896392658,70.8996293134987,75.7777367485687,84.3327083624899,0.0119361800477954,0.01,0.01
"1895",76.251939823851,75.739062926732,15.3478568419814,88.6434192070737,10.307530942373,32.0206403266639,61.2655490869656,2.72589026273507,0.01,0.01
"1896",23.4666343545541,30.5328937247396,20.0983583694324,58.7566852336749,53.6445824196562,86.6931301541626,25.853375880979,0.0416583551864179,0.01,0.01
"1897",38.6117959860712,69.2783921724185,19.2124619847164,68.1320520117879,87.229548743926,26.0590853635222,2.92436860036105,48.0229036860524,0.01,0.01
"1898",40.4551275772974,79.3847040971741,41.7905728099868,47.0584800001234,85.7547538354993,86.8557778419927,82.0894035277888,0.00660432295927637,0.01,0.01
"1899",58.2106787944213,93.0417269002646,65.6664606416598,7.40604046732187,51.7241678666323,27.0084969233721,67.4764752388,0.00209080540876161,0.01,0.01
"1900",47.0645517343655,8.15793704241514,17.620158707723,70.1083983760327,76.1919635348022,27.0017193164676,60.7314786640927,0.0148976890273634,0.01,0.01
"1901",79.0790030965582,84.6312195062637,74.4938319548965,33.3674838067964,94.7812860365957,8.51646533701569,22.6664351997897,0.0148685122438971,0.01,0.01
"1902",47.9365047300234,71.7915355693549,92.2609518282115,94.7263137670234,62.4496089294553,20.3072296921164,40.1411255123094,0.0368598734886325,0.01,0.01
"1903",41.9085613451898,99.0225528366864,51.1245164554566,77.484979107976,83.698949450627,3.82280922494829,69.1963431425393,0.0131774728621167,0.01,0.01
"1904",52.5063637178391,71.0584216285497,9.73830479197204,92.7017845911905,97.8720267536119,70.7039054483175,48.3509809477255,0.0191921326864074,0.01,0.01
"1905",86.8777203606442,94.4523476995528,77.7893421240151,75.5474511068314,41.0391919547692,68.377742706798,67.1122144674882,0.0270258158160235,0.01,0.01
"1906",87.8380352864042,0.946041499264538,80.3779518697411,68.1726601207629,55.1035698503256,7.31895400676876,48.587971017696,0.0260951187086448,0.01,0.01
"1907",13.9497003750876,44.5261833490804,60.3379796026275,89.8828839417547,14.0803604619578,55.015798448585,38.4599860757589,5.79659344457674,0.01,0.01
"1908",62.9046868300065,36.7756122490391,29.0710157016292,62.8712256904691,96.2729192571715,60.0126274861395,86.7130446946248,0.00744474875400467,0.01,0.01
"1909",3.95864709280431,22.6597300032154,53.8442701101303,36.1014118883759,67.5920904614031,47.4044014699757,17.9307431448251,0.0340895265566429,0.01,0.01
"1910",53.447988210246,66.7698656907305,57.0137221831828,11.9053871603683,93.8759930199012,49.4537285063416,8.37258966639638,0.228730663683126,0.01,0.01
"1911",11.5765996742994,59.5588946249336,1.4993540244177,94.1697022644803,71.0056664422154,44.0833636792377,80.18826066982,0.0163347996799103,0.01,0.01
"1912",14.9223559303209,37.672762433067,44.9356629280373,53.8555731764063,64.7326331119984,70.7046504598111,30.3475270979106,0.0265406772517416,0.01,0.01
"1913",58.3355046110228,39.5440246909857,42.2114512417465,47.8124788263813,96.8505333410576,96.519643929787,32.5167352566496,0.0147282896409702,0.01,0.01
"1914",64.8191089043394,54.3982365401462,78.2800882821903,85.0508457282558,34.1448637191206,23.8850285299122,20.8763604052365,1.18327591467496,0.01,0.01
"1915",70.0146240182221,41.15304145962,28.4464039839804,64.9843578226864,50.0030699418858,24.0268581546843,4.11392531823367,118.207807980022,0.01,0.01
"1916",54.0836244588718,33.2104918314144,95.4646777827293,40.4176006093621,50.7097100606188,94.8452938813716,41.4257198106498,0.018785336043902,0.01,0.01
"1917",51.8402379006147,82.7999314758927,82.166436011903,64.4026235211641,26.102804299444,2.76486086659133,76.795929344371,0.0322775585003617,0.01,0.01
"1918",2.70702212583274,89.943463075906,67.8186127217487,44.7516945656389,24.2971960920841,29.7288832720369,10.9146687667817,90.495066747068,0.01,0.01
"1919",81.4824827248231,89.1039871610701,33.6423594737425,60.4231927078217,53.2281790394336,8.8238290278241,47.4511870881543,0.0234253007131549,0.01,0.01
"1920",40.7035355921835,73.9708131877705,23.4590232372284,11.4267183002084,46.0627793800086,88.6295047588646,0.599230150692165,504.143848026613,0.01,0.01
"1921",75.9562343824655,99.437052407302,26.0405414970592,83.5753717459738,10.3321822127327,5.61112549621612,64.979326329194,9.36284799168454,0.01,0.01
"1922",87.6814994029701,0.341238360852003,36.7341539124027,58.9127030223608,57.9886389430612,43.9153337152675,46.8288875883445,0.0210420653151261,0.01,0.01
"1923",51.7308429582044,78.7542742909864,5.44023842085153,53.434894583188,68.9551783259958,90.1823662221432,71.210709749721,0.010731355461952,0.01,0.01
"1924",98.4606975922361,28.3672121586278,35.4082585778087,28.3882738556713,60.8995988033712,71.9658756861463,89.8653079057112,0.00512976782781842,0.01,0.01
"1925",70.8035309566185,25.5160961300135,6.14317294675857,65.2488828171045,54.5092666521668,90.6172423157841,53.8329791044816,0.0218297826880127,0.01,0.01
"1926",89.5368582336232,90.6323231291026,55.4815575946122,35.4603860061616,98.0537932831794,14.3365720286965,14.9964570766315,0.0230210491011641,0.01,0.01
"1927",61.1675260821357,48.700263723731,64.0534434467554,43.8621724257246,0.854807649739087,0.814982480369508,42.1443571802229,8.78321842168312,0.82,1.7
"1928",35.8941408107057,84.7888405434787,74.6368978405371,83.2533200271428,80.9570325072855,66.475422703661,45.6591944443062,0.0220386551630497,0.01,0.01
"1929",35.7892639469355,88.3315317565575,1.247657998465,62.9666020860896,58.5727253463119,39.3652328057215,5.74881839565933,26.4474474348508,0.01,0.01
"1930",7.843495788984,11.4264674950391,46.5139690320939,7.89415880572051,95.5488277133554,22.5151685066521,78.6682506557554,0.00103607563889719,0.01,0.01
"1931",90.2708143694326,43.9100262708962,4.31240038014948,15.9238565480337,58.3741955226287,63.1963960593566,90.9062177408487,0.00296818056564115,0.01,0.01
"1932",30.556586640887,99.3750104214996,6.54823090881109,6.9349559256807,17.2477858373895,77.2991981357336,99.9337215907872,0.00402205503694892,0.01,0.01
"1933",21.5235461946577,64.4706331891939,1.60767917986959,6.68162384536117,78.8367330795154,59.8397798836231,60.260136378929,0.00138345738829362,0.03,0.01
"1934",52.5948867201805,34.2562793055549,15.4404782224447,20.8605054067448,6.42528319731355,18.2302766945213,84.9464046070352,9.10943055217073,0.01,0.01
"1935",61.5788231603801,73.6281065735966,62.3839328298345,52.305180975236,48.6304207006469,64.5914938766509,3.37864477187395,140.34029800914,0.01,0.01
"1936",2.46594180352986,63.5791226755828,88.6985592544079,20.4490553587675,55.9545098105446,31.0049316613004,27.4311268702149,0.0131283694104226,0.01,0.01
"1937",24.0540747530758,89.8437101626769,17.3290937207639,89.4006723770872,65.6953013269231,47.2629483323544,30.040323943831,0.0438420963113519,0.01,0.01
"1938",12.8014436224476,90.2635093778372,29.4003763701767,58.6420913925394,27.3176335031167,12.7561163855717,40.0792798260227,0.0985723311075385,0.01,0.01
"1939",55.9595413506031,51.3853488722816,30.0825487356633,40.3811902739108,80.3363754181191,26.337031647563,17.9106782190502,0.0271104849520095,0.01,0.01
"1940",40.815807832405,14.1578483628109,66.8579353019595,97.1111239865422,27.3042229702696,12.0173182105646,61.1773303477094,0.0574922780813127,0.01,0.01
"1941",20.3664436936378,24.4513447163627,42.2658694442362,60.5174846248701,21.8947228044271,9.29741689469665,25.5689063575119,15.0979206079586,0.01,0.01
"1942",58.4517096634954,30.0907443277538,88.6426999000832,62.1278883190826,66.7391929775476,94.2649423144758,5.15920077450573,20.3199144794864,0.01,0.01
"1943",19.8147701565176,99.2118196329102,45.8985976874828,54.8273952910677,37.2305857250467,4.55153638031334,56.069225911051,0.0258175038303529,0.01,0.01
"1944",31.318944436498,16.8218434089795,45.5949603579938,88.4178894106299,50.3588159102947,91.1092180293053,27.6251162635162,0.0622863794832969,0.01,0.01
"1945",32.1124895010144,96.7085361713544,45.7180422032252,24.2931244429201,55.2050553960726,90.5552126700059,50.0375540461391,0.00862197836228789,0.01,0.01
"1946",69.9689098400995,86.9662357959896,23.7780423369259,94.2164652282372,81.0540011618286,98.6375112785026,33.1617102026939,0.0340256317700034,0.01,0.01
"1947",45.1481537194923,68.5047418111935,6.41478900797665,66.2674526683986,39.253848977387,11.4052301738411,35.0431812228635,0.0496019634280617,0.01,0.01
"1948",11.9427600875497,69.4712593220174,17.7802135003731,2.3955078329891,11.1088910605758,17.3744660336524,94.8741085827351,0.0668074364121913,0.01,0.01
"1949",14.6933381445706,68.6635765247047,50.4796839784831,25.1324539305642,63.6846871813759,95.9734255215153,81.0704992618412,0.00480968069994749,0.05,0.01
"1950",83.2215378759429,47.1693371189758,86.2752618500963,62.1792035875842,52.1026392932981,2.64807103667408,18.0169447092339,9.41108704461605,0.01,0.01
"1951",81.378459231928,80.5077815661207,41.1690086359158,36.3782601431012,45.4386431491002,48.7326995003968,31.0223145177588,0.0257335731961183,0.01,0.01
"1952",56.3505489611998,71.5836478862911,26.2633830076084,30.2105149254203,13.561593182385,65.6633030157536,16.8483958812431,109.377380145697,0.01,0.01
"1953",19.4300026167184,80.7079074205831,44.9351093266159,90.3095800196752,47.158341598697,14.3531152280048,93.5230356408283,0.0202572659425604,0.01,0.01
"1954",92.2913403715938,8.62553049810231,65.5949636595324,91.8418299406767,6.72385157085955,53.1927717383951,43.9012202434242,76.0269926269885,0.01,0.01
"1955",24.4932289468125,12.8495427081361,20.2486725989729,2.44164362084121,10.6308627640828,31.2145421514288,6.59355502575636,642.451764639553,0.01,0.01
"1956",57.5008769985288,25.2435233211145,93.6777056660503,74.6373748639598,82.2258373489603,14.6445808466524,75.6553777726367,0.0118266892501392,0.01,0.01
"1957",98.7017383798957,47.2525623627007,14.9955264525488,86.7512055672705,22.4157495656982,19.8835943127051,18.6420864891261,22.9965566963056,0.01,0.01
"1958",93.2429081527516,76.1246537324041,86.1764066154137,8.48448348697275,76.8510085064918,0.497902929782867,56.5101925982162,0.0416473332269758,0.01,NA
"1959",4.21390356495976,73.5591068398207,73.391103069298,6.01063121575862,34.2324410798028,73.2985240872949,42.8885926492512,0.00445396421705811,0.01,0.01
"1960",5.67787676118314,33.031597151421,75.2585824811831,47.0960220787674,82.1780184749514,91.7001673486084,69.1032691625878,0.00817416408364384,0.01,0.01
"1961",94.2755700554699,33.690496138297,30.3076962241903,27.6108560850844,86.1746077192947,56.8375288043171,0.445590261369944,308.390916518214,0.01,0.01
"1962",68.8777779461816,34.2642173403874,29.916138201952,38.4036290226504,76.703930599615,87.1986805694178,95.404413738288,0.00519330771558838,0.01,0.01
"1963",26.7239370848984,38.9250472420827,84.5668246969581,51.4897294808179,59.3863340793177,30.3802055073902,28.9404471637681,0.0289944149058053,0.01,0.01
"1964",53.9752442622557,37.6940665068105,64.368048356846,51.6600987873971,81.3373444136232,37.7412722446024,34.7106869565323,0.0177821341908481,0.01,0.01
"1965",17.9108311189339,3.42025540303439,33.2020095316693,6.66686927434057,96.4064602740109,41.4103801827878,97.0189885934815,0.000704568334378293,0.01,0.01
"1966",50.7400896400213,18.8874578801915,45.9051689365879,54.529830487445,79.9957865383476,90.5874892836437,35.223373840563,0.0188160792299591,0.01,0.01
"1967",24.647685023956,14.6442625671625,73.7835980486125,38.359140441753,94.9933629948646,47.175069572404,17.6331299124286,0.0217131444839044,0.01,0.01
"1968",25.7068956503645,42.6376829389483,17.9226938635111,69.9983804952353,88.2134226616472,87.9917552229017,67.3142203595489,0.0116152332471017,0.01,0.01
"1969",72.9986469494179,47.0313741127029,98.1298340717331,31.480403477326,90.1863833889365,59.7302742535248,39.8039079504088,0.00855306309287425,0.01,0.01
"1970",35.9599996823817,15.8055440988392,18.3047691127285,16.3124789018184,93.1632878258824,14.3270664615557,6.7216204944998,2.43483569782612,0.01,0.01
"1971",12.900739419274,49.3332830024883,25.7430971134454,98.8209903705865,84.9378206534311,48.0626557720825,70.7463004160672,0.0162152062167873,0.01,0.01
"1972",23.0177924968302,35.6878737220541,92.1986319823191,45.2137971762568,3.89363032300025,16.4919208502397,45.6864959094673,341.683383188406,0.01,0.01
"1973",51.2822918128222,59.4994422979653,70.221703662537,30.493782623671,36.1667241901159,69.5555337471887,41.6142839938402,0.0200855936973632,0.01,0.01
"1974",75.4604215268046,6.46136088762432,29.5398487243801,91.5164695587009,89.719987148419,82.2159649338573,2.17350216116756,76.138281583968,0.01,0.01
"1975",94.9399129021913,64.2679091542959,74.9534308444709,84.9686616566032,42.1279185917228,27.1182748023421,49.5541777461767,0.0398922995994365,0.01,0.01
"1976",84.3575758859515,94.7330544935539,90.7264821697026,74.7636982006952,94.6843637619168,36.9635991752148,31.4357900992036,0.0243406922939253,0.01,0.01
"1977",53.5203621722758,0.253325514495373,39.2449105158448,32.7550526242703,3.84799425955862,84.8450572229922,67.6522206747904,362.998133914687,0.01,0.01
"1978",0.541465659625828,54.068905627355,5.10284695774317,32.3583357501775,25.6660843035206,77.8368270490319,25.187794980593,1.78078000643576,0.01,0.01
"1979",12.4307340476662,15.6545587815344,19.7354113217443,39.8923481814563,65.4081078944728,11.746726045385,18.6812579166144,0.0493804647235161,0.01,0.01
"1980",54.4608140364289,81.2991658458486,8.18243511021137,83.478834759444,5.6634042179212,40.9511681878939,60.3582093026489,43.4760480764074,0.01,0.01
"1981",74.5586066506803,99.5631373021752,16.4928132202476,58.5080071818084,95.9277493413538,44.0850624116138,60.7847836567089,0.00987132160839322,0.01,0.01
"1982",87.8313884371892,5.52067523822188,87.6679198816419,54.8916106345132,97.1693717641756,80.891649168916,15.018560946919,0.0356715132912338,0.01,0.01
"1983",19.1277817357332,96.5869991108775,46.9839029014111,10.0679061608389,10.8870584983379,50.5909431260079,41.1289748968557,14.0006108058089,0.01,0.01
"1984",55.6679311674088,86.8842974770814,75.4515692824498,98.0297959409654,87.7451126230881,20.4633660614491,93.4165885439143,0.0118304121272646,0.01,0.01
"1985",12.0299766538665,43.8872633036226,90.783749660477,97.7201407076791,4.60400562733412,91.2259046919644,58.8805329753086,79.2194015833972,0.01,0.01
"1986",95.8453151164576,31.8774385377765,0.73889724444598,13.5737281525508,78.7373499013484,95.8466470707208,4.72683026455343,13.4452382419514,0.01,0.01
"1987",83.1049999920651,18.4158815303817,27.2397082298994,27.245898777619,61.4670824958012,54.5423516537994,61.3384293857962,0.00710970362221309,0.01,0.01
"1988",51.7719397321343,1.95301545318216,47.6713268319145,96.2009884649888,18.7586375046521,70.1697638258338,34.3867125688121,4.03513334376633,0.01,0.01
"1989",50.8619549218565,9.23485457897186,74.8108507832512,77.2159650921822,71.2968477513641,34.7306830342859,13.5655733989552,0.155418584521972,0.01,0.01
"1990",27.6983710005879,89.7231048205867,52.4467539740726,33.3263854729012,67.5329089164734,99.0414511412382,3.25185507535934,64.5969391082884,0.01,0.01
"1991",73.931520502083,79.3523316970095,34.8379502771422,84.6309634624049,30.017242138274,33.2679900107905,91.2498301127926,0.0305616480029311,0.01,0.01
"1992",36.0431934474036,13.8620520941913,6.37490376830101,80.4385385476053,24.1360365180299,31.4038902521133,63.9070529257879,0.0518304133265494,0.01,0.01
"1993",48.3523907605559,29.3833349831402,86.1701043089852,60.5506591964513,47.0877636224031,92.9693256504834,55.4799924837425,0.022765284995724,0.01,0.01
"1994",21.2645682506263,63.3454850642011,33.6745409062132,44.1612461814657,79.6182604739442,35.2033058181405,85.611209156923,0.00640410559198697,0.01,0.01
"1995",46.2637990014628,93.6892091762275,42.8411766886711,66.1091274349019,31.3397257588804,17.1312269521877,68.747715651989,0.0302426913770623,0.01,0.01
"1996",73.1964381877333,11.4804558223113,59.0903823031113,25.2320929663256,57.2474551852793,26.544622820802,36.92885520868,0.0116149243524204,0.01,0.01
"1997",93.2354250224307,84.3101538950577,2.42365205194801,12.8482155501842,80.6582466932014,25.4374713869765,77.6539810234681,0.00202514062437878,0.01,0.01
"1998",90.6445265514776,28.7321858340874,23.2898966409266,0.36237898748368,57.4378946097568,67.3658172832802,83.796969242394,7.45490028660065e-05,0.2,0.01
"1999",83.7125594262034,0.242210878059268,42.4450543709099,57.7644297853112,99.6854278957471,68.9872696530074,78.0400945106521,0.00722622267792561,0.01,0.01
"2000",13.2928214268759,61.4303962793201,59.9321830319241,80.4871506756172,17.5255112582818,22.3762658191845,35.4309927439317,3.59064381073836,0.01,0.01
"2001",46.9502864638343,12.115100515075,90.9970026928931,98.4660955145955,20.0652798172086,60.3039976675063,15.6054107937962,52.7406415644669,0.01,0.01
"2002",73.7363380379975,44.5399451069534,96.2225414114073,90.5025369022042,44.4721314823255,73.6212683608755,93.7522796913981,0.0214751698450457,0.01,0.01
"2003",15.338996401988,96.125566912815,46.4619234437123,31.3429615925997,76.1621979763731,22.3770538112149,64.8376624565572,0.00625022470155382,0.01,0.01
"2004",15.6577962916344,77.4815512821078,35.1212313165888,31.1167393811047,54.8156255157664,8.94866033922881,9.88552344497293,10.6667442523039,0.01,0.01
"2005",97.705683298409,24.7584993252531,90.5076985945925,87.9225401906297,47.6004818221554,17.7899868227541,78.3552292967215,0.0232584962987019,0.01,0.01
"2006",64.2094657523558,36.2101962324232,77.6110793231055,63.8460773508996,2.84660004545003,75.9695902233943,39.4699632190168,376.974960521237,0.01,0.01
"2007",39.365057577379,74.0120203234255,7.11460371967405,44.8000046424568,5.81963616423309,89.9819755926728,67.6571485120803,22.5710409811541,0.01,0.01
"2008",61.2668746616691,37.5919082667679,34.8068739054725,7.64991182368249,28.0766009353101,39.2109668813646,84.7256168490276,0.00317825461498865,0.01,0.01
"2009",36.5749733056873,34.0541103156283,70.7779210526496,35.4499490698799,31.0046437429264,76.445242529735,41.2993035977706,0.0301548843479202,0.01,0.01
"2010",10.9617007197812,48.6413728678599,48.4606987098232,81.2980319838971,24.6259736362845,17.3474427079782,51.8892891239375,0.06927869113051,0.01,0.01
"2011",63.7113557197154,31.9594190223143,42.589759780094,33.0126385204494,89.4420715747401,97.8288016514853,93.011443852447,0.0039258122348798,0.01,0.01
"2012",86.4337765378878,4.35731092002243,82.911827438511,60.2363524958491,97.1259758574888,63.4249931434169,97.1584300743416,0.0063088064725833,0.01,0.01
"2013",17.7889318903908,96.4530027937144,56.3020367408171,36.6148468805477,87.3923088889569,54.8029884696007,44.7532298741862,0.00915675614766005,0.01,0.01
"2014",63.7999580940232,91.9284935342148,18.1685326853767,26.6840041615069,50.2076639328152,13.6996527435258,63.9975931262597,0.00817619389454122,0.01,0.01
"2015",28.2030775444582,96.5855967020616,37.2787329833955,47.3896590061486,21.537422016263,2.38113095983863,32.3228608816862,401.403992185352,0.01,0.01
"2016",3.14109793398529,86.9311414891854,66.5840002940968,70.4221817431971,14.8372150491923,97.5990746868774,79.0825837058946,0.0686831371994492,0.01,0.01
"2017",96.064923517406,28.1437496654689,29.9417798407376,89.6219539456069,21.6926899040118,59.4190284144133,79.674162901938,0.0512538697919371,0.01,0.01
"2018",7.4461861513555,40.1305268518627,71.0799823515117,91.6288254084066,53.5334331914783,37.2334645828232,39.4872224424034,0.0422697192994617,0.01,0.01
"2019",94.4429773371667,76.254185475409,20.8896889118478,47.1803622553125,96.9871678156778,60.4722999734804,49.7511518420652,0.00958492446400581,0.01,0.01
"2020",79.1811712551862,29.2446616571397,89.2852833960205,31.9001620169729,37.9480892792344,87.0584777090698,21.7478797771037,0.285524613653383,0.01,0.01
"2021",79.5896665891632,0.384398363530636,0.693083158694208,13.0362847121432,32.6331578660756,57.7262823237106,57.9289117828012,0.00749083257834695,0.01,0.01
"2022",64.510785182938,15.019721002318,47.5200544577092,87.4191319569945,91.4887917228043,31.4077810617164,55.6708575692028,0.0168526166393267,0.01,0.01
"2023",8.25161491520703,38.4155975421891,82.7835822245106,83.3970622625202,54.3161185458302,75.9619895834476,73.492724634707,0.0206092958213324,0.01,0.01
"2024",71.1080780951306,39.9255141150206,83.3195822080597,51.9839173881337,40.0922911241651,29.9836374586448,91.9967390131205,0.0139393073543676,0.01,0.01
"2025",81.4766337862238,32.724505267106,0.0177605310454965,45.7551951054484,30.8335167123005,76.4139980077744,28.4790732432157,0.211254320763278,0.01,0.01
"2026",4.83247705269605,38.503261981532,81.3492851564661,26.7029341077432,17.3874093452469,6.82403307873756,93.7385353259742,0.0175179590104888,0.01,0.01
"2027",19.3971388740465,61.9257501559332,28.4685521153733,25.7794227683917,61.4454038208351,78.521549096331,6.85628373175859,10.1027254485847,0.01,0.01
"2028",37.314140307717,0.544779561460018,48.6428687581792,35.4938435135409,69.7773771127686,11.4236843073741,32.8292262740433,0.133492345088758,0.01,0.01
"2029",20.9644060349092,54.1456566890702,11.0893878387287,71.488737151958,51.9131744746119,4.53279956709594,58.4318235982209,0.0231618428742238,0.01,0.01
"2030",67.171970079653,82.7331758569926,76.963423541747,49.1181877674535,7.360217301175,85.1305586053059,26.0082688415423,160.737615857774,0.01,0.01
"2031",8.24588460382074,56.8998421775177,91.172748641111,86.0068818554282,75.8553089108318,76.2213454116136,76.447005267255,0.0146386794942183,0.01,0.01
"2032",97.7969103958458,96.2756309658289,96.7405418632552,76.9244188442826,98.9054133882746,1.14265743177384,89.4625870278105,0.0083208245857592,0.01,NA
"2033",83.4901468362659,77.7126744156703,64.8606307804585,78.9071387378499,84.5367413479835,0.951238465495408,60.6423311401159,0.27955038484888,0.01,NA
"2034",46.130486484617,55.164942657575,54.1967770317569,39.3427555449307,12.470764759928,97.909125732258,24.5025045936927,49.9397017629294,0.01,0.01
"2035",5.80649813637137,74.7232286958024,62.239348795265,84.0957124484703,7.64090463053435,67.7468709414825,88.7950642267242,1.57898620549419,0.01,0.01
"2036",39.2762628151104,30.5572111159563,26.3664395082742,55.442187609151,0.287157366983593,27.3571747587994,20.0414270395413,910.772727249874,0.06,0.05
"2037",80.1728692138568,81.2430037884042,39.8115034913644,35.8710064319894,75.8632891112939,54.5082153286785,14.4125760067254,0.0425610399686535,0.01,0.01
"2038",26.0958124417812,36.2854130798951,93.6243129661307,76.149215712212,94.6255361428484,18.9484993927181,3.02071960177273,39.9875723335276,0.01,0.01
"2039",92.8951064124703,77.8463028836995,26.6521166777238,62.0352817233652,60.0389641011134,51.3101691612974,86.9371284730732,0.0117495359336617,0.01,0.01
"2040",54.9324289895594,43.7854397110641,80.4691291181371,85.1234070956707,6.20317300781608,2.41389048751444,12.5438654329628,375.397076427604,0.06,0.06
"2041",15.5774063430727,72.1585415070876,29.873369843699,22.5274444092065,11.4636749727651,66.5002071531489,23.2359360670671,78.8686263681369,0.01,0.01
"2042",10.9824665356427,82.0505557814613,45.9812602261081,64.8182558827102,17.2006064560264,55.1115249050781,12.3887641588226,129.573538637161,0.01,0.01
"2043",74.5392530690879,0.238593854010105,70.0977970845997,88.4759988402948,95.2102076960728,99.2533826269209,67.9804878076538,0.0132802003001734,0.01,0.01
"2044",17.9736395599321,21.3532625231892,76.2414925964549,78.9872847031802,47.2317951731384,84.1654854826629,58.7720664218068,0.0279745779014843,0.01,0.01
"2045",25.1683500828221,94.9892112985253,79.3180329957977,84.792718430981,85.6515083694831,0.859230943024158,72.2840694943443,0.0277473787692003,0.01,NA
"2046",47.0761483768001,4.35464507900178,59.6498230705038,27.1140596130863,64.1929394798353,38.9985170448199,34.663750231266,0.0118291676076529,0.01,0.01
"2047",76.9967035390437,74.2824795655906,12.6310416730121,79.0841228561476,28.6040171748027,65.5579902464524,39.1230090521276,0.0833564009333405,0.01,0.01
"2048",76.2290109414607,6.68187222909182,30.3443368524313,74.2710211547092,38.4536141529679,96.6257624560967,89.7808042587712,0.0212730328955314,0.01,0.01
"2049",10.6016837758943,98.5169785562903,15.3732479549944,69.0799044910818,83.7801882997155,82.6594684273005,80.9945093700662,0.010055853715399,0.01,0.01
"2050",75.8705747546628,3.20531495381147,32.4259786400944,89.5643102470785,51.1304477229714,13.7701767496765,82.8652020310983,0.0208276606851016,0.01,0.01
"2051",53.6101727746427,92.2299326164648,92.5452049355954,4.74650897085667,84.0390483150259,53.3394475933164,28.2175269443542,0.00193296180389824,0.01,0.01
"2052",31.6131479339674,74.0393470739946,15.119890240021,76.0448039975017,65.3262507868931,28.3775090938434,6.26114953774959,13.7733561470158,0.01,0.01
"2053",87.8183584893122,67.2136045061052,77.3268433753401,30.0102814100683,33.9126955252141,17.3479606630281,86.6892465390265,0.0100896660962219,0.01,0.01
"2054",60.68397492636,18.3008811669424,50.6143461214378,93.9008875517175,92.6976134302095,69.0721008228138,98.8032858818769,0.0101478551697195,0.01,0.01
"2055",46.4180724695325,40.9807495772839,18.0945049738511,38.1911977659911,98.8736224593595,95.8376444876194,52.6498343562707,0.00719954496346075,0.01,0.01
"2056",2.98643512651324,31.1338708736002,75.4053948679939,56.6684945952147,7.64362444169819,40.5449859332293,19.8337610345334,302.297107982432,0.01,0.01
"2057",86.741585447453,17.6241863518953,70.8131378516555,22.2470735898241,77.8571963775903,31.9801108445972,64.5876028575003,0.00435430530872825,0.01,0.01
"2058",66.4182754699141,43.2161872740835,29.0066911606118,9.36132371425629,21.083499584347,70.0455948710442,36.0139835393056,0.578170028491638,0.01,0.01
"2059",28.3535949187353,19.5601924089715,52.5638363789767,51.405520690605,15.1774676516652,22.5067123770714,61.7392722051591,0.255679432738057,0.01,0.01
"2060",33.6388714145869,27.3704967228696,92.9927132092416,91.9626701390371,9.96424476616085,47.0791265601292,27.1149818785489,86.7596541760279,0.01,0.01
"2061",82.8853805083781,91.5438510011882,33.3964582765475,95.4475020989776,73.203734587878,54.2024969123304,72.7191135287285,0.0176863421674534,0.01,0.01
"2062",30.2167654735968,86.8161217076704,21.7730524484068,37.5522605609149,48.0713591678068,63.7187499552965,27.972483728081,0.0282537059171201,0.01,0.01
"2063",23.7743844510987,90.151261491701,53.2770315883681,63.5294486535713,60.0905746687204,70.6840729573742,6.12684695515782,17.2025975405149,0.01,0.01
"2064",43.8468144508079,51.9152886001393,75.19904198125,82.181052188389,43.2329426985234,56.7260334035382,35.492007760331,0.0523132155423857,0.01,0.01
"2065",65.6029791804031,83.0286995740607,54.844457632862,22.6307803299278,36.7859769612551,48.5523586161435,33.1399044953287,0.0233076176742584,0.01,0.01
"2066",77.8614356648177,34.9981755018234,69.8126850882545,99.7609350364655,80.0540072843432,29.5311897294596,55.2935327636078,0.0221305960230418,0.01,0.01
"2067",28.4281666390598,66.254071961157,32.6646412024274,96.8488801736385,35.1454694289714,72.5146006094292,76.5849316027015,0.0355173023837902,0.01,0.01
"2068",68.0206702556461,53.9054716704413,31.983277364634,10.6749546015635,10.1137178950012,61.5777595434338,95.6874240422621,0.092671520955508,0.01,0.01
"2069",33.5535141639411,27.9984920518473,78.354099416174,71.9787457725033,38.2802604464814,8.23445606511086,27.5188511237502,0.198441820179833,0.01,0.01
"2070",54.3168947799131,76.4039818895981,71.4127166895196,22.6419224170968,74.1631181677803,98.6962405499071,18.8418185105547,0.0159240710385774,0.01,0.01
"2071",6.50015030987561,44.1864118212834,14.1854208894074,58.8624770985916,34.0902330353856,29.9628240056336,40.0289453798905,0.0440143677483109,0.01,0.01
"2072",1.80722333025187,87.0345447445288,75.6095134885982,6.94677848368883,97.2640763269737,87.4011332634836,2.01680087484419,61.965384165329,0.01,0.01
"2073",58.7815585779026,57.8699331963435,47.8771017864347,57.7067515347153,91.6380377719179,18.5232600197196,98.6026792787015,0.00632096826276661,0.01,0.01
"2074",71.5680501656607,24.030588241294,92.3625827534124,3.25436738785356,5.52925316151232,20.7274454645813,78.5888638813049,25.4078454288795,0.01,0.01
"2075",61.1618440132588,79.1786304675043,75.7861456135288,76.3313479488716,40.5661068856716,85.256176861003,72.2242370247841,0.0256963347186844,0.01,0.01
"2076",32.1502772392705,93.0414131609723,37.3059093952179,86.1202633474022,66.6360350092873,19.2064689937979,92.3555481480435,0.013842597997063,0.01,0.01
"2077",2.33951834961772,19.9653822695836,19.4236937677488,44.4754183292389,72.951294737868,48.3841232024133,62.6702760579064,0.00957417865699923,0.01,0.01
"2078",12.1212006080896,44.3099730182439,91.8590354267508,99.4174421997741,91.8186083203182,17.3523250967264,64.0472870087251,0.0166355023667626,0.01,0.01
"2079",21.0612930823117,95.9788790438324,93.6692969175056,29.0024576941505,47.3927857121453,92.3530459869653,53.479241207242,0.0112325157790432,0.01,0.01
"2080",43.0883317021653,50.4533585393801,60.5960387038067,35.0173660321161,44.1667183302343,12.3954405309632,29.3891419656575,0.0315973756181103,0.01,0.01
"2081",59.6098610665649,40.8887297846377,52.6383700314909,90.827932045795,66.9425270752981,59.557055006735,4.34686786029488,35.6068448392454,0.01,0.01
"2082",53.3849202096462,66.7945365654305,27.0092414226383,62.8759465645999,41.4103217422962,68.5702479211614,79.6508890576661,0.018826074939352,0.01,0.01
"2083",5.34013195428997,80.6132207158953,13.2498661288992,5.82485785707831,28.0549721326679,67.0225243549794,41.6048252955079,0.014370573072746,0.01,0.01
"2084",25.928755174391,69.1270382376388,41.8198220897466,79.2906670598313,82.4197024572641,15.5278427992016,56.3282055547461,0.0167780526362821,0.01,0.01
"2085",92.6927866181359,80.6063117925078,99.7318202629685,43.1355765555054,8.71998383663595,18.4035127051175,90.1342932367697,0.795329557503529,0.01,0.01
"2086",88.6272455565631,3.21270902641118,84.2051645275205,3.91535735689104,63.1164364982396,90.7629994442686,8.36941432207823,5.11676747024718,0.01,0.01
"2087",1.74569841474295,34.5091964351013,12.2283488512039,61.2064376706257,61.9862378109246,76.3370914384723,67.0351802371442,0.014512865571142,0.01,0.01
"2088",54.5083114178851,97.9023997206241,29.6532990410924,3.86466749478132,87.9898762563244,43.2989806169644,14.2643659841269,0.00512081605011798,0.01,0.01
"2089",23.0558553943411,67.6524945069104,60.5675687780604,38.3665287634358,66.2970176665112,50.8936867350712,76.495013339445,0.00746715917060082,0.01,0.01
"2090",78.4791089361534,86.8730309186503,68.3116558240727,48.0596588458866,95.5251773120835,86.1786004155874,53.515049838461,0.00922843053721406,0.01,0.01
"2091",83.2426711451262,4.45688161998987,62.5031338771805,50.3149178577587,69.824440474622,60.0161777576432,65.0599198183045,0.0108981652319023,0.01,0.01
"2092",28.1611804850399,92.3405709210783,75.3403115319088,42.2574339900166,68.5293264687061,22.467187140137,60.053985263221,0.0100982574223506,0.01,0.01
"2093",38.0240158876404,99.945286125876,68.6488015344366,16.020443639718,28.3083343645558,23.4385444317013,32.9687740886584,0.144354343754002,0.01,0.01
"2094",56.2430933583528,91.9167237123474,3.71262650005519,92.0495101017877,59.1371580259874,70.7623814698309,34.3083812156692,0.0440853154115891,0.01,0.01
"2095",9.90979366470128,52.3624904453754,64.8011219454929,18.5820031678304,5.13631147332489,23.0043953750283,10.6532498262823,872.660401967988,0.01,0.01
"2096",59.8003176040947,43.9670958090574,18.7438842840493,87.0893161511049,40.2107415022328,43.7250456074253,46.7301146360114,0.0453831900767621,0.01,0.01
"2097",20.3382024541497,86.33072222583,94.0468199318275,83.1204827176407,56.2306989217177,53.3189288107678,91.7432988295332,0.0159373698534125,0.01,0.01
"2098",77.1690916037187,84.2722318600863,72.7314210031182,61.6754353046417,85.454751434736,59.3906421447173,3.52200581692159,25.6821020991047,0.01,0.01
"2099",4.93081177119166,8.98302597925067,62.8343849442899,47.3682282725349,96.1863630916923,61.2126982072368,72.1806170186028,0.00672572343550593,0.01,0.01
"2100",45.3191707842052,5.49997899215668,14.9540210142732,35.4744239710271,38.5074059246108,53.8978345924988,91.5734164183959,0.00994927174332021,0.01,0.01
"2101",15.2475740294904,43.7118795700371,83.3442809525877,27.7232419932261,5.86058446206152,40.1824332075194,69.6647592587397,24.6652254162888,0.01,0.01
"2102",9.39730396494269,6.2414248008281,29.281481099315,66.5129400556907,5.23512018844485,1.4602854847908,56.1630912125111,107.263221475285,0.06,0.07
"2103",34.0021949959919,90.0831604143605,29.0140162222087,42.7506624953821,77.2520166588947,8.94821498077363,15.8865805482492,0.0430939197846372,0.01,0.01
"2104",61.234487243928,78.0794463586062,45.3106813831255,15.0503133190796,91.2083519622684,52.7059629559517,34.3381957383826,0.00466929254778507,0.01,0.01
"2105",36.1913194647059,16.4468415547162,81.0794078977779,14.4549270858988,48.385110264644,38.2671334547922,24.5787573978305,0.0213561280700388,0.01,0.01
"2106",92.820266704075,32.2414963971823,68.0144784739241,38.7922780588269,30.3118136944249,82.7958507230505,29.1102455928922,0.194932762235331,0.01,0.01
"2107",56.3709846232086,3.73561182059348,97.8285568999127,13.050052174367,45.6681621959433,56.2253976939246,87.1565888868645,0.00323598103767978,0.01,0.01
"2108",96.2809957098216,84.6722945570946,45.8089564694092,8.38382705114782,12.1176751563326,60.6739721260965,81.4846504479647,0.0711592146148872,0.01,0.01
"2109",63.3671664167196,52.0933794323355,92.5052679376677,27.596225682646,36.9236482540146,62.658068863675,77.1338670514524,0.0095645870083724,0.01,0.01
"2110",15.2487643994391,11.8586632888764,70.0371914310381,77.2733779391274,79.9138074042276,12.7907639136538,6.18047891184688,12.5512783550229,0.01,0.01
"2111",19.4427075330168,93.3145387331024,39.1655141487718,32.5450267642736,60.9431306598708,11.7097448091954,92.1940290369093,0.00572948262549686,0.01,0.01
"2112",62.0765381027013,15.3628417290747,31.5406665671617,89.0504483832046,50.7285306463018,68.9293374773115,76.423614914529,0.0226706566497276,0.01,0.01
"2113",21.1358730215579,15.95401072409,94.5693633984774,31.1574553605169,49.4016096461564,35.0936774397269,37.7698982832953,0.0162733503850812,0.01,0.01
"2114",41.7464527534321,78.8553919410333,70.6687064375728,60.29767554719,10.9555547125638,5.49451988190413,34.42975836806,173.412754000623,0.01,0.01
"2115",25.1876142341644,0.483793625608087,6.57473558094352,98.4926979755983,10.3656490100548,36.2010671757162,92.9183140629902,3.57764517125685,0.01,0.01
"2116",66.4770825998858,20.2766911825165,86.197877000086,51.3377429684624,35.6964991893619,83.5334020899609,67.3050396842882,0.0210517953437499,0.01,0.01
"2117",44.5276783546433,34.6757542807609,56.7471602698788,82.4747302336618,70.5014270963147,7.48603215906769,49.4589626090601,0.023161238709423,0.01,0.01
"2118",61.0077990917489,32.5848205247894,5.86062045767903,85.2787272306159,29.3573799543083,99.9672573525459,66.1037542624399,0.0432930734929456,0.01,0.01
"2119",94.95550384745,46.7364638578147,63.3616546401754,35.3078786982223,40.5400803079829,89.3065264681354,68.116041040048,0.0126006440991992,0.01,0.01
"2120",49.4301083963364,1.27888154238462,3.3924899995327,35.0867679808289,13.2375450571999,40.1308361673728,80.2151016192511,0.257994757024452,0.01,0.01
"2121",27.1287377225235,60.509330057539,49.6985821286216,84.0290190186352,61.707188654691,69.8945385869592,91.7543202871457,0.0146804876562826,0.01,0.01
"2122",43.158197356388,27.3417525924742,93.4268649667501,57.2937966091558,47.1747174393386,86.4233291940764,98.114380822517,0.0122517886042161,0.01,0.01
"2123",82.8023635782301,92.8002332802862,23.7586511299014,59.1458929469809,64.1912430757657,0.682614464312792,79.728821455501,0.0500700963192409,0.01,NA
"2124",93.144476856105,46.5309870429337,50.2484966302291,4.38853853847831,37.2036346234381,50.154092349112,38.5573367122561,0.00364778016691884,0.01,0.01
"2125",93.629023199901,12.0480641489848,13.5592013364658,87.4020785093307,6.85319029726088,60.3474298724905,13.2560801692307,472.483963248455,0.01,0.01
"2126",87.5642056576908,89.9511577794328,28.3475819742307,6.22177666518837,97.8106482652947,25.8834128500894,45.9398772800341,0.00135505410031132,0.01,0.01
"2127",39.677807316184,83.5072899935767,24.6547066839412,81.18441242259,64.5244591869414,93.3932231971994,5.84455993957818,14.4842993090534,0.01,0.01
"2128",92.8014299599454,36.3055947702378,70.6586838932708,23.9744792925194,90.6050939811394,86.5904584294185,20.0718473643064,0.0125635959458852,0.01,0.01
"2129",2.94427939224988,38.7762358179316,33.9830808108672,57.2699043666944,9.34175341390073,40.9810907905921,86.4870204590261,0.59133749800877,0.01,0.01
"2130",25.7845930522308,1.96222655940801,59.2636561021209,92.733016051352,99.0509373601526,11.1294656060636,95.2273261267692,0.00958485675653471,0.01,0.01
"2131",91.7091066017747,47.4123818334192,85.8885728521273,62.1131495572627,23.3888691524044,84.1968121472746,76.7583722714335,0.0341699764813247,0.01,0.01
"2132",17.4402573378757,63.1607696181163,83.7863439461216,59.0728898067027,47.957193874754,34.8977108951658,57.434524060227,0.0210769365208149,0.01,0.01
"2133",74.470700416714,78.0256349826232,85.9615987399593,29.2536285705864,59.736258094199,76.544313901104,87.2838903218508,0.00554671470437218,0.01,0.01
"2134",36.5008385851979,62.399725546129,11.8044513277709,15.7620415324345,80.4317875765264,72.0202996628359,26.9929266534746,0.00700084781714058,0.01,0.01
"2135",27.1506997058168,21.8493082094938,72.5196449551731,87.6503072911873,90.7010674709454,13.0875249858946,76.7403858480975,0.0124150735968657,0.01,0.01
"2136",18.4442806756124,15.1364627527073,31.5304484218359,44.0931884804741,72.2523475531489,68.7926601618528,43.9518764615059,0.013574134434523,0.01,0.01
"2137",75.0844325404614,3.1188873341307,35.0777909625322,36.4201182266697,72.6891851751134,99.9220676720142,73.7634564517066,0.0066983223050533,0.01,0.01
"2138",38.2961712544784,73.3397264499217,60.2167288539931,52.8599628945813,1.10498059075326,42.6717401482165,37.5156767433509,826.99582881688,0.01,0.01
"2139",80.8067467063665,46.2594915181398,0.120603619143367,23.399671819061,35.2843454806134,20.6875361967832,39.1326478216797,0.0182413163449789,0.01,0.01
"2140",10.7484727166593,85.8718599658459,32.737046177499,85.8757866779342,48.2126269955188,96.5760377934203,43.6683825682849,0.0398757581545035,0.01,0.01
"2141",73.0600660899654,12.6962693175301,24.2000821512192,28.5074952291325,17.1672082971781,16.7689351597801,4.69038800802082,643.622409375386,0.01,0.01
"2142",78.8656317396089,33.5155718261376,47.600060235709,22.4324326962233,56.3713030423969,73.6473351018503,43.2726227678359,0.00898744054498831,0.02,0.01
"2143",10.072680702433,15.6338767381385,28.7735862191767,9.44607781711966,14.7048244951293,57.2333262534812,94.3127376027405,0.00855713996441696,0.01,0.01
"2144",45.2931143343449,31.8106930470094,23.5578187275678,62.8028871258721,45.7933146273717,25.9507063077763,52.5803261669353,0.02559351805029,0.01,0.01
"2145",10.7565467944369,18.011592887342,92.9590594023466,63.2341673597693,24.1844449657947,42.486254661344,90.6138732563704,0.0285311186920973,0.01,0.01
"2146",18.1371621554717,58.8697091210634,31.9384745089337,50.9604137856513,68.5641637770459,92.2358194831759,47.292293002829,0.015390480030325,0.01,0.01
"2147",47.2324932226911,35.9910391736776,20.612362283282,67.3975078621879,0.784614705480635,31.4260047860444,69.2397959064692,798.626577722522,0.01,0.01
"2148",56.9420545361936,73.1606638524681,56.5927472664043,61.6524558281526,11.1001057550311,16.8779907515272,4.82671735808253,832.894302868136,0.01,0.01
"2149",26.7098339740187,17.0373108936474,35.977915301919,71.2594190845266,53.5081260371953,62.8983126720414,31.5571231534705,0.0409571700776352,0.01,0.01
"2150",19.6654028026387,42.6155718043447,61.3085668766871,70.8543520187959,81.0495541896671,53.7101180292666,44.3621000507846,0.019269618450674,0.01,0.01
"2151",22.9408072307706,28.4728102153167,97.796294093132,81.0267791152,32.3784002335742,12.6935761421919,73.9515641471371,0.0333582020770114,0.01,0.01
"2152",87.2985795838758,0.708125438541174,57.8286177478731,84.6435797400773,30.63785135746,84.8963203839958,47.222464135848,0.061949913700154,0.01,0.01
"2153",10.191074735485,68.59130859375,44.2054465878755,75.0179419061169,68.3675986249,69.0615115687251,10.1357849314809,0.768925182643055,0.01,0.01
"2154",63.5274333646521,71.0106807760894,13.3366596419364,86.1961069516838,75.6819343427196,70.6340852193534,90.0260403985158,0.0125118285480806,0.01,0.01
"2155",79.1225573280826,66.0353521583602,47.3495897836983,67.0408656354994,4.62736054323614,81.9444431224838,67.3759713070467,51.4743511092962,0.01,0.01
"2156",0.671755243092775,9.90335864480585,58.6546264356002,65.9082933329046,69.4603447103873,55.6610095547512,61.7517167236656,0.0151146188823194,0.01,0.01
"2157",57.2149700252339,13.2877259049565,87.518115201965,3.16120320931077,30.946323974058,24.1115828277543,57.9130724072456,0.00178131040724308,0.01,0.01
"2158",76.1282452149317,82.1306892670691,43.1677219457924,43.8496031798422,87.9160172771662,60.1245226105675,74.3498192401603,0.0066190771580592,0.01,0.01
"2159",30.2586150821298,41.4892255095765,96.7448903713375,84.4095109729096,32.4969062348828,74.977888003923,19.2884121788666,1.99235694079682,0.01,0.01
"2160",97.0814361004159,38.821998774074,97.9711334221065,2.27059524040669,74.1947154281661,89.479227270931,92.6484133582562,0.000326746094827236,0.01,0.01
"2161",65.1654045563191,5.32744463998824,14.2527398653328,88.5226289741695,37.6355458050966,12.5702790915966,17.0857529621571,6.85521267286212,0.01,0.01
"2162",90.8878339221701,3.30884563736618,63.6741016060114,64.7792471805587,99.7600241331384,63.0726434290409,29.5154148712754,0.0212479550599834,0.01,0.01
"2163",54.1244609514251,8.58693541958928,21.1001876275986,66.2567595718428,32.6640610117465,48.7233757274225,79.7666986472905,0.0251106620166365,0.01,0.01
"2164",21.4081249665469,58.0050248419866,36.7762442445382,59.1908843722194,71.7365307733417,18.7571750953794,73.8060389878228,0.0110283835211569,0.01,0.01
"2165",48.4669254859909,54.6465058345348,45.9993774769828,8.5210372461006,50.207828078419,12.1586714405566,53.4003571374342,0.00311901627296627,0.01,0.01
"2166",8.13573715277016,67.7248507738113,18.1958994129673,23.3857829356566,68.4527660021558,28.9357176516205,43.412334122695,0.00769201726226685,0.01,0.01
"2167",43.6467948136851,26.9224927993491,19.7972025955096,32.7951807295904,64.9458407890052,77.4865390732884,2.8808327158913,96.7525420499473,0.01,0.01
"2168",83.326689642854,20.903888437897,39.031547261402,72.0592911820859,16.9183004880324,52.5477897375822,60.1145345019177,0.126202501122971,0.01,0.01
"2169",45.0929909711704,82.2123199468479,33.0697953701019,65.2355182683095,47.2057940904051,54.2468300787732,72.8301238268614,0.0187173864916536,0.01,0.01
"2170",99.9831626657397,20.4443281516433,70.6072491360828,80.6512027047575,75.5457425490022,37.2749797767028,12.8331144573167,0.132453587756508,0.01,0.01
"2171",45.0460359221324,85.3822583099827,39.357645297423,79.2893067235127,52.1152945235372,48.0902181472629,58.5045075509697,0.0255673167618214,0.01,0.01
"2172",90.9880933351815,19.6621571667492,62.0051659410819,51.6449748072773,26.3124576769769,50.1508262939751,61.0060878796503,0.0318174024774604,0.01,0.01
"2173",72.684632986784,88.2745838258415,52.8359198244289,78.0857384204865,21.5860108146444,64.1630159458145,3.55073760729283,430.644043543202,0.01,0.01
"2174",48.5836585517973,4.09788533579558,71.9655118416995,18.0883057415485,90.252616093494,43.373578437604,45.4232360934839,0.00430909041875517,0.01,0.01
"2175",55.5280983215198,98.4645158983767,54.5973193831742,31.7283356562257,0.223957980051637,30.6911900872365,87.8090733895078,887.33861699791,0.02,0.02
"2176",85.3457947960123,1.76458470523357,39.904309832491,95.3948374371976,66.0600836854428,12.0007600169629,4.60715442895889,163.067139963069,0.01,0.01
"2177",50.0841986155137,32.5467176502571,66.0949704702944,77.3310434771702,51.1766698677093,82.3497541481629,57.6079001650214,0.0257804327762347,0.01,0.01
"2178",53.8186245597899,46.5738236438483,48.7409066874534,49.4992232881486,37.6305304467678,82.4439303949475,98.8205100642517,0.0131771843975608,0.01,0.01
"2179",86.4328663796186,59.2843077145517,94.9150565778837,15.2018882799894,99.8682825593278,53.6722498014569,73.3379520941526,0.00204734371191521,0.01,0.01
"2180",76.770918793045,34.6453263657168,8.448147890158,64.314855937846,26.2831247178838,8.91728922724724,41.0592892672867,0.143067827284868,0.01,0.01
"2181",55.1919456804171,91.3556861924008,40.9309511305764,38.6595360469073,40.5582002364099,11.7088249418885,99.8867243761197,0.00944691389951123,0.01,0.01
"2182",91.8260892853141,63.9348585624248,5.93799587804824,57.6426443643868,59.4491108786315,56.102698831819,72.9652401292697,0.0131088001041816,0.01,0.01
"2183",88.552836375311,9.09030884504318,41.2249984452501,72.7462384151295,2.66026069875807,35.7548896688968,97.1415062900633,124.5497415636,0.01,0.01
"2184",20.9456320619211,45.9432635456324,84.7178514581174,71.4256017934531,35.5601559858769,36.1559652956203,75.4575916565955,0.0262663986840811,0.01,0.01
"2185",50.1396198989823,62.1937684016302,34.5482835313305,37.5336356228217,86.0564490780234,19.7636199649423,54.2756143724546,0.00788934285445589,0.01,0.01
"2186",75.0921005848795,47.4704629741609,76.5609835507348,52.7575416956097,50.0683019403368,77.982346364297,17.2234238358214,0.205632087222076,0.01,0.01
"2187",86.2380424514413,17.97009781003,74.4739962508902,32.3519077617675,98.905792273581,62.2588023776188,2.30884330812842,47.9982489907432,0.01,0.01
"2188",6.61246574018151,46.4741257485002,88.6169504607096,40.695449244231,16.9894285965711,94.669625768438,72.9747026227415,0.0374790884072052,0.01,0.01
"2189",88.7775520561263,95.1251630904153,3.8210877450183,83.8621758623049,12.7364937914535,58.0780846299604,46.3256459450349,3.30603985646665,0.01,0.01
"2190",89.330957387574,16.3712488254532,78.4588845446706,68.8624547561631,86.3843061262742,31.4797692932189,86.9379597716033,0.00905864537387302,0.01,0.01
"2191",43.0774851934984,28.0137704219669,56.5227434271947,76.0652455268428,12.951942672953,77.388758957386,61.4670544862747,0.540980196740961,0.01,0.01
"2192",22.2699572099373,87.7770068123937,37.6240702345967,92.6109540974721,39.75266716443,42.3954311059788,95.0146776158363,0.0242630051600987,0.01,0.01
"2193",51.2223414843902,75.8074830984697,65.9968874882907,39.9617854505777,97.9940103599802,3.09113201219589,59.3276660190895,0.00674614716268811,0.01,0.01
"2194",73.6223902087659,36.385570303537,61.0679407604039,43.3200994273648,50.7954715518281,19.2008463200182,87.6594280591235,0.00961631809150543,0.01,0.01
"2195",96.5676086954772,14.9367547594011,99.2678817827255,37.2613729443401,15.619940799661,19.1916296957061,70.4883392201737,0.0798710571388511,0.01,0.01
"2196",17.2046740306541,54.6875041909516,59.1924301115796,3.59245510771871,65.0483220349997,40.7564504770562,55.6028265040368,0.000975605080438684,0.01,0.01
"2197",73.1235868530348,90.9813406644389,12.1875614859164,53.6590909818187,94.7141144890338,22.8000074857846,15.3412179090083,0.0350518065933999,0.01,0.01
"2198",93.0221040034667,84.2119766399264,51.1322156293318,82.6904612593353,40.4500124743208,82.1784522151574,85.5181354330853,0.0236276384364919,0.01,0.01
"2199",64.9523320840672,39.082801900804,8.46947215031832,67.8089883411303,10.8238609973341,14.1922105802223,43.6431676149368,20.18885826588,0.01,0.01
"2200",11.2370439339429,42.8173882886767,39.6477206144482,58.9505406329408,30.5695496732369,44.7641941253096,86.9046694599092,0.021936316375457,0.01,0.01
"2201",55.73234569747,8.99904023390263,18.2117248885334,72.3431322723627,75.907177105546,42.9078368702903,66.874742670916,0.0140369864365245,0.01,0.01
"2202",54.6383725479245,82.575745973736,45.6760567147285,7.7368771424517,36.7633561603725,86.940557253547,5.18293275963515,118.821076456511,0.01,0.01
"2203",24.995305086486,79.7571868402883,81.2959995819256,40.9160458482802,75.9475190658122,61.0775663284585,61.212214268744,0.00865910935165334,0.01,0.01
"2204",60.3301894152537,7.65008362941444,15.9907251829281,59.792122640647,95.5702594015747,97.0991067122668,81.3082748325542,0.00759974898519785,0.01,0.01
"2205",89.6826115669683,64.0812588855624,93.4907637536526,44.4119715597481,11.153550632298,41.7644072789699,67.7263293415308,0.762579622174491,0.01,0.01
"2206",76.4164972351864,63.6454456485808,19.8982918867841,2.60192060377449,41.6293694870546,32.2205338161439,65.363438683562,0.00094198019505254,0.06,0.01
"2207",76.7832407495007,9.29195864591748,25.7655835244805,53.7797777913511,66.4232887327671,99.6187502751127,12.1720378054306,0.31788382301693,0.01,0.01
"2208",16.0437352722511,56.9270389387384,43.5249260393903,53.0270286370069,7.57024351041764,27.4337437003851,61.6353824501857,15.6138696518341,0.01,0.01
"2209",14.3602687632665,30.2916397806257,43.8820943702012,95.0060559436679,51.0784390615299,27.7633168036118,62.739343312569,0.0291762020243331,0.01,0.01
"2210",23.2560187811032,66.8082209303975,97.4676084937528,52.9182131169364,35.0051418412477,38.5703571839258,92.7095484221354,0.0161299641561289,0.01,0.01
"2211",74.9608022393659,65.4947766335681,57.688335608691,19.026904203929,39.8066763533279,53.5509039647877,71.1681648390368,0.00662289154950387,0.01,0.01
"2212",8.06361278519034,57.5890569481999,69.0817815251648,47.3253190983087,7.69980973564088,26.5970948152244,97.6633216487244,1.07322014197221,0.01,0.01
"2213",41.0278217401356,6.49278934579343,8.3194182952866,26.0997309116647,42.2245832392946,11.0398770775646,32.1703612571582,0.0309397248862088,0.01,0.01
"2214",25.9190764743835,16.7927613249049,26.374990795739,18.2404193561524,13.9707817928866,78.2624014653265,25.7995291613042,32.9310247312747,0.01,0.01
"2215",61.6683763917536,95.1384929474443,42.5426731817424,66.6820459766313,39.7100754780695,68.2230027625337,58.1021796446294,0.0284118665974392,0.01,0.01
"2216",97.8573126252741,14.5026027224958,47.4525329191238,68.7700684182346,69.450492085889,53.8618991151452,3.24879873078316,69.7313827776476,0.01,0.01
"2217",66.6305623482913,29.5683902455494,52.1029271418229,27.5875721126795,86.7514700163156,5.08287886623293,77.3551489925012,0.00405062352251704,0.01,0.01
"2218",65.1435838313773,80.2387790987268,17.4227501265705,22.427440690808,81.9556765258312,70.1333454344422,42.7331110928208,0.00625813348432793,0.01,0.01
"2219",59.5446920953691,33.4883071482182,11.2411380279809,43.2979568140581,77.0506919827312,14.9965777760372,63.6812234064564,0.00868675003933564,0.04,0.01
"2220",52.6823818450794,1.02640851400793,39.0966139035299,36.254256288521,3.19075849838555,8.46482869237661,80.487084412016,124.382748348024,0.01,0.02
"2221",14.1475958283991,95.6637120805681,46.0758730769157,43.7297880882397,76.5068551991135,45.5372613389045,39.7556082578376,0.0140239961127049,0.01,0.01
"2222",4.64052248280495,53.5821572411805,97.6348262745887,72.59942216333,93.941992148757,80.3620552411303,45.0744124827906,0.0167712060276705,0.01,0.01
"2223",56.8865085486323,6.64092826191336,88.6379254050553,98.6953997053206,40.7263744622469,25.2969533437863,2.86376671865582,333.390226288822,0.01,0.01
"2224",74.7275382746011,30.2596805151552,4.22927965410054,25.4306636750698,96.5264077298343,94.0870713442564,1.10689618159086,144.508943255788,0.01,0.01
"2225",39.1144567867741,72.2987576154992,13.5749765438959,9.95062983129174,60.0336263654754,49.8397459508851,61.5613958798349,0.00264935873325421,0.01,0.01
"2226",34.2062868643552,72.0800264272839,26.0091282660142,8.50376088637859,84.3136445386335,75.9655192261562,24.3988924892619,0.00397139904469027,0.01,0.01
"2227",90.4497592942789,68.1239886209369,18.1938333436847,2.11465288884938,19.5647429907694,3.27307167463005,97.622292721644,0.00152806868187026,0.01,0.01
"2228",87.2265663696453,93.9078099792823,60.9190863324329,60.6745721539482,62.7941631479189,27.038760134019,36.7933786474168,0.025564518245342,0.01,0.01
"2229",0.385884358547628,46.4508062461391,71.512771374546,68.6973275849596,49.6003605891019,12.3463061172515,28.161909384653,0.0509511610516597,0.01,0.01
"2230",91.0676308674738,4.59395786747336,56.3500507734716,16.0985947586596,96.689063613303,66.1578179569915,72.609984013252,0.00225987472581181,0.01,0.01
"2231",60.040797223337,42.0930493157357,17.9636613465846,25.6041037617251,71.9641966279596,68.5989573597908,85.2964142337441,0.00412269257556138,0.01,0.01
"2232",40.7566187903285,45.6840280676261,31.7783852573484,20.5518813803792,21.745493193157,79.9701970070601,35.6840316439047,0.493398649890788,0.01,0.01
"2233",62.7824736759067,28.7264478392899,88.2611343171448,75.8309050695971,83.4409402217716,70.2276511816308,85.0177218206227,0.0105630983929571,0.01,0.01
"2234",83.6894867941737,45.9124297369272,63.1417603464797,65.0432439055294,12.1422582538798,55.7754542911425,56.933517055586,1.3488729963309,0.01,0.01
"2235",61.7868738947436,53.9302545599639,81.5717125777155,52.7627704199404,63.5733064962551,56.4708040561527,50.9493671590462,0.0159745051760564,0.01,0.01
"2236",83.1507539143786,36.5389077458531,36.3643889315426,75.114591838792,15.0809125043452,92.5472534494475,95.4466532450169,0.0523504243197547,0.01,0.01
"2237",49.9735684134066,20.943663851358,31.5245206467807,7.32104841154069,78.4690101165324,19.7398277465254,67.1720315469429,0.00136804570603386,0.01,0.01
"2238",13.0804431624711,42.656424222514,91.6067191166803,62.8667533397675,25.4493473097682,38.1175740156323,1.71401607804,614.866503210708,0.01,0.01
"2239",31.0434460639954,13.7557801324874,78.7327497033402,89.9840438505635,50.8844038238749,87.9546659300104,35.722113144584,0.0481609918161834,0.01,0.01
"2240",38.1091651041061,21.5594000648707,78.8995604030788,37.0370276737958,3.06479088030756,9.01769462507218,50.1124584581703,721.181304923492,0.01,0.01
"2241",67.3033885424957,16.3735888898373,21.938200481236,27.1959309466183,30.5922116385773,39.3679144093767,79.1167075745761,0.0110949804311377,0.01,0.01
"2242",37.2033953433856,13.1553798215464,65.4688440263271,98.3187054283917,12.7988189458847,68.1768377078697,50.4334332421422,2.41994730497719,0.01,0.01
"2243",83.0249892547727,36.58980242908,75.6559363333508,24.4111361214891,93.644209811464,52.1390856476501,63.55912364088,0.00403707075048402,0.01,0.01
"2244",24.3937686551362,79.3193872785196,88.9076501596719,57.7232017181814,58.8347874116153,5.36005962640047,92.369558243081,0.010497508089739,0.01,0.01
"2245",66.8403253192082,75.6168045336381,76.668819016777,84.2054449720308,10.2645192062482,34.3824340961874,16.2597929593176,234.829746267615,0.01,0.01
"2246",67.7898892667145,35.6156252324581,35.1235840236768,28.2287660054862,13.5879202513024,41.8939493130893,67.0606248313561,0.192464932262516,0.01,0.01
"2247",33.7102045072243,73.7581645371392,61.8319678818807,79.8076495761052,94.5258680265397,11.5359100047499,48.2917520683259,0.0171221857657719,0.01,0.01
"2248",43.8577705062926,70.2962051844224,55.2299289032817,88.8060255907476,14.9494042852893,52.9446001164615,80.2651844220236,0.0811403172551201,0.01,0.01
"2249",81.7820890340954,50.010997033678,74.2112658452243,52.3747939616442,38.957514311187,71.4579432737082,34.6125707728788,0.0391331742403633,0.01,0.01
"2250",85.9856740571558,89.9960864102468,79.2703876504675,57.9488256713375,11.1724830931053,39.2168396618217,81.541322125122,0.213388360503776,0.01,0.01
"2251",75.0252831727266,47.913500899449,73.2002748874947,80.5472248233855,58.1969231599942,77.4779338622466,26.8585263984278,0.049813718252926,0.01,0.01
"2252",65.9000361571088,73.7616404658183,25.947971502319,39.6998630370945,77.9281959403306,32.3240361642092,38.822025898844,0.0127921098580839,0.01,0.01
"2253",87.0837328257039,88.7129760347307,37.4667257536203,37.7483407268301,59.8433614009991,37.6641707960516,35.7548746047541,0.0171618072204299,0.01,0.01
"2254",57.4865774950013,3.74459137674421,71.791564184241,43.9244243316352,80.2752394694835,94.7758794296533,75.7105702999979,0.00712676496793293,0.01,0.01
"2255",13.4683324722573,95.3955179080367,31.5238730981946,68.6390443705022,69.1131400177255,0.636044144630432,90.2856164379045,0.00583288244668042,0.01,NA
"2256",42.2525521600619,83.7525968439877,4.87106281798333,10.1244744379073,31.5010202350095,23.1201014248654,26.5683475416154,0.335603460131974,0.01,0.01
"2257",40.1024829596281,34.2017655726522,15.8381866291165,81.8477436667308,61.0598797677085,41.8383632786572,13.1534220185131,0.387220651417263,0.01,0.01
"2258",16.1950799636543,39.4170623738319,5.165652371943,49.2185337236151,48.1458610855043,1.52017478831112,2.49223790597171,20.3940169196605,0.06,0.06
"2259",69.7183758718893,41.9054597383365,24.5744260493666,10.023910109885,40.0249223457649,66.6431423509493,22.5655538961291,0.125522646063863,0.01,0.01
"2260",75.3743558190763,24.997852765955,96.9891862478107,47.9833940509707,88.3765183389187,10.3509072214365,92.7348343189806,0.00578060247263807,0.01,0.01
"2261",81.2090221093968,11.4056256366894,79.417021991685,29.9185383832082,68.4025652939454,95.1551916776225,46.8676512129605,0.00913483937684286,0.01,0.01
"2262",1.29705951549113,72.8180867852643,13.3761483477429,65.2144767809659,81.1888949247077,40.874602785334,52.2876240545884,0.0150731666891173,0.01,0.01
"2263",51.5653762035072,3.31222736276686,15.9999340539798,25.7702916394919,0.803309516049922,56.5118193859234,73.0700901942328,754.349867638053,0.01,0.01
"2264",51.1173498816788,89.2817751504481,96.9718298409134,52.7562228031456,14.0330312773585,72.6616006810218,85.0128271384165,0.051538128466502,0.01,0.01
"2265",93.4340735431761,3.66361306514591,10.0835283985361,16.5620116284117,94.8140957625583,34.4626515405253,15.9132274333388,0.0109517134020521,0.01,0.01
"2266",42.9041746305302,11.5831869654357,32.9822939354926,4.3671942083165,10.3077644482255,54.6079521067441,29.80518466793,63.5861219634191,0.01,0.01
"2267",92.5479432567954,59.3628623755649,56.8990867352113,29.8042342532426,25.4276123596355,73.3000528533012,45.3713900176808,0.0358281536116129,0.01,0.01
"2268",12.3207883676514,53.8764254655689,78.5281950840726,11.3384600030258,95.4387904144824,41.4320833282545,80.565438629128,0.00145629166749809,0.01,0.01
"2269",21.8176344875246,42.8300799336284,67.6286327652633,42.6643418613821,43.1826371699572,37.2456413926557,87.2005748096853,0.0112002130665082,0.01,0.01
"2270",22.6864350493997,36.187683721073,94.7227130411193,19.494452397339,89.3692658282816,64.7513533011079,93.9674220979214,0.00229645297240335,0.01,0.01
"2271",1.59988685045391,86.1310980282724,93.9254506956786,48.0487547582015,17.1586801297963,24.1540485294536,82.810428342782,0.0348275475234785,0.01,0.01
"2272",39.993672631681,72.697323653847,54.6569959959015,21.4568324852735,24.135748622939,45.5264642834663,33.0768080893904,0.425502167266775,0.01,0.01
"2273",41.0279523348436,70.013102190569,90.0098563171923,67.9800579324365,68.7012008624151,79.7764727380127,10.5400560889393,0.550951124290822,0.01,0.01
"2274",59.5905079273507,66.9223676901311,20.2228390146047,81.2300965422764,38.2370176492259,14.2305023036897,16.6878791060299,2.95936575859422,0.01,0.01
"2275",10.3292634477839,15.724985813722,42.4623496364802,23.6610424239188,85.1723864907399,23.9610210061073,91.3419776363298,0.00300676108328219,0.01,0.01
"2276",3.64286389667541,47.4548151018098,46.1101507302374,71.0494564147666,24.4919619290158,81.4874427160248,37.2555894544348,0.200118923170551,0.01,0.01
"2277",76.6152736032382,29.6570761362091,31.2466660048813,27.4505059467629,44.3425542442128,69.675332820043,10.3351218393072,8.8168941467871,0.01,0.01
"2278",54.9716058420017,0.934807001613081,99.6476997388527,16.9303325237706,3.65424412302673,30.5826405063272,93.7497759005055,169.962403903128,0.01,0.01
"2279",17.092749173753,65.0294771417975,82.8195263631642,2.12344641331583,93.2978401193395,43.5567773180082,0.924001517705619,193.630744910711,0.01,0.01
"2280",38.7889397330582,11.5383259719238,57.0034049917012,36.1337037524208,54.052775260061,86.9156564120203,44.7555299615487,0.0146073574732835,0.01,0.01
"2281",27.1569783100858,51.7545702401549,53.3192206639796,98.6515166936442,22.271239105612,85.1379843894392,4.95215058326721,307.394719379759,0.01,0.01
"2282",58.1564308842644,14.2795678926632,43.197206966579,76.1213376186788,90.5512769240886,71.8424673657864,54.7143822070211,0.0150853878520349,0.01,0.01
"2283",13.3647636743262,90.4116933001205,3.90904974192381,7.31933386996388,43.8347136601806,84.448627778329,95.168824843131,0.0017362647265497,0.03,0.01
"2284",83.1678808899596,5.91981271281838,91.0211859503761,95.0272333575413,91.2019442999735,82.0838574552909,42.0466525247321,0.0241832680835912,0.01,0.01
"2285",28.5106139723212,33.626233949326,18.9947219565511,47.2051241435111,87.1600893326104,47.1399027155712,83.7269259849563,0.00639167737570494,0.01,0.01
"2286",22.4642711691558,28.1790256500244,67.1939195366576,19.3178994348273,40.5537884682417,45.3635735902935,39.645825442858,0.0118613365645002,0.01,0.01
"2287",79.1405257070437,99.5515792397782,75.1319912727922,5.08607320953161,42.7615763619542,62.8852598369122,70.3753048786893,0.00166633688902482,0.01,0.01
"2288",14.6293453872204,24.7890662634745,46.2475111242384,50.5804787855595,43.109277705662,42.4777276813984,85.6669808737934,0.0135363071465815,0.01,0.01
"2289",63.3169835666195,1.45958550274372,96.971393818967,38.1611238932237,74.6235850965604,99.5827721199021,23.2036832487211,0.0211593006005172,0.01,0.01
"2290",3.8465237012133,17.1912226593122,75.7870303466916,17.5755040952936,43.4942579828203,94.9612628202885,47.4828425329179,0.00833471464306429,0.01,0.01
"2291",67.138124560006,93.305358546786,5.32873473130167,27.5808915495872,28.5455658799037,38.2940524024889,16.3191474508494,10.1908321780801,0.01,0.01
"2292",2.15108110569417,59.9973646458238,21.9831131864339,42.5011358689517,85.2772250771523,76.7025969224051,43.9930042717606,0.0110766767135549,0.01,0.01
"2293",98.079754319042,32.1789289591834,95.2229142887518,84.6879788674414,71.0771676851436,78.2533891499043,0.260287499986589,422.734682741145,0.01,0.01
"2294",20.2493090648204,27.0706961397082,20.0850867433473,58.3726776996627,0.297574023716152,72.0650412142277,15.1976885739714,974.766975713854,0.03,0.03
"2295",4.12755643483251,0.442084134556353,54.7759427223355,23.7788948230445,2.5877341395244,42.6915828371421,13.1140225101262,695.495649326031,0.03,0.03
"2296",27.8263625688851,80.5533074541017,22.5442543625832,90.7678894465789,95.8163776434958,34.6218921244144,84.2633870895952,0.0111097944020731,0.01,0.01
"2297",60.2513501420617,29.1878284420818,48.2842379249632,58.5630152141675,76.4560837298632,59.3910179566592,35.2025107946247,0.0211555000170731,0.01,0.01
"2298",54.1263407329097,95.0981733622029,99.3541842326522,17.1560836955905,98.3470649225637,85.865750303492,13.318102597259,0.0131920253353428,0.01,0.01
"2299",30.0749405752867,86.0714695882052,77.9699767241254,44.0560028422624,63.7044477276504,31.3493183348328,38.4469954296947,0.0175298780883949,0.01,0.01
"2300",39.4252799684182,7.69323743879795,53.3554173307493,74.7725920751691,78.5124433925375,18.6314226593822,74.696288863197,0.0125606802710802,0.01,0.01
"2301",68.3679452864453,57.1195084135979,89.1412163851783,36.3500130129978,98.5314027406275,62.7321505453438,53.5672111902386,0.00675995941190161,0.01,0.01
"2302",49.0008243592456,75.7971412967891,24.4636559393257,32.4959276476875,18.6870785197243,5.31549362931401,20.6292216666043,148.372343632347,0.01,0.01
"2303",22.371514630504,39.9206901201978,17.3702104017138,45.9012273233384,84.7839721944183,80.3129635052755,24.3713844567537,0.0213387732605875,0.01,0.01
"2304",61.5479285595939,74.4561043800786,51.1560091283172,97.4017899716273,11.2500001909211,1.77455709781498,50.2216368215159,120.521223244549,0.02,0.02
"2305",14.0269332565367,94.0163782564923,33.4860747912899,32.413215492852,84.5155003247783,53.5827010171488,95.2413745922968,0.00398482885740295,0.01,0.01
"2306",54.052572301589,26.599863357842,19.0991863841191,4.36644870787859,67.0141790760681,57.2103228187189,1.19949909858406,263.191241489235,0.01,0.01
"2307",2.75264834053814,94.9392513604835,12.2037873137742,61.0725292237476,31.3731810776517,76.270387833938,51.8644284224138,0.0369169677373016,0.01,0.01
"2308",30.1813831785694,65.949449269101,96.8004373135045,35.9610631829128,49.9328155536205,30.5813362123445,46.3301049545407,0.0152140540011803,0.01,0.01
"2309",33.9594000950456,16.0999048966914,96.778570022434,1.49088439065963,47.60784690734,50.5425047362223,65.1067770784721,0.000473623384403123,0.01,0.01
"2310",97.2138112643734,94.9640876613557,90.6947610434145,14.7772515192628,9.20033422298729,10.5991177028045,10.423188470304,768.443079493108,0.01,0.01
"2311",98.5804253956303,48.7833399092779,81.9756790995598,31.1504481360316,79.339994257316,38.0824787076563,89.7216029698029,0.0043268795635326,0.01,0.01
"2312",63.402173249051,74.6604540618137,57.0276371436194,3.04675386287272,12.1224142378196,95.3286350471899,18.4458727249876,110.306919439078,0.01,0.01
"2313",27.0984393078834,40.5767062446102,57.4927265523002,46.2221042951569,18.786803027615,68.3190851937979,56.3766539329663,0.0744428357491174,0.01,0.01
"2314",71.4658569311723,10.2199942339212,87.1809937059879,11.4055978134274,3.10342041775584,78.4834757214412,23.2039469992742,571.303065350733,0.01,0.01
"2315",2.25171286147088,2.87778857164085,11.0509425867349,39.5671323174611,29.991679941304,42.0687261270359,79.5356022426859,0.0163755242771361,0.01,0.01
"2316",81.4545064000413,97.7339498931542,72.2054561134428,23.7515038112178,71.927099651657,44.7205755161121,54.5623198384419,0.00594278273918193,0.01,0.01
"2317",89.9438434746116,7.56715843454003,32.8716216608882,19.9320037849247,1.60079926718026,36.1011521192268,81.4111547777429,409.043332906408,0.01,0.01
"2318",1.31128518842161,87.5777928857133,73.4654517145827,21.0963804973289,90.5658897012472,74.2113230982795,6.43940477166325,1.60643716024844,0.01,0.01
"2319",19.3636794807389,96.2176397442818,25.1097879605368,6.06801996473223,11.1848030937836,55.7587289484218,53.5679350607097,3.07950217769352,0.01,0.01
"2320",44.0400202060118,86.8408030364662,59.6239065285772,18.0279590422288,63.975365483202,52.8788581956178,76.0479436488822,0.00365722345357417,0.01,0.01
"2321",38.9838185394183,47.3860295955092,71.2791629368439,31.1004319461063,86.367345857434,29.5304051600397,27.6782132452354,0.0125536516724041,0.01,0.01
"2322",50.415810989216,13.8602927327156,91.1648788256571,40.6123177614063,16.903582541272,91.9830485014245,82.8277314547449,0.0299200326466478,0.01,0.01
"2323",80.7498223846778,63.0656394409016,11.0464426223189,98.6327310558408,72.6132667856291,33.6902609094977,4.87397217657417,20.086533022695,0.01,0.01
"2324",13.8704400975257,37.6391118625179,98.7387550994754,96.6568226460367,17.0907289721072,57.3384611168876,47.0995038049296,0.537619071288233,0.01,0.01
"2325",28.375803749077,87.9192770225927,34.8251556279138,17.4598542274907,24.7475422220305,24.3710486451164,87.5165270641446,0.00797072800836711,0.01,0.01
"2326",12.108515528962,51.4737377641723,41.9818903086707,45.5190590582788,94.1315485863015,97.8806003928185,71.2695188820362,0.00669090736498754,0.01,0.01
"2327",18.6169968219474,52.9796365415677,55.7676750002429,31.0237505938858,20.1585357543081,30.7598275132477,60.6346036773175,0.0330388886263518,0.01,0.01
"2328",27.5250966195017,59.6250831382349,0.141539145261049,42.0039885211736,30.0255207810551,89.7792387753725,11.5096014225855,28.6038058002349,0.01,0.01
"2329",35.9886584337801,68.6805895529687,17.1914263395593,83.9895556680858,68.9432741841301,90.1426349766552,59.1760328272358,0.020244297024704,0.01,0.01
"2330",67.5977966515347,89.6560250082985,95.4385337419808,94.9525015428662,0.887802336364985,70.8627971122041,15.7398357521743,970.988770929395,0.01,0.01
"2331",90.9723466960713,69.5296596502885,61.3559581106529,62.972010509111,27.0137642277405,81.607464258559,21.517549874261,2.96359122726208,0.01,0.01
"2332",20.3722639940679,19.0875744679943,90.9120921976864,1.45590431056917,4.06247056089342,71.414283849299,60.4823293630034,110.829337239216,0.01,0.01
"2333",42.780290893279,56.4515463309363,20.2167808776721,47.6014512358233,8.35420871153474,46.9626334263012,20.0749846408144,224.993695615059,0.01,0.01
"2334",84.7212519496679,9.52338115312159,95.4712766921148,58.167265355587,97.3690810147673,90.438460954465,10.7783268904313,0.0691032951582203,0.01,0.01
"2335",29.5577658805996,30.4455645149574,79.7369471751153,91.2021492607892,97.836412396282,53.2902879174799,59.4479940831661,0.0154176382299247,0.01,0.01
"2336",26.424836483784,45.4384192591533,5.80513514578342,5.45433950610459,42.7397217834368,71.8932713614777,44.8493324220181,0.00278864551323535,0.01,0.01
"2337",63.4286896325648,70.1317438622937,90.5193218728527,12.0657850522548,5.88981120381504,78.5350543214008,41.6857719188556,97.6220139099263,0.01,0.01
"2338",88.435116270557,92.6796842599288,41.1060526967049,7.79646798036993,32.0147790946066,11.9222175795585,59.3280138680711,0.00405070332891259,0.01,0.01
"2339",11.2887583905831,34.4551048474386,63.1734724389389,93.5739737469703,6.17442803923041,18.1279191747308,42.2099884832278,152.1174995585,0.01,0.01
"2340",47.2080281469971,64.6992673864588,60.2168285753578,4.82155012432486,93.9306212821975,41.182829416357,66.932296869345,0.000755540128288798,0.01,0.01
"2341",25.2085456158966,25.1034412998706,36.7368412436917,72.8094465332106,32.857679342851,49.6265960391611,97.7916311472654,0.0224283168748383,0.01,0.01
"2342",96.4006627677009,30.8876365423203,89.176430250518,95.9147514076903,87.0058974716812,64.7311640903354,68.5783848864958,0.0158405642665715,0.01,0.01
"2343",72.5125133758411,67.4634148832411,71.8194756656885,19.0564396325499,28.1185141066089,63.6376848677173,94.3703678436577,0.00710587019793254,0.01,0.01
"2344",52.4406709941104,32.9897669842467,14.4450846826658,47.0933533972129,74.2609803099185,88.5654162848368,36.7890378227457,0.0167816374038001,0.02,0.01
"2345",2.85049364902079,56.1922965804115,34.4724460039288,49.0346284816042,31.0899597592652,10.7940929243341,50.6542220246047,0.0312208944360117,0.01,0.01
"2346",69.9624898610637,11.3434461411089,58.894195058383,75.7556022843346,63.273873925209,33.5855123819783,44.2904227180406,0.0264204435022686,0.01,0.01
"2347",75.3183582099155,41.3067113142461,32.2650686604902,39.7283837664872,28.1081974972039,37.2495662886649,42.0189239783213,0.0429069928586662,0.01,0.01
"2348",99.9309729551896,71.4369657915086,10.3322350187227,86.9202181929722,16.4830666035414,22.5946141174063,94.80018268805,0.0553439156054337,0.01,0.01
"2349",9.8885529441759,72.0281635411084,82.1285281097516,53.3112432342023,28.4077780786902,88.7810583692044,65.9564807312563,0.0280347103953885,0.01,0.01
"2350",90.9524247981608,64.8764939280227,7.52664809115231,89.4331051269546,92.2888181405142,29.2222918011248,5.48719551879913,3.98345717204699,0.01,0.01
"2351",61.7502517299727,9.81360429432243,44.3745896453038,38.3244587341323,39.1580224735662,2.50683557242155,22.3022137768567,129.47520456703,0.01,0.01
"2352",0.470354990102351,62.5461341580376,41.8868931708857,80.0381395500153,4.52412853483111,89.6745936479419,4.28710170090199,902.815855353404,0.01,0.01
"2353",2.84297263715416,11.6732216905802,50.8758964715526,66.3061646278948,32.7160919085145,71.877759299241,31.5013307612389,0.112752922074424,0.01,0.01
"2354",80.0044242991135,97.5855397060513,18.1448691524565,15.3431633720174,35.9136607032269,80.332586960867,50.4472891101614,0.00831672256814353,0.01,0.01
"2355",8.23470910545439,5.94905300531536,71.1331796599552,12.7614033175632,2.2909231018275,70.6884211860597,39.5510005531833,539.832110503647,0.01,0.01
"2356",96.4076885720715,71.4888644171879,5.71216521784663,56.3351019751281,17.0902380021289,16.9001487083733,91.6229403577745,0.0359377803056446,0.01,0.01
"2357",4.33505719993263,57.1202463237569,19.8896959191188,97.7446338860318,44.7354997973889,39.5316279493272,67.9339824477211,0.0316952334267108,0.01,0.01
"2358",87.549754534848,73.6320570111275,57.1115809492767,84.9372084951028,75.7560944184661,20.7032638834789,90.496460092254,0.0122520285588335,0.01,0.01
"2359",82.678410387598,82.9465883551165,34.5344840548933,48.6895712791011,31.9235679227859,47.162171266973,46.2695287540555,0.0326999674332578,0.01,0.01
"2360",39.2545989016071,3.66482813842595,83.496704720892,75.2367876004428,12.1283039683476,98.3067713910714,0.751955434679985,864.436554574145,0.01,0.01
"2361",8.00617304630578,87.7066525630653,7.30867458041757,34.474926488474,86.7845612578094,16.2161611719057,62.6920812530443,0.00623648002352764,0.01,0.01
"2362",55.0317486282438,17.2860900638625,65.0534920860082,98.7294741673395,70.3007160918787,19.6324001299217,99.352013762109,0.0139835735748959,0.01,0.01
"2363",95.14573039487,43.4412293834612,38.4191154036671,93.249012902379,76.6705300891772,73.0413207551464,67.5239897798747,0.0177480224856481,0.01,0.01
"2364",28.6487365607172,21.494101639837,16.8362351134419,21.5316604822874,91.8335872003809,1.38388916384429,34.9612189922482,20.9669260734897,0.01,0.01
"2365",66.509279771708,91.8581193778664,17.7578622475266,47.8508645202965,32.5084300944582,85.2517303079367,2.08191014826298,404.236378805579,0.01,0.01
"2366",40.2196019189432,38.09389017988,73.7287615193054,66.1783025832847,52.8975787572563,12.6473338343203,89.2955111572519,0.0138473226665869,0.01,0.01
"2367",51.2957041617483,26.6617942135781,58.8286246871576,23.5300348605961,55.437654373236,28.3184475963935,88.2837982382625,0.00475253781604287,0.01,0.01
"2368",58.9061681879684,25.8602053392678,47.944981767796,35.53479926195,15.4849979095161,47.8735190583393,74.1991863818839,0.046360098775924,0.01,0.01
"2369",65.2607505442575,94.4732965668663,71.0976725444198,36.8802537443116,84.4349303981289,60.3516551665962,40.9509983612224,0.0104113104613448,0.01,0.01
"2370",36.235442222096,18.0160983698443,48.9067925140262,86.5958829643205,19.4546962389722,36.0288527328521,94.3176417145878,0.0467155512468376,0.01,0.01
"2371",74.5128822978586,50.1654617488384,45.3146723564714,71.7878633411601,33.9056654367596,56.4312092261389,99.4108709972352,0.0210852724585204,0.01,0.01
"2372",82.3649572441354,43.0643235100433,35.2326803375036,2.45052932295948,21.7322771437466,97.2696166718379,89.1777678392828,0.00125583649854755,0.01,0.01
"2373",12.2667320538312,91.1214438034222,20.2162770088762,98.5628359252587,2.02590669505298,5.93753601424396,17.6923973718658,706.826635387088,0.05,0.05
"2374",2.87876715883613,71.3929697172716,3.58101865276694,49.5258696842939,33.0893261125311,94.3194638704881,2.34392697457224,373.959550091872,0.01,0.01
"2375",67.9510719608516,89.7129979450256,1.9919763552025,77.8865529689938,21.2143170181662,87.1834619436413,83.0503572477028,0.0437061296095359,0.01,0.01
"2376",13.1962701212615,89.3345959484577,0.118714268319309,80.7373082265258,17.2159316949546,45.4803842119873,85.5284404242411,0.0547608127835113,0.01,0.01
"2377",32.4451538035646,84.6134157618508,94.1054569557309,20.0864509213716,44.297078368254,75.6645954679698,42.3748560249805,0.010460687748087,0.01,0.01
"2378",27.5971323018894,97.270344151184,98.9232719875872,9.57056907936931,35.9895814908668,85.1882925955579,71.8943289713934,0.00364785538351033,0.01,0.01
"2379",61.7386925267056,84.2148788273335,61.0571460099891,28.0962651595473,10.2553811855614,16.8333788402379,35.7023583957925,46.7641243696233,0.01,0.01
"2380",14.5916166948155,78.3436570316553,13.3249588077888,71.0260470630601,74.4618798606098,86.128431931138,38.3447353728116,0.0242432136511765,0.01,0.01
"2381",72.5121954223141,80.4477600147948,89.6475576097146,70.7265228498727,28.0242251930758,9.35431479010731,5.35123874433339,418.506619205987,0.01,0.01
"2382",90.3194223763421,83.2549262326211,77.4774634977803,75.9654726134613,1.18893561884761,14.2387484433129,22.7211573394015,731.423702266718,0.03,0.03
"2383",44.3024010397494,29.651596955955,5.93171084765345,13.4419393492863,87.8984231734648,74.0198950748891,68.6303185997531,0.00219615579067751,0.01,0.01
"2384",41.2162851542234,42.0903116930276,30.9421570505947,30.0782389938831,24.9602196039632,84.1304865432903,46.0078449221328,0.0371756039940382,0.01,0.01
"2385",59.8702086135745,41.9461402343586,40.6436380464584,26.9227113109082,80.3625282598659,79.8532089916989,84.0523814316839,0.00393871754668172,0.01,0.01
"2386",45.7743391394615,41.9187540188432,42.7878470160067,34.2490669572726,68.5523805441335,65.025168703869,89.8193874396384,0.00550072907082715,0.01,0.01
"2387",7.03261953312904,30.3456393070519,97.2014835802838,44.5456164190546,94.2065331386402,46.1432500975206,20.5832860665396,0.0219043756257507,0.01,0.01
"2388",24.8803288908675,52.978574601002,26.3489231700078,1.07109702657908,75.8173077134416,17.1009003883228,46.4327960275114,0.000297891342078668,0.01,0.01
"2389",19.825722463429,96.48719325196,92.5509188557044,99.2029536981136,70.1152283232659,95.4167703166604,2.35208363737911,107.705112532776,0.01,0.01
"2390",17.7415078505874,46.3747670641169,21.8929168302566,30.7222261326388,84.5808465499431,95.2720541739836,34.6414111787453,0.0101910497719551,0.01,0.01
"2391",79.7903302824125,58.8412756798789,25.2576660830528,15.0799967348576,54.3984366348013,46.4684578822926,29.1718338383362,0.00931127692175775,0.01,0.01
"2392",87.9039130173624,43.4026062954217,32.5534632895142,35.2806280367076,11.0980591503903,59.7647091839463,98.4935781918466,0.0561401590494825,0.01,0.01
"2393",34.0712815988809,70.3789064660668,80.3957444150001,35.2122462820262,90.7190656289458,2.87408879958093,95.9259432507679,0.00399316126777985,0.01,0.01
"2394",83.4724077256396,1.27266447525471,10.8983039390296,92.1862650895491,38.6662379605696,92.3434572992846,21.9369064318016,0.626268557373097,0.01,0.01
"2395",76.9477447727695,24.2875959957018,40.5101254116744,49.399436544627,0.559632782824337,90.4562873765826,35.7105838833377,907.798266353717,0.01,0.01
"2396",12.8644709009677,34.4076147070155,96.2545302929357,86.1977339955047,71.0125729674473,74.9311955878511,48.4422056004405,0.0245466611105633,0.01,0.01
"2397",1.26329225022346,46.3606254896149,98.442443087697,35.4874118929729,67.9697514278814,86.5810391958803,42.7097309846431,0.0119435764379954,0.01,0.01
"2398",67.0706347096711,71.2041192222387,77.7632381301373,94.9262158945203,1.81538702454418,70.3652980038896,44.8182516498491,511.699590820143,0.01,0.01
"2399",99.7366747818887,48.7040702952072,6.68758971150964,35.8246170217171,18.8053121324629,33.9353901566938,35.1809500949457,1.83505135738912,0.01,0.01
"2400",37.0378327323124,74.7666294453666,50.0874449266121,59.5354391261935,88.4791528340429,83.0387968569994,5.19124881830066,5.20695417752335,0.01,0.01
"2401",1.59736680798233,2.55162448156625,6.3929378753528,30.464834952727,19.6796806296334,51.4494431437925,49.6390406275168,0.303699254199995,0.01,0.01
"2402",72.7231150027364,89.9368601851165,54.4058192055672,78.3524637343362,59.6509344410151,70.1536237029359,18.4016298968345,0.0803395917318494,0.01,0.01
"2403",53.5031551262364,75.8287071948871,50.392595352605,4.01532119140029,28.3854300389066,43.4584657894447,3.18186653312296,373.477662803483,0.01,0.01
"2404",20.6664388300851,2.49278463888913,23.9887642208487,1.21784340590239,53.6706857848912,37.2243287973106,34.317826689221,0.00071804031090026,0.01,0.01
"2405",87.1784246060997,27.8037340613082,4.30559439118952,23.3979694079608,6.3059019157663,24.4883545441553,0.517339934594929,753.185814835106,0.04,0.04
"2406",98.8126082811505,6.7513661691919,30.1760154310614,85.4573270538822,11.8002611445263,53.4456561552361,84.7963032545522,0.179021711556687,0.01,0.01
"2407",32.0822574896738,27.7691872091964,91.0839807940647,65.1255034841597,99.6547094546258,60.9616691945121,78.1930627766997,0.00824986216790497,0.01,0.01
"2408",11.1539925215766,56.9228662876412,18.2108565466478,4.47153619024903,84.7886760253459,44.0928741591051,15.291997930035,0.00497398719837724,0.01,0.01
"2409",0.422902288846672,3.46067186910659,65.7669470878318,82.2937664808705,52.8914922848344,91.5484288241714,14.3646038603038,0.948993623150159,0.01,0.01
"2410",47.6208800217137,8.2382429856807,98.829983943142,42.7817694609985,75.0510471174493,52.4098430993035,40.0231176288798,0.013881331210346,0.01,0.01
"2411",8.75973352231085,43.8538134098053,61.2949988106266,76.636692113243,25.1357211731374,51.9403416663408,29.400648525916,0.85341182764765,0.01,0.01
"2412",30.9336524456739,69.5931625319645,45.7604325609282,80.5919312406331,77.315783360973,78.8516939617693,42.5064681097865,0.0239582274117804,0.01,0.01
"2413",44.5433626417071,58.4133813623339,24.3336008861661,34.9094212753698,2.81581273302436,65.6192879425362,92.896511242725,89.9021386661894,0.01,0.01
"2414",54.1222624946386,83.0326982308179,38.6898870347068,11.8978075683117,95.8813413511962,23.9894081139937,94.0306736854836,0.00130565092261368,0.01,0.01
"2415",70.4793849028647,44.4661740446463,11.9768179720268,15.4738219222054,30.8654815191403,42.7527404623106,50.5616300273687,0.00994232108630231,0.01,0.01
"2416",39.3470520386472,74.013422918506,79.5221460750327,84.6090631559491,18.8209282234311,89.1032414743677,78.0253760283813,0.0573650820311597,0.01,0.01
"2417",4.15981167461723,58.4276551846415,24.4292301824316,48.4021640149876,44.2236899863929,26.3433513697237,52.8380943927914,0.0203280893399377,0.01,0.01
"2418",64.9903786135837,87.9509843187407,78.7052353378385,17.8130735177547,86.4309321623296,99.7374571859837,62.6721621723846,0.00323669875312996,0.01,0.01
"2419",71.2303905049339,4.75939551834017,97.3650304600596,29.7701896866783,55.3355112439021,79.3577793519944,15.1242401450872,0.316151301416631,0.01,0.01
"2420",55.5654484778643,51.7234118422493,9.47524022776634,51.4340098947287,71.4567622868344,78.6800717003644,93.3073511580005,0.00763221947334309,0.02,0.01
"2421",38.1368103437126,35.0964557146654,53.0611806316301,9.4696391839534,74.3476388975978,55.8722072746605,65.7438451889902,0.00190813453527052,0.01,0.01
"2422",20.8043657010421,94.0016040345654,64.5401859190315,75.9920238982886,70.9787631873041,42.0013019349426,99.6128796599805,0.0106403798673485,0.01,0.01
"2423",86.8253247346729,65.0756812654436,56.4571768278256,37.8151630982757,69.2875295644626,45.4194486374035,36.9192705256864,0.0143915582312377,0.01,0.01
"2424",91.8240981874987,3.10105653479695,86.7262041661888,99.3251914624125,86.1532685812563,21.7998602194712,47.7319629862905,0.0235149125131239,0.01,0.01
"2425",54.4963249703869,13.3240489056334,99.4818189181387,11.2046985188499,96.2563880719244,83.074038149789,93.3411302277818,0.00123328920291111,0.01,0.01
"2426",28.7188161397353,78.3666716190055,22.56950144656,73.4795360360295,92.7101828157902,0.571356015279889,24.7692815260962,0.0278223086197624,0.01,NA
"2427",27.1791944280267,4.22479619737715,77.7245869627222,8.76615287270397,93.1220711674541,96.1298768874258,25.4839215194806,0.00355166930108567,0.01,0.01
"2428",62.9000764805824,26.1885791784152,65.5388646060601,84.8001123405993,71.68536526151,91.6699250228703,40.5980640091002,0.0284345663958052,0.01,0.01
"2429",92.8147906903177,62.6942753093317,28.8475705543533,64.454304985702,62.3465646291152,58.04286764469,85.2100739255548,0.0119913072288224,0.01,0.01
"2430",22.6440889295191,56.5699823899195,73.0761800194159,11.0314647201449,72.984800580889,30.7335567194968,16.6012064553797,0.0136728543637559,0.01,0.01
"2431",21.0558659164235,86.332478444092,98.4879293479025,4.8540972173214,69.2386871902272,55.9980073012412,22.7601424790919,0.00306114577828273,0.01,0.01
"2432",88.5284422896802,84.8818966420367,3.71617905329913,2.55648626480252,23.434474109672,34.619205002673,91.4494271622971,0.00118088807351752,0.01,0.01
"2433",30.258199525997,56.2196536688134,51.384675106965,18.9269013702869,20.1401222264394,83.175431843847,62.7944455016404,0.0184727214722442,0.01,0.01
"2434",96.4438658673316,4.71874370705336,91.8158130021766,29.4104768428952,4.44420247804374,57.9077422618866,90.6151409493759,31.4592741649761,0.01,0.01
"2435",31.5195812145248,64.0662896679714,87.2826864942908,17.2286162851378,84.8139032721519,66.1102658137679,90.4384745284915,0.00222132783084506,0.01,0.01
"2436",94.6675931103528,27.8162349015474,80.8062395546585,83.5226954426616,69.0504896221682,37.6065459800884,60.030704527162,0.0198130921746892,0.01,0.01
"2437",13.4199053049088,18.9426517579705,12.3194965301082,16.7769377119839,60.2370564825833,58.8163305539638,47.9970437241718,0.0056838369416127,0.01,0.01
"2438",99.1265336750075,21.7675471445546,69.5142571814358,66.9171060435474,91.0233760252595,2.37809866666794,49.9901910079643,0.0142649664099781,0.01,0.01
"2439",43.2864922098815,45.0521500082687,82.4102142592892,59.9194018403068,39.5070234080777,91.6687475517392,27.7341687586159,0.0690734217400489,0.01,0.01
"2440",84.6131099620834,5.36484809126705,80.8790331706405,29.2552809696645,75.4011903423816,44.2930553806946,8.74880636110902,1.5138200330882,0.01,0.01
"2441",3.33253240678459,38.0611113738269,97.8735135635361,72.3525563953444,17.0674975030124,52.0631721243262,15.2650245698169,88.8068265112413,0.01,0.01
"2442",58.30608822871,61.6223095683381,87.8729468444362,1.22699330095202,4.67988636810333,39.9795085191727,46.9509901478887,145.764395574593,0.01,0.01
"2443",78.7008957471699,74.1557610221207,55.5905319284648,71.7964617302641,27.270672749728,23.7930952571332,12.9116663942114,36.9468821406048,0.01,0.01
"2444",3.16928739193827,52.2460079053417,88.9649226563051,55.4246263578534,95.6268965732306,88.608903833665,31.4800731372088,0.0178428977286952,0.01,0.01
"2445",85.7758085709065,65.2656750287861,82.5542221777141,57.7277436852455,87.2419876744971,39.6296103484929,89.7676704451442,0.0072889132832076,0.01,0.01
"2446",36.5104165393859,51.7032135045156,19.0116512589157,99.0302147809416,0.60391582082957,96.1733418516815,92.9377199616283,644.640301334216,0.01,0.01
"2447",86.6367111448199,29.7830172348768,0.265297968871891,71.1893431842327,29.8660338157788,77.4326025741175,64.3284571357071,0.0364923119898731,0.01,0.01
"2448",63.0504539469257,31.7307168850675,13.7043567374349,62.7360623329878,24.8208442470059,56.8647372536361,82.8729915665463,0.0301362975544275,0.01,0.01
"2449",54.9988678190857,65.9490214427933,42.9645522963256,86.3073317101225,2.0587048958987,9.05967701692134,43.3274386217818,457.389514847777,0.02,0.02
"2450",4.14178750943393,70.1339654158801,46.7938812449574,39.7238997509703,42.3290396342054,24.9667673138902,21.9721796922386,0.169329094182976,0.01,0.01
"2451",30.9944219654426,93.9943375065923,44.0335027407855,33.8241952471435,12.5226352596655,29.3990295147523,96.0063206031919,0.0375573898138662,0.01,0.01
"2452",0.512745231389999,66.9093209085986,26.801145193167,76.5287077752873,77.722564782016,62.1392077999189,9.69192527700216,0.461489328496759,0.01,0.01
"2453",70.713092177175,97.2443637670949,51.6239897115156,74.9801941914484,58.2973007345572,75.9999784873798,66.4668332785368,0.0190632575566014,0.01,0.01
"2454",43.0132204666734,27.2005238570273,69.3322924198583,56.5452948911116,47.7598308818415,45.4170260345563,31.0771306045353,0.0373421378029921,0.01,0.01
"2455",12.8818515688181,63.6102442862466,40.1766289956868,73.2945142546669,98.4126517781988,51.4200450386852,56.3819751143456,0.0129782805989908,0.01,0.01
"2456",84.6568072214723,72.3080648342147,14.5543477963656,23.6727849580348,41.963788238354,39.4961570622399,91.0832178546116,0.00612607430847831,0.02,0.01
"2457",68.5284321894869,62.7623063512146,76.4657406369224,87.2275963658467,30.5799504974857,78.0804050620645,47.4202952813357,0.0594339266280071,0.01,0.01
"2458",40.5732535058632,90.3562522027642,5.24144251830876,41.3466461235657,33.9645549654961,89.1046146396548,99.2463282076642,0.0121435915052168,0.01,0.01
"2459",93.2546002557501,18.4206359321252,43.487992323935,39.8607170442119,8.31325212493539,42.5000409828499,53.1466983724385,17.7242131278625,0.01,0.01
"2460",58.9247205061838,28.6498664645478,55.2260556025431,9.50049415696412,73.4272408764809,85.3463258361444,50.3967510536313,0.00251717867632338,0.01,0.01
"2461",76.9834207603708,53.3372467849404,77.0361536415294,2.1539593115449,23.8303593359888,75.7150918710977,98.8104094285518,0.000905787548268195,0.01,0.01
"2462",80.6083669187501,19.5251242257655,64.8923139320686,54.880106006749,65.544494218193,68.5494449688122,61.8207484483719,0.0133259030531523,0.01,0.01
"2463",52.149046305567,6.76432852633297,91.2140893051401,27.810938260518,47.7514766389504,61.2633474171162,29.8631444340572,0.0199379383464766,0.01,0.01
"2464",53.5065771080554,64.874172070995,20.7504491787404,18.8810585299507,64.6153094479814,60.9067800221965,87.6276356400922,0.00329704368619959,0.01,0.01
"2465",20.3904495108873,91.0118525149301,79.9427597317845,1.61632115487009,56.1902849702165,24.2141205817461,17.0185468625277,0.0795601924850961,0.01,0.01
"2466",90.1623293058947,54.9097244394943,61.4947712281719,11.2621721345931,71.9637615140527,84.3803852563724,50.8269353071228,0.00301945339493358,0.01,0.01
"2467",31.550418981351,61.0359214246273,45.790832885541,79.8523057484999,87.4869025545195,21.7213303782046,83.9331521652639,0.010744725156047,0.01,0.01
"2468",8.715979475528,96.6138012707233,14.6450053201988,7.73605853319168,24.2625856772065,33.1100275041535,92.0898929936811,0.00342616942387943,0.01,0.01
"2469",57.8496953472495,69.6830818895251,69.4297805195674,56.8707073573023,70.4412101767957,14.8163845064119,56.3181915553287,0.014081549666614,0.01,0.01
"2470",80.5430917767808,47.713225777261,7.08389193750918,61.4775771740824,92.7095014136285,99.4213922414929,26.301474426873,0.0242882517243634,0.01,0.01
"2471",18.8395770965144,71.2295165518299,32.4316834332421,64.3098348984495,17.2420598333701,26.6780499136075,35.5942307272926,3.39063598089595,0.01,0.01
"2472",78.8922649808228,93.2339087128639,60.8342448947951,2.35446249134839,94.6247208397835,14.1263045370579,20.4331775894389,0.00116509645793223,0.01,0.01
"2473",65.2324292110279,68.8601861009374,70.9613500861451,37.5122083583847,54.7785089351237,54.1514254640788,97.5888707209378,0.00694552525434665,0.01,0.01
"2474",4.18535210192204,0.488638714887202,24.8593298951164,16.4678628789261,86.1827264772728,83.1667080055922,32.0567681221291,0.0057578073501305,0.01,0.01
"2475",41.2662608316168,95.7448127912357,81.0889009851962,24.6030996320769,71.1518083699048,54.1682073846459,87.501516379416,0.00390685821217735,0.01,0.01
"2476",52.5009150151163,95.477922889404,48.7119076773524,20.4736860701814,73.5702367732301,14.7940121591091,64.3522197147831,0.00425764149765764,0.01,0.01
"2477",52.7902659028769,92.6110120257363,49.8998154653236,64.9871938629076,52.4870582390577,38.6411580489948,4.41449442878366,76.9782920050303,0.01,0.01
"2478",31.7299801856279,86.7199214175344,6.74017700366676,63.5842086980119,98.213395732455,7.71375347394496,67.7618156885728,0.0094133546274865,0.01,0.01
"2479",55.8539822464809,33.9411961846054,73.3975362963974,54.7459340421483,12.9123888444155,93.5538246529177,43.4022025205195,4.31986659880635,0.01,0.01
"2480",56.0943586053327,47.3342511802912,55.5964547675103,84.8771638004109,21.6203466523439,28.2250956865028,60.4800043161958,0.0673171970198414,0.01,0.01
"2481",83.5792213212699,57.3123718844727,85.449647763744,52.710977406241,80.2325875032693,17.1931666089222,83.8979188352823,0.00773528878945646,0.01,0.01
"2482",35.1196755422279,22.7803890826181,0.955493422225118,7.18226504977793,30.9762875782326,9.76480033714324,81.2511710682884,0.00281859198105356,0.01,0.01
"2483",74.4241787819192,21.8789500417188,43.5794229852036,91.9618875952438,36.7112882435322,34.4800131395459,5.44504686258733,135.059779982999,0.01,0.01
"2484",78.973118471913,32.3239677585661,43.2815785054117,48.157818405889,99.297910137102,54.0186590980738,71.590955206193,0.00668019900844989,0.01,0.01
"2485",82.8720357269049,59.9599655484781,92.2328201821074,70.9605949698016,64.9733426980674,96.2468038778752,95.268787862733,0.0113440378406444,0.01,0.01
"2486",25.3630409250036,11.8460374884307,10.4157282738015,71.2554585421458,65.2009693672881,69.7258499218151,83.246338320896,0.0129708318189342,0.01,0.01
"2487",19.8805736843497,80.6500359205529,5.00126371625811,41.5723187848926,86.5136746317148,90.9743000287563,20.0693705584854,0.0228242163923271,0.01,0.01
"2488",57.7852512942627,4.99883014708757,40.7919303048402,98.9457821939141,6.79429790470749,72.3668848630041,71.6986685292795,13.2825169852737,0.01,0.01
"2489",0.559982052072883,74.212723900564,34.2164336005226,17.782544833608,42.9989444091916,35.7634577900171,53.6945977481082,0.00756166133398228,0.01,0.01
"2490",46.4941015001386,55.8439292944968,80.7835193583742,74.1096428362653,1.04934806004167,53.0151067534462,66.9826025608927,605.64390367619,0.01,0.01
"2491",27.1024549845606,47.6454092655331,59.9438506411389,53.1216859351844,77.5415307609364,60.9363646246493,89.1019725939259,0.00760266678555306,0.01,0.01
"2492",63.2805646397173,58.1465742783621,56.2144782859832,42.2975808614865,77.4768878472969,39.2335254698992,88.1627296796069,0.00612229705807905,0.01,0.01
"2493",67.2633538488299,21.4364730520174,32.8264417592436,33.7798337452114,1.35484617203474,34.1775422915816,74.0659512812272,510.667796098286,0.01,0.01
"2494",62.1280967723578,7.84217612817883,44.1827723290771,85.1269372273237,8.74979221262038,72.4901139736176,55.0080387620255,12.3585494101928,0.01,0.01
"2495",38.248782325536,8.07582014240324,85.6216555461287,74.5283335912973,11.8676643352956,61.9131742510945,70.1388021931052,0.530583602078867,0.01,0.01
"2496",66.9624827802181,76.1332216672599,90.9443984506652,89.8380167782307,34.733876795508,15.2577554574236,49.4045537430793,0.0513749676069787,0.01,0.01
"2497",23.8717030733824,54.7248876886442,62.4766249209642,71.7294686706737,90.9858098486438,47.5894042290747,4.23976723104715,11.6748619402362,0.01,0.01
"2498",91.8442395748571,50.3429813077673,27.0968097494915,71.2249963078648,29.9054401926696,84.9117296980694,78.2967896433547,0.030034394406287,0.01,0.01
"2499",69.0689743030816,25.5571823334321,33.2650910364464,43.5080813011155,60.4610854759812,45.1026164926589,48.4091744758189,0.0145625687790308,0.01,0.01
"2500",95.8050266141072,97.9081571800634,1.54838743619621,71.5672553516924,12.7430621068925,29.7529773553833,44.5599732920527,4.82913353430865,0.01,0.01
"2501",39.5328273298219,79.4053904945031,83.9117922820151,37.8672678023577,81.4809119096026,83.4262252785265,40.9291228279471,0.011083218449701,0.01,0.01
"2502",96.903045126237,1.37812574394047,89.0004960354418,58.6317947832868,4.56777396611869,77.164331660606,12.0009528938681,759.181870766012,0.01,0.01
"2503",82.7013663714752,94.140860834159,23.3988202176988,43.189457571134,65.303489472717,88.2581661688164,56.4841070445254,0.0115049913811677,0.02,0.01
"2504",20.7029759418219,80.1391076063737,25.3069258993492,68.3607502141967,14.9042949546129,25.4556501051411,67.8868945222348,0.135463530483929,0.01,0.01
"2505",51.0154561139643,84.1592414770275,5.19221273716539,46.0502474801615,53.7709441734478,55.2112587494776,75.1882924931124,0.0112406082805047,0.02,0.01
"2506",22.7299127727747,43.3836011914536,36.6094854194671,14.4396526971832,83.6539937416092,17.9018868133426,81.18338692002,0.00209982665613896,0.01,0.01
"2507",59.5323696732521,56.0441015521064,36.9733978528529,30.4478269303218,79.2854220373556,61.5368019556627,36.1121448688209,0.0103472879225205,0.01,0.01
"2508",46.4178135152906,33.5533484583721,65.8724416978657,15.9023633925244,87.3158472357318,17.7321040770039,45.4023330006748,0.00392291010018858,0.01,0.01
"2509",2.39514079876244,68.068690598011,49.2304059211165,37.7330652205274,58.1887946929783,93.2784671196714,35.2718908572569,0.0178786395707488,0.01,0.01
"2510",44.9249121826142,77.7887378586456,22.8047967888415,38.0994309205562,46.3717377278954,86.4283849718049,91.3916049757972,0.00889255152538001,0.02,0.01
"2511",39.8514573927969,0.784240383654833,32.392158312723,0.0794001622125506,67.3014172585681,66.9775676680729,67.2766954172403,1.72750252876057e-05,0.01,0.01
"2512",98.6142525915056,82.8238723333925,33.6915197316557,90.4925459297374,6.34790847543627,15.2200367068872,15.5435638967901,626.371995384291,0.01,0.01
"2513",31.2826625769958,42.059267940931,49.6792706660926,7.49109676107764,21.7951304046437,5.31158456578851,98.3542726607993,0.00346920043261197,0.01,0.01
"2514",82.1859769755974,86.2035850295797,97.1959192771465,28.0853997915983,8.25918833725154,23.0777732562274,16.4638717658818,362.667630319496,0.01,0.01
"2515",6.92210663110018,17.8832818521187,65.1041292352602,52.7925725327805,70.2074298635125,63.7843529926613,19.8018145048991,0.0370709962128477,0.01,0.01
"2516",86.0020738560706,6.6149780061096,48.3222999377176,46.6031897580251,53.6851157899946,0.016527296975255,18.9237166196108,0.0797428108907359,0.01,NA
"2517",66.713622584939,37.6372189261019,63.1311373319477,98.4838969539851,15.7514966325834,47.3124505952001,40.0799619033933,2.48621475154688,0.01,0.01
"2518",44.4332061568275,91.4769650436938,56.9994627963752,60.3202869184315,73.358259932138,94.7335528209805,17.6995866233483,0.0454115657447613,0.01,0.01
"2519",18.2427930645645,16.5561899309978,26.9696090603247,81.2306470470503,50.4101985134184,0.785435154102743,90.0467227911577,0.0179138313515783,0.01,NA
"2520",55.7946414453909,72.4851658800617,29.2336602695286,59.4132998026907,68.2524783769622,30.5516238557175,65.7350059831515,0.0130432818719871,0.01,0.01
"2521",61.7326943203807,31.3460155157372,54.1132539045066,95.4141909489408,10.6061776634306,84.5656721619889,93.2917063357309,0.161079090179059,0.01,0.01
"2522",59.9377915496007,40.8107030438259,27.9882885050029,71.9192849239334,53.1966733979061,94.0973859513178,65.6276555033401,0.0202904642137696,0.01,0.01
"2523",50.7824049098417,27.286926121451,25.4044561646879,33.3687878446653,35.172860766761,0.257766176946461,41.5848990203813,0.0454900723854494,0.01,NA
"2524",15.5866565182805,77.4527478031814,28.5517748212442,80.2025078097358,30.3166214143857,37.3545619426295,25.005075102672,0.708849996868194,0.01,0.01
"2525",31.1462663346902,19.2385322181508,30.4564397782087,78.7340103648603,8.90893389005214,30.593256209977,5.34676946699619,776.025855571393,0.01,0.01
"2526",68.0549258599058,72.6482643513009,68.7388212420046,46.0897719021887,98.8607710460201,95.2084242366254,0.818022270686924,177.560053091671,0.01,0.01
"2527",4.01882929727435,90.9459269838408,68.7501831678674,20.3235982218757,93.4388188645244,54.328845301643,14.5344431279227,0.0147815459582076,0.01,0.01
"2528",29.7697828849778,63.9706596033648,29.8516460694373,46.2666689883918,39.1047227429226,73.3842885354534,35.5924827046692,0.03322196481991,0.01,0.01
"2529",2.13305447250605,59.1567720286548,95.1841111062095,36.1426373012364,37.0393503224477,8.43983252998441,60.7743529137224,0.0157868176480304,0.01,0.01
"2530",33.3613348891959,97.0536472043023,59.2183575732633,74.0637653972954,27.7959780069068,8.25131128076464,86.6797351744026,0.0303840735958451,0.01,0.01
"2531",35.2474834304303,31.209679832682,52.9364772839472,76.7539852531627,9.88238626159728,94.11366651766,88.0020130192861,0.300459466317223,0.01,0.01
"2532",61.104105738923,7.08818919956684,78.8913804339245,10.2177772670984,17.5487917847931,46.8554387800395,99.915662733838,0.00583743964298753,0.01,0.01
"2533",15.5712441774085,97.5338255055249,36.8351399898529,51.5110030304641,91.8312674853951,27.4084707722068,90.0141107384115,0.0061626771870564,0.01,0.01
"2534",49.4237003382295,64.3763220636174,5.04464169498533,13.126108283177,50.3391073318198,93.8863089308143,37.9239953355864,0.006703609652104,0.01,0.01
"2535",42.0944721670821,30.2985665155575,10.3941379114985,19.6152525488287,39.2208969220519,35.8835500199348,60.6809202581644,0.00810815219962063,0.01,0.01
"2536",45.8102124277502,77.4730358738452,68.9466951414943,64.8860912770033,52.1724477875978,4.69102757051587,73.0672939680517,0.0167781378291727,0.01,0.01
"2537",3.22909695096314,0.298874243162572,47.9834289755672,25.3954315790907,12.8976450534537,92.5810424843803,85.5319623602554,0.815238381261125,0.01,0.01
"2538",18.315434968099,91.5422236779705,79.3856830336154,41.437549632974,70.3070551156998,28.9779423503205,21.6893094126135,0.0262042058486514,0.01,0.01
"2539",77.687748009339,88.1415917072445,60.4605933418497,8.19370248354971,6.3111845869571,34.1498280176893,34.8017888376489,146.507739671432,0.01,0.01
"2540",87.0299809146672,97.761964914389,19.8077055625618,14.5380354020745,15.2901844587177,28.488708846271,32.7523238025606,9.04052759219794,0.01,0.01
"2541",28.9680256042629,85.4589284164831,92.6338802091777,34.5224520890042,64.9355741450563,61.5593853173777,16.6044299257919,0.0455123943294619,0.01,0.01
"2542",43.5801156796515,83.62112629693,66.5370207745582,91.4540970232338,34.4936918001622,22.037043236196,36.5399272879586,0.0756761926514405,0.01,0.01
"2543",63.6413453612477,46.3716717204079,33.4950221469626,47.6957792416215,87.9220891278237,69.9314125347883,48.5203308984637,0.0109540502855192,0.01,0.01
"2544",72.223666892387,45.1380691723898,29.9153035506606,50.6607672898099,23.3294321456924,71.4226100826636,82.515367353335,0.0260068016926077,0.01,0.01
"2545",18.7025894178078,93.1952150538564,59.2664916301146,57.4428819352761,61.6787895094603,10.0921085802838,71.7519007623196,0.0127981320191722,0.01,0.01
"2546",96.48109190166,97.271343623288,42.8571169963107,19.9986082501709,95.4186916118488,65.982527914457,86.7643955396488,0.00238799742902102,0.01,0.01
"2547",97.1362218027934,80.4988979129121,58.6398476269096,36.9705121265724,76.4232917688787,21.7432751320302,62.0975909056142,0.0076657599012024,0.01,0.01
"2548",9.52242356725037,72.08184923511,80.3617366589606,95.4657175811008,90.2532448293641,14.8590283934027,74.1590148303658,0.0140683429200427,0.01,0.01
"2549",75.8396464865655,89.840154000558,69.9372856412083,79.2505126213655,94.817263726145,93.6395836062729,75.2871912438422,0.010955843085873,0.01,0.01
"2550",84.7163882339373,43.4611397329718,77.2153932601213,66.900363820605,9.58517424296588,0.322796450927854,98.9909090800211,0.130064048671548,0.02,NA
"2551",67.8655120776966,59.7941396990791,85.604123189114,37.0687509188429,75.2703626640141,77.807691693306,42.7311073988676,0.0112605478604905,0.01,0.01
"2552",99.9355252832174,67.3719308106229,69.7171706007794,77.4190083611757,47.2259952919558,1.60658594686538,20.0882517034188,54.9440967105357,0.01,0.02
"2553",55.3088703658432,1.85949762817472,33.5851840674877,4.57666907459497,64.9651783984154,82.3919258080423,64.7967700148001,0.00106973078930522,0.01,0.01
"2554",10.8587297378108,34.1312447795644,9.49413392227143,87.0444011874497,96.7024458106607,15.8767506480217,91.289683827199,0.00975097068958163,0.01,0.01
"2555",7.96932640951127,54.7997357556596,56.1634783865884,54.5595631469041,83.1731636309996,95.4624954611063,1.61037663929164,128.920386873535,0.01,0.01
"2556",52.1131510613486,26.6405472997576,24.83672616072,0.648495508357882,2.02432065270841,67.9846888640895,82.722338126041,231.460476163763,0.01,0.01
"2557",20.1997106196359,57.8578464221209,23.7487106816843,26.4059973880649,84.3857973115519,7.82140190713108,53.3642673864961,0.00575390620876534,0.01,0.01
"2558",38.1346102338284,25.0518091255799,42.1249503269792,35.5717890895903,80.2599811227992,14.2261415254325,81.6985800396651,0.00535628432155096,0.01,0.01
"2559",11.6539976326749,67.7378698252141,50.1106599578634,82.3199646547437,26.8147248076275,91.2986774230376,86.0178545117378,0.0352789494708225,0.01,0.01
"2560",6.33187263738364,9.90226748399436,27.6228839531541,95.0578299583867,29.9236396560445,90.7819725573063,89.3159962492064,0.0351700128570001,0.01,0.01
"2561",79.2594350641593,8.31065333914012,28.0682364245877,87.3387288535014,86.8715750286356,51.5461186179891,47.7213225560263,0.0206277190538108,0.01,0.01
"2562",65.1835686527193,90.4280230868608,45.0773343909532,37.9722773563117,48.1190859572962,80.1538361934945,29.753146506846,0.0261679118202319,0.01,0.01
"2563",74.9457934405655,49.0689986618236,51.8243565456942,11.8848295882344,24.6391046792269,40.4034901876003,93.6244563898072,0.00509764716785282,0.01,0.01
"2564",76.9438402727246,97.1337343100458,33.9408239116892,60.3757708333433,11.4211295032874,48.232714436017,70.7397604361176,0.464463071910419,0.01,0.01
"2565",35.8007302042097,47.7581152925268,80.5151377106085,83.0664311069995,96.4867320144549,49.5895902859047,80.9067585272714,0.0105091029840091,0.01,0.01
"2566",96.1661622161046,36.497987085022,70.5937216058373,73.1054821051657,71.0880684899166,48.2343513518572,22.580426116474,0.0436982379409252,0.01,0.01
"2567",45.3916354104877,39.2109413165599,72.6476671406999,96.1857893969864,3.95620891358703,97.134423465468,69.1690456587821,76.0101663244251,0.01,0.01
"2568",46.1696642683819,61.9622145080939,3.19143012166023,97.5511415861547,90.3639919124544,34.7157425712794,98.9753344561905,0.0107975213230642,0.01,0.01
"2569",86.3974601728842,83.1060337135568,96.0701938252896,15.7913339557126,48.9535117754713,10.6782333226874,43.2202169671655,0.00729377246843946,0.01,0.01
"2570",83.4628516342491,52.9788626590744,91.542883682996,64.9351817322895,90.4507622355595,9.53712463378906,87.6355051761493,0.00809166017526257,0.01,0.01
"2571",26.0616723215207,60.7939739013091,87.2284244513139,82.8293469501659,47.4201453151181,40.7662733457983,58.3044197643176,0.0294496629664207,0.01,0.01
"2572",86.2263320479542,90.0235562585294,40.1451824465767,43.8396867597476,65.8074179198593,81.5357410116121,33.6125999689102,0.0192465100562833,0.01,0.01
"2573",87.5224088551477,63.2051668129861,27.0385295618325,7.23785541485995,65.1217251783237,43.9649449894205,33.9025706285611,0.00318469931444279,0.01,0.01
"2574",82.867435971275,94.9490590719506,90.7087135827169,67.9251618916169,3.79670755937696,33.0157120712101,29.6980452956632,424.851379104363,0.01,0.01
"2575",94.6366855176166,37.2840686468408,62.4731711810455,20.3379517421126,37.0940504595637,3.16419694572687,86.9811108335853,0.00621880896297623,0.01,0.01
"2576",47.2701382357627,97.1777305239812,35.548257920891,32.494166190736,41.9222730444744,61.7810862837359,59.3564375536516,0.0128418193967259,0.01,0.01
"2577",70.2074703294784,57.7633250039071,60.3790768422186,42.959083430469,30.306781292893,61.7079325485975,42.0603813137859,0.0361091270549686,0.01,0.01
"2578",55.6305753532797,42.3150717047974,2.99348474945873,67.2730731545016,31.9144094130024,92.7794317249209,86.0125497216359,0.0242254362522682,0.01,0.01
"2579",90.0821852264926,28.803936438635,70.5638959538192,0.882593519054353,48.2504172483459,60.8967504231259,74.3152920389548,0.000242816214058126,0.01,0.01
"2580",14.2121781595051,68.125384603627,97.0648697577417,58.8842832716182,11.3630815176293,40.0546764256433,55.0158094614744,2.79252203091699,0.01,0.01
"2581",76.9653032068163,1.37801384553313,87.7459870884195,12.2744147898629,62.3299017548561,61.415134742856,89.1985562862828,0.00217436951003358,0.01,0.01
"2582",48.1918396195397,26.2024102732539,40.5159262707457,26.1851747520268,56.3998404890299,75.3417443018407,56.7862760042772,0.0080337639734869,0.01,0.01
"2583",84.2117738677189,56.6065962659195,42.6987832877785,98.809605720453,6.99087411630899,65.4012324055657,6.0018353164196,702.826985493878,0.01,0.01
"2584",97.4935101810843,8.76223386730999,43.1003145640716,40.2449778281152,4.5820681611076,18.4859617613256,28.5438423743472,495.289946214933,0.01,0.01
"2585",9.96641926467419,78.0774354934692,21.8098448822275,76.2517772847787,73.7373813521117,0.972526567056775,7.31353454757482,0.251735665139979,0.05,NA
"2586",55.1440605195239,92.8409904474393,46.322598005645,69.4258159259334,13.2382821524516,40.6947724986821,74.5284785749391,0.139370303792593,0.01,0.01
"2587",38.0534060066566,79.3249361915514,19.0718897618353,29.9543357919902,92.3589302459732,33.9894346892834,74.2308165179566,0.00431084651326306,0.01,0.01
"2588",30.6128542637452,69.4972665980458,51.5510370023549,64.8449910571799,6.23312422540039,98.2692103600129,6.2792677199468,705.343577711062,0.01,0.01
"2589",34.0387518750504,15.6901345588267,22.4554667016491,31.6543033113703,80.5751671316102,29.0857654996216,84.6449286909774,0.00458564818605199,0.01,0.01
"2590",29.002141719684,78.5647969460115,27.7016907231882,88.9721441548318,10.573837091215,67.0263784006238,1.54356453567743,840.682172174385,0.01,0.01
"2591",27.7241609059274,67.1219704905525,90.4812922468409,16.7824595468119,12.454517534934,70.6606683786958,29.6271451516077,28.1155113485019,0.01,0.01
"2592",31.7003249423578,33.8014810346067,91.3743737153709,71.2955955183133,2.22506185527891,57.9633576096967,1.16017360705882,893.450323816405,0.04,0.04
"2593",62.6821469981223,31.6467898664996,6.81778318248689,87.9904183093458,21.9639103859663,78.107854584232,71.4203398441896,0.0555164120077579,0.01,0.01
"2594",68.8643109751865,74.8642149847001,24.8189675156027,83.0661401152611,10.7195603661239,93.1716905906796,3.03969718515873,707.958839597027,0.01,0.01
"2595",55.7611219119281,82.4951672693714,86.6735299117863,62.5347977038473,57.0929247885942,63.4169960161671,55.8358341921121,0.0192703497774704,0.01,0.01
"2596",16.2914757849649,2.76893577538431,54.9033327726647,73.7240343820304,64.5589412655681,56.8627485074103,28.9348398102447,0.0381294166719207,0.01,0.01
"2597",98.6501262523234,62.0392450597137,14.9956643814221,15.5087986961007,2.34196097590029,91.5142435813323,68.771454738453,226.348159552649,0.01,0.01
"2598",5.82377312239259,46.0931064095348,23.3990570530295,95.8595018135384,6.58265913370997,78.9932691724971,18.6797304078937,334.49590680462,0.01,0.01
"2599",73.8371242769063,54.4929998461157,96.038738405332,89.0410576015711,4.09080251120031,78.8271534955129,91.7900837026536,28.2632911155016,0.01,0.01
"2600",90.7334008486941,2.96561932191253,41.3850035751238,17.1742402482778,97.7657078765333,63.8457924360409,30.8677603723481,0.00550612270734604,0.01,0.01
"2601",70.5358502920717,73.098429152742,58.2828789483756,90.8734807511792,71.6395618626848,54.4306586962193,79.4946185080335,0.015757672202826,0.01,0.01
"2602",79.5457478845492,8.40169528964907,58.8939613196999,2.67976766917855,77.8724072966725,75.325541337952,38.304943870753,0.000875348604338734,0.01,0.01
"2603",74.3114104494452,53.6296531558037,24.9551065731794,79.2583212023601,96.8435734743252,56.261825398542,6.47182282991707,1.08611432275634,0.01,0.01
"2604",49.5396735845134,1.35362239088863,75.7853764109313,36.1929054837674,39.20175479725,8.40101609937847,20.2314900700003,33.4342033750417,0.01,0.01
"2605",45.0461416039616,38.4057050338015,36.7718898924068,14.4694243324921,45.0303744757548,94.1915431525558,8.48195573780686,17.3195189131617,0.01,0.01
"2606",43.958642357029,98.0169361457229,7.67071400769055,13.3554919157177,74.8576496494934,7.53558257129043,50.5357248941436,0.00346141164726192,0.01,0.01
"2607",57.0880096638575,68.5106466058642,47.5945907179266,33.6031428305432,20.2608627500013,38.1198478164151,63.8358004158363,0.02892296425825,0.01,0.01
"2608",12.8974598832428,0.177253247238696,3.68563404772431,94.8679669760168,7.44847746100277,73.9583152113482,98.0819089803845,44.8409480916202,0.01,0.01
"2609",55.3742839721963,52.0158251281828,1.39082584064454,0.314244581386447,57.7820601174608,85.7497876510024,61.9992306921631,8.63653054817654e-05,3.21,0.01
"2610",65.4213616158813,72.4253735505044,43.6400735285133,37.0195946888998,24.4147481629625,48.5248355194926,12.0422266656533,54.3047220388891,0.01,0.01
"2611",49.4290347676724,73.8181702094153,32.3011358035728,54.9327709712088,0.538232689723372,8.51244125515223,12.6158274477348,807.154324001057,0.13,0.12
"2612",18.9249242655933,24.3202404119074,36.7049246095121,25.6065207533538,91.9192105764523,40.5773123959079,31.3128764973953,0.00861958484317104,0.01,0.01
"2613",42.1605554409325,57.3135926853865,79.72882760223,81.3262594863772,26.8751856638119,30.4740581661463,3.00418792758137,450.396259092578,0.01,0.01
"2614",94.7755933273584,31.556828529574,19.2286523757502,48.7919221632183,44.6162650827318,5.55707518942654,71.5824377024546,0.0150586884258278,0.01,0.01
"2615",38.9172217343003,37.9368690075353,2.85737421363592,86.8559000082314,55.4379987064749,80.637767049484,98.8377683330327,0.0156923510189737,0.02,0.01
"2616",5.13300546444952,5.36849887575954,3.20020108483732,18.0434547131881,88.7891440652311,68.4185547055677,15.7760388916358,0.0132317310374091,0.01,0.01
"2617",80.8263378217816,37.1496872976422,75.9235624689609,3.85959504637867,12.568881129846,71.668924880214,13.0023408215493,208.191344821916,0.01,0.01
"2618",51.8655094550923,89.2043440369889,43.4854898136109,65.7999321818352,87.7024262910709,28.1008038204163,12.9217072157189,0.0627226265727862,0.01,0.01
"2619",35.4294617194682,30.9953790623695,33.4358459804207,27.9669980052859,56.4125475240871,11.5973619511351,73.8487239927053,0.00662093533809266,0.01,0.01
"2620",5.83453136496246,78.1912322156131,53.2015400007367,3.74936410225928,55.2666686475277,42.8158750524744,11.3983942894265,1.62057386556303,0.01,0.01
"2621",80.4402417270467,7.8380907420069,13.2499866187572,28.6675211042166,3.52707225829363,14.9192816577852,16.9283075025305,536.833007037868,0.02,0.02
"2622",45.8893569651991,53.8614311954007,60.3348729200661,64.047389687039,15.7933016074821,27.3710081819445,94.0839955583215,0.0432881898755127,0.01,0.01
"2623",36.9474915554747,61.6711378330365,2.56071584299207,47.1055340254679,35.1010727230459,96.6698009287938,43.3343790005893,0.0305132146239515,0.01,0.01
"2624",70.542430318892,86.073311092332,57.5693227816373,94.4792203605175,66.3030771538615,58.295317622833,55.3663753671572,0.0252792085648432,0.01,0.01
"2625",51.4731153612956,22.5281226448715,45.5907384399325,95.1531250262633,44.3262369371951,61.258186143823,2.94268892612308,212.800686369757,0.01,0.01
"2626",46.2681450648233,36.0505532007664,12.685366650112,40.5467618023977,88.5313556529582,62.7844576491043,1.83405491989106,96.6996358175167,0.01,0.01
"2627",85.3091751923785,0.368443550541997,5.31812980771065,28.7773773772642,76.7747012432665,20.6369096413255,86.3856810843572,0.00422529826695036,0.01,NA
"2628",16.0962666850537,34.120619460009,35.3427369846031,87.2723512584344,9.22125391662121,89.7505579516292,47.1090968698263,15.7095338212242,0.01,0.01
"2629",21.8923521228135,19.3697239970788,27.6604785816744,52.4418865330517,39.3015711335465,72.7683693869039,2.74607203900814,275.373844846331,0.01,0.01
"2630",43.6596992425621,27.094087167643,61.4058522041887,95.5703649204224,89.6983359474689,53.2622950384393,71.8368969159201,0.0146252500865206,0.01,0.01
"2631",43.5880693374202,63.5793174849823,93.7983829760924,67.8497867891565,48.472417704761,71.9313578680158,36.0111093847081,0.0378423815421508,0.01,0.01
"2632",30.1430522231385,77.2505287081003,75.4603120498359,10.0330747896805,66.9402415631339,28.1690653879195,94.6672414196655,0.001566517080601,0.01,0.01
"2633",82.2999706491828,9.56681566312909,74.329780600965,48.873646883294,57.2632260387763,31.623316463083,67.9767138324678,0.0123624917974778,0.01,0.01
"2634",68.7468169722706,46.3058875408024,27.7478837873787,96.0725545184687,55.9141254518181,25.9511703392491,41.5623160777614,0.0403658204142585,0.01,0.01
"2635",59.7324660047889,14.6272491663694,95.2103418298066,10.2324390551075,54.1572780581191,0.439127464778721,51.8221283564344,0.0361428467653686,0.01,NA
"2636",75.205216393806,86.8968833936378,68.1908908067271,57.4776276247576,5.12622366659343,9.02853703591973,68.9744622912258,94.0868831176967,0.01,0.01
"2637",95.5789515050128,28.731980943121,35.1493904832751,10.6665440602228,79.8866996541619,7.66290086321533,89.9420305620879,0.0014669299574133,0.01,0.01
"2638",19.4051781669259,6.2790677882731,29.3213379802182,7.85027907695621,14.5928423851728,77.8826480498537,8.6970129981637,326.130309419831,0.01,0.01
"2639",17.6361445570365,83.0720039783046,19.7126384358853,22.6517074508592,75.826392066665,62.6243267208338,48.2924299081787,0.00606029189611444,0.01,0.01
"2640",90.3840745566413,65.2585283853114,80.7017673738301,23.1730686733499,20.5888862721622,21.2585443397984,34.3673901632428,1.35648632911734,0.01,0.01
"2641",10.0628633284941,54.3950329534709,30.8134266873822,19.1958258859813,54.6285236254334,70.693172304891,49.6322680963203,0.0069399611690088,0.01,0.01
"2642",58.3404826931655,39.3543552607298,29.5650233281776,86.0020343214273,55.3836336825043,46.3663046248257,4.18719646986574,74.0820990880195,0.01,0.01
"2643",79.6595820924267,49.0317042684183,58.1593692302704,28.0661566648632,65.8741139108315,51.16353307385,42.7061401074752,0.0097473358213789,0.01,0.01
"2644",18.8415820011869,8.21505559142679,68.5864497674629,93.4130379231647,8.3597494289279,33.886909391731,30.3122515790164,136.956237270709,0.01,0.01
"2645",44.1199865425006,92.6640509627759,30.759232561104,66.6420514229685,10.62462113332,26.3542830944061,19.6381641551852,172.314392571231,0.01,0.01
"2646",38.5277901776135,10.1588412187994,76.4186572981998,19.1464931936935,59.4847251661122,10.8546883100644,42.1097040642053,0.00744644994251381,0.01,0.01
"2647",82.0281272055581,31.089770514518,80.3396645002067,21.9615350477397,45.3789331950247,11.5166345844045,55.7196598500013,0.00852583052544151,0.01,0.01
"2648",30.4683659458533,53.5617157118395,65.9935938892886,23.8592376001179,67.7372360834852,95.5482919467613,29.3358948780224,0.0116123493063527,0.01,0.01
"2649",63.1297349464148,36.3460554508492,47.4897772306576,14.7360608913004,22.0796236768365,43.9171033678576,16.0358784720302,33.1327927936013,0.01,0.01
"2650",96.900060842745,58.2115218741819,34.213094972074,17.0451536308974,65.9991215914488,69.9747111881152,59.47183186654,0.00427065511309184,0.01,0.01
"2651",6.30123175214976,83.9508832897991,56.0046802507713,77.710333885625,61.9238560786471,8.78791566938162,80.4232100956142,0.0154077251791723,0.01,0.01
"2652",76.7586507136002,35.4026092914864,33.0688406014815,51.0709297610447,55.956704239361,90.1136481435969,56.5448143286631,0.0158598901699496,0.01,0.01
"2653",2.52687099855393,40.8124731387943,37.1847227681428,61.6733103524894,63.4223125642166,31.4259111415595,50.4687471780926,0.018891291755759,0.01,0.01
"2654",56.6710401792079,53.7335034226999,49.8235257808119,77.4545077700168,65.7814017962664,31.861607846804,47.0420685596764,0.0245060641804237,0.01,0.01
"2655",57.1109989890829,72.2256296081468,20.641920901835,65.2711461065337,3.08746434748173,80.0689819734544,45.5461495788768,279.876646656256,0.01,0.01
"2656",72.5840947357938,6.46754424087703,26.2731225928292,82.2306169429794,20.016532111913,14.4160841125995,86.7864842992276,0.0470423692060803,0.01,0.01
"2657",1.23464586213231,80.4736243095249,59.3089499743655,94.3165254313499,94.9523971881717,2.25270639639348,81.3516339985654,0.0120271067061134,0.01,0.01
"2658",29.4321812922135,50.9952790569514,19.1970178158954,94.9461365817115,36.5209802286699,17.3436407465488,34.1901711421087,0.0812207002936283,0.01,0.01
"2659",27.0758909871802,64.3980140332133,58.5166656645015,89.1650082776323,15.734190819785,99.5781196514145,20.3130860812962,42.1601580876715,0.01,0.01
"2660",74.4252796517685,22.6936237653717,44.6162698091939,13.5364082176238,65.2233263710514,80.9053249424323,71.5875579742715,0.00285888936503296,0.01,0.01
"2661",52.120056329295,64.4200504291803,16.9013167265803,96.2383826961741,82.8095801407471,39.6553352475166,87.115487549454,0.0131884831642481,0.01,0.01
"2662",36.647559190169,39.7994307568297,99.5497012743726,23.18033373449,34.1503510950133,46.7331405263394,32.4245496885851,0.0389437787295807,0.01,0.01
"2663",45.6401934381574,13.1685006665066,47.1368917729706,46.4484257623553,89.8268026299775,11.0384895466268,43.5815606731921,0.0115793017625484,0.01,0.01
"2664",90.6390720279887,54.2136835167184,46.6130781918764,98.4614624641836,56.0935639776289,29.016648279503,54.6979722101241,0.0315114569552333,0.01,0.01
"2665",84.6635126275942,45.4321583500132,11.2585683120415,53.5588154103607,12.0719892671332,41.7374436976388,43.8539413735271,6.70142462084893,0.01,0.01
"2666",79.2001189431176,21.7638794332743,24.6065818239003,84.3744967132807,9.33455494232476,2.26398091763258,6.12943512387574,281.630607434822,0.07,0.07
"2667",34.9988407455385,64.4778148736805,6.73586172051728,27.055217907764,71.6337558114901,18.8159167068079,74.307978223078,0.00501486752979362,0.01,0.01
"2668",18.9058112446219,88.9901207759976,51.7936091171578,70.2936219517142,54.7849007882178,38.9139968901873,2.27697375230491,210.396752432036,0.01,0.01
"2669",16.812748927623,48.6464527901262,16.9110393151641,29.5020357472822,65.139741753228,12.1039955178276,94.9724566889927,0.00471829884049418,0.01,0.01
"2670",44.4877536268905,49.7661234578118,84.2368080746382,28.124323906377,62.2402403037995,13.4375806432217,9.52787494752556,3.76913099100586,0.01,0.01
"2671",28.4632053226233,10.3056564927101,66.0375400912017,4.06635254621506,31.8552855169401,21.3704649824649,1.2961044209078,662.436411999818,0.01,0.01
"2672",25.8633389370516,34.7645720699802,42.2035783529282,9.11456374451518,71.804870874621,66.8142340611666,38.3372457232326,0.00322658539281679,0.01,0.01
"2673",25.8034159662202,35.454645450227,91.6133432416245,57.0053015835583,63.3917414816096,61.6984417429194,25.9448235388845,0.0334349602411647,0.01,0.01
"2674",51.982423546724,89.8641613777727,97.8257737122476,35.9060806687921,71.7256814008579,98.843117360957,78.4175058128312,0.00630311914514607,0.01,0.01
"2675",85.1974729448557,52.756718127057,41.4678449044004,67.5166462082416,73.9396121585742,83.1997555447742,32.1612904313952,0.0275351214306667,0.01,0.01
"2676",29.942423151806,92.6346277818084,97.0897205173969,16.5584336267784,66.1116049392149,19.7343649109825,12.5829182332382,0.278386470282776,0.01,0.01
"2677",64.9568626191467,50.9290526853874,28.9906058926135,69.6207855129614,71.1634000064805,60.5543071404099,39.9431122699752,0.0238936664703758,0.01,0.01
"2678",88.497414230369,36.7744116578251,32.2203770745546,50.8680267259479,62.9032752476633,60.4051509639248,11.0408053034917,0.792321584527405,0.01,0.01
"2679",73.9916453603655,22.9083754122257,61.3021828234196,91.5934513090178,51.7814690014347,35.4880021419376,6.76881440449506,27.7114166518325,0.01,0.01
"2680",57.2917117737234,3.9177460828796,64.4832402933389,94.1721158800647,46.3223013328388,89.2411739565432,96.2198340799659,0.0208989583538574,0.01,0.01
"2681",95.8079857751727,96.1860439740121,34.2633167747408,91.4553586160764,68.5868387110531,18.4456243412569,43.5751720331609,0.0299115687760028,0.01,0.01
"2682",75.1906767720357,37.9674781113863,25.9563303319737,93.0681687546894,54.6746231615543,83.4616280393675,45.5354852136225,0.0365778477252806,0.01,0.01
"2683",68.9336911542341,26.7788372933865,58.1601415295154,85.6558495899662,62.6415380043909,36.1854668473825,22.787985438481,0.0581787724317202,0.01,0.01
"2684",61.4861225476488,59.7944237058982,91.211048560217,44.5070474641398,24.9439122155309,34.6154147526249,26.658879336901,1.66757953824452,0.01,0.01
"2685",53.0543693341315,35.5466454988346,30.5604672292247,40.8595951972529,73.2748379465193,58.5229447577149,71.5274813119322,0.00768794129175053,0.01,0.01
"2686",77.501609432511,30.6578188203275,66.8352750362828,23.6137161031365,38.4632485453039,15.1166315190494,38.2567315129563,0.0166186877057808,0.01,0.01
"2687",13.5722026927397,16.5262313326821,78.3476595301181,19.2054097540677,51.9500795518979,13.5423899162561,83.8923035888001,0.00434915686102545,0.01,0.01
"2688",39.8030002368614,9.13129590917379,55.2267738152295,52.3853637045249,17.2136760316789,23.445038520731,77.930710487999,0.0440592663530908,0.01,0.01
"2689",28.3701146254316,15.707239205949,39.3829218577594,86.9997387286276,55.3003002889454,79.3968077283353,57.2166037512943,0.0270206260060317,0.01,0.01
"2690",84.0436066035181,78.3312096027657,9.77039400022477,59.5567577518523,54.5763727510348,59.8774195415899,2.00911138672382,222.387333416078,0.01,0.01
"2691",32.1068861056119,32.0480596506968,61.5946397650987,89.1650355421007,48.6086465185508,88.2229736307636,35.9624103410169,0.0496498409013423,0.01,0.01
"2692",27.617258974351,77.7575954794884,74.0977055393159,41.8325992766768,95.2087915036827,75.6502802949399,81.0559000819921,0.00535430688844792,0.01,0.01
"2693",91.1845841212198,98.3588672941551,19.2445312859491,17.5047316821292,32.4672907125205,90.7443083357066,85.3888106299564,0.00624125403973182,0.08,0.01
"2694",80.7164901867509,83.5669389693066,73.2610914856195,48.3647704590112,96.8645751709118,98.3378920238465,67.06620703917,0.00733525101770491,0.01,0.01
"2695",84.3007306335494,48.6929073464125,95.9955010097474,44.6259453427047,18.9719109097496,88.1712746573612,83.09132065624,0.0281414917517158,0.01,0.01
"2696",68.3264817809686,98.6732168588787,84.415897121653,76.4743788866326,99.4044306920841,89.0918294200674,28.7551772547886,0.0258542209522235,0.01,0.01
"2697",11.0084217740223,57.2104921331629,66.7000815970823,58.4643148584291,37.5539195723832,18.4320308966562,5.26194125413895,176.77084834891,0.01,0.01
"2698",29.6360022388399,38.7703984277323,19.742066366598,43.1750770658255,40.1008868357167,75.2898873528466,33.5309514775872,0.0326774111383637,0.01,0.01
"2699",28.0456961132586,15.6688544433564,5.91868448536843,28.6600117105991,5.06271948106587,80.236156261526,98.3221906702965,9.68154276699062,0.01,0.01
"2700",58.2459704950452,4.18755190912634,0.6511245155707,12.5693715643138,73.0527008650824,16.2696096114814,27.6744473492727,0.00600953947907027,0.01,0.01
"2701",89.6984397200868,53.8073657779023,2.5622358545661,21.300882101059,58.2976605976,90.6821197364479,71.8685325002298,0.00501419449040231,0.01,0.01
"2702",64.3762389430776,16.6359345195815,54.8838546266779,94.6706844493747,71.711826743558,19.3930834298953,30.5587342241779,0.0418041613221488,0.01,0.01
"2703",96.2890509748831,44.2849836545065,93.5121030081064,58.5921955062076,40.305687696673,83.2701813662425,65.2140339370817,0.0219525794450177,0.01,0.01
"2704",9.59346813615412,9.3360356753692,32.3641916969791,61.7170167854056,11.3572758389637,72.933529666625,61.6021777736023,1.6111034146933,0.01,0.01
"2705",91.290183365345,77.5240713031963,39.1940999543294,68.2968319160864,80.3268817486241,30.3249183110893,30.9426538879052,0.0266155811442011,0.01,0.01
"2706",17.2921558376402,97.8831695625558,1.92154042888433,8.92596675548702,94.9413677677512,83.4125377237797,73.4119396656752,0.00126343116789757,0.03,0.01
"2707",12.2684097848833,52.3875399958342,31.2387088546529,72.7092458168045,12.172887660563,51.9591648830101,4.95509044267237,595.321448037909,0.01,0.01
"2708",16.7721146484837,35.8638525940478,83.4900702815503,47.0615152968094,86.7425393080339,94.3591200746596,19.3620579317212,0.0266759255129175,0.01,0.01
"2709",74.2005145875737,26.1444518109784,95.0132516911253,98.7144522136077,26.4399291947484,23.5942072700709,54.9750223988667,0.0676754689368234,0.01,0.01
"2710",43.5011830180883,4.085558722727,5.07383388467133,84.4510399969295,77.416308876127,71.2851258693263,77.077888394706,0.0139672057062988,0.01,0.01
"2711",70.7156342919916,16.7979428777471,36.3229413283989,79.5089710736647,85.384975397028,47.5174495251849,44.0927714575082,0.0206457583197555,0.01,0.01
"2712",79.5091170584783,54.1389607591555,5.20280408672988,19.8998445877805,44.3105413811281,31.8990328349173,8.3829203620553,23.3065047447893,0.01,0.01
"2713",18.8835686771199,39.3667683703825,23.4639674890786,10.9213568037376,19.7834771359339,96.7286224476993,63.0291707348078,0.0132157528703941,0.01,0.01
"2714",76.2405223445967,23.8557513104752,95.3722556354478,98.7146012485027,63.0116487620398,51.2180226156488,47.467477992177,0.0323126294579401,0.01,0.01
"2715",57.4276909697801,33.8234962197021,1.91492908634245,38.7281344039366,65.7914008479565,91.2659754045308,19.4904565112665,0.0307736760382914,0.01,0.01
"2716",36.007664911449,25.6638794206083,52.6789652649313,81.8962691817433,74.9303044052795,14.6376280812547,77.1947692148387,0.0139689509845733,0.01,0.01
"2717",64.3536376068369,4.71096287947148,43.8303956761956,49.2512539261952,15.7754494342953,29.4266702374443,67.2482789959759,0.137801293193051,0.01,0.01
"2718",84.1027973918244,74.3397947633639,46.3543899357319,6.94874103646725,47.6816790178418,68.8257394125685,74.1837538545951,0.001938579440175,0.06,0.01
"2719",40.8241110155359,7.50859319232404,11.1493482952937,27.5213802699,26.8688431708142,71.993997762911,37.1048449072987,0.101986514913188,0.01,0.01
"2720",22.2051588818431,27.9263964155689,23.7134338356555,52.8238236671314,82.3431702330709,32.3434434831142,53.8871982833371,0.0116864558307312,0.01,0.01
"2721",77.1938990335912,95.0561025412753,63.1881437031552,18.7514837132767,72.1376615343615,50.6998099852353,61.5444546798244,0.00415586257916326,0.01,0.01
"2722",98.1828247429803,94.9460661038756,54.3687448604032,97.8670076699927,23.0213477509096,32.746229856275,99.732641200535,0.0422007664891571,0.01,0.01
"2723",85.6948824133724,96.509351907298,2.99642393365502,85.5460515245795,4.45389605592936,8.99422070942819,45.969372568652,373.758631824878,0.01,0.01
"2724",64.4242661306635,81.4300823258236,9.77360983379185,20.0776798650622,65.8145281020552,71.2262846762314,98.8371500279754,0.00305557644531645,0.01,0.01
"2725",69.6553363697603,95.3055552439764,74.2627429077402,74.3353938683867,88.2074725581333,25.8126437431201,58.9503210969269,0.0140552212761905,0.01,0.01
"2726",38.9215459581465,51.0909962933511,96.2389581138268,29.3898000847548,40.4579850146547,11.8453168077394,57.5055622728541,0.0124099799582547,0.01,0.01
"2727",82.718383683823,16.4142161607742,93.5689394362271,61.5181426983327,73.1539963744581,23.6029735999182,2.22402962390333,142.934865157445,0.01,0.01
"2728",94.9521630071104,84.0987837873399,88.4424363728613,67.8531899815425,70.6924359081313,10.1859429385513,84.0927752666175,0.0112744811123061,0.01,0.01
"2729",48.3327488647774,39.7711907280609,14.3504783976823,76.4276733156294,90.0668712100014,18.872750387527,99.4805363938212,0.0084436244038374,0.01,0.01
"2730",33.5811814293265,97.5260644219816,55.374906398356,4.20368239283562,89.9852587841451,53.8922072621062,3.55406305752695,20.7934268746228,0.01,0.01
"2731",75.7596611045301,37.9476110916585,62.977080186829,78.7487705470994,66.3219433045015,87.2990755364299,27.765809930861,0.0412826342894878,0.01,0.01
"2732",89.4991604145616,15.3742178808898,1.86493264045566,46.4531098259613,79.0709432447329,27.3772111861035,63.6617460986599,0.00908360417827378,0.02,0.01
"2733",23.2037335867062,31.8350262008607,57.0227225543931,4.52946580480784,31.5375315723941,21.0635611321777,84.4255114905536,0.00168113636983639,0.01,0.01
"2734",5.00117491465062,67.2893379582092,33.4477936383337,19.5952964480966,90.8102046232671,1.84948719106615,5.80153791233897,45.8606565877592,0.02,0.02
"2735",48.6164077417925,71.6804856434464,41.8879865901545,14.2321688821539,63.2421095157042,5.22628247272223,90.7081095734611,0.00245259649464837,0.01,0.01
"2736",73.9130449248478,15.744961053133,12.094443384558,69.297072221525,0.288805901072919,96.7414870392531,55.326625239104,942.704304793947,0.01,0.01
"2737",26.8191718263552,36.0739514231682,9.02387325186282,76.3916166732088,76.9830892793834,35.7976036379114,84.8981140414253,0.0115513699698015,0.01,0.01
"2738",31.6360348602757,64.1109814401716,55.0706112990156,41.1858081817627,12.0490124216303,51.1535097612068,12.3878759797662,253.862492567747,0.01,0.01
"2739",5.2579001756385,59.674513223581,31.4930318621919,35.702916700393,63.4633563924581,48.6206657253206,42.3089963383973,0.01298924032985,0.01,0.01
"2740",27.671670797281,84.5062617445365,86.098189628683,73.3836158178747,6.41425377689302,73.7419052515179,83.6885983124375,5.76212344505178,0.01,0.01
"2741",74.1611723555252,32.2932013310492,97.760994755663,71.7374280327931,76.933162426576,69.1137071466073,18.0399729171768,0.049654818140056,0.01,0.01
"2742",44.7307616705075,6.98232119902968,58.9266260620207,83.7502434151247,22.2263785544783,53.0049411812797,47.184162796475,0.134221530444966,0.01,0.01
"2743",55.22670308128,61.4158011041582,48.4502984210849,73.5168649116531,49.3607048876584,71.1621043970808,9.37042671721429,7.7314340357486,0.01,0.01
"2744",17.4173523439094,84.2218743404374,95.7465228391811,79.3550093192607,17.1560394344851,41.0998189356178,32.3685065610334,5.01752858316308,0.01,0.01
"2745",1.33661706931889,63.0423674359918,25.5920661147684,46.495101088658,1.21391825377941,11.0310872318223,33.3827854134142,774.298530990895,0.03,0.03
"2746",72.9909395799041,11.0973104136065,67.5827497849241,85.6538724154234,5.7650139555335,54.7100818483159,35.5365894502029,172.632461364798,0.01,0.01
"2747",68.3775203302503,28.2916280208156,16.6910968720913,91.0371070029214,17.1044149203226,81.0552544659004,1.47587759420276,712.266515512019,0.01,0.01
"2748",77.3966402979568,10.0847836118191,48.969998024404,35.766730341129,64.6202211268246,57.9776191618294,2.41553771775216,142.355121077945,0.01,0.01
"2749",96.0951527347788,98.5427145846188,38.9467735541984,62.9047455498949,18.0179883493111,50.8021342102438,85.5032950639725,0.040613497843611,0.01,0.01
"2750",5.39759723469615,58.4931768709794,40.2280281297863,22.6118694990873,7.52771114930511,50.13816235587,3.04732250515372,884.649845458815,0.01,0.01
"2751",24.4862155988812,81.5253784880042,97.1957802306861,96.3851688429713,52.1650594193488,11.7302855011076,5.5762846255675,80.3102798584836,0.01,0.01
"2752",13.454704079777,63.9424258144572,8.03851594682783,42.5754334777594,80.6973160943016,17.234511487186,36.1682306742296,0.0141934191662615,0.01,0.01
"2753",22.9153223801404,39.6390034118667,7.55752807017416,59.5298055326566,33.5831779753789,42.9454445606098,68.081909767352,0.0256589481858496,0.01,0.01
"2754",7.40286097861826,75.3590554231778,55.7378347031772,42.1343968249857,20.1894236495718,38.5684370761737,84.6438333159313,0.0244263584920738,0.01,0.01
"2755",3.65831560920924,61.1849744804204,11.7509995820001,32.0251382421702,1.39254506211728,32.4276008177549,83.5197531152517,475.048432474836,0.01,0.01
"2756",34.7149793058634,89.7675299318507,65.9031496848911,82.2048329515383,96.6721777571365,43.1159110972658,3.81240004207939,12.8293589714415,0.01,0.01
"2757",52.8274042997509,85.7690441887826,1.35733308270574,74.3402160936967,6.86538729351014,71.1284745484591,32.7271991409361,120.044260070682,0.01,0.01
"2758",57.6750863809139,96.8510174425319,68.6380253639072,46.5321801835671,47.7065664483234,59.3229899881408,32.174137653783,0.0295949853627824,0.01,0.01
"2759",93.8504638615996,26.2645860901102,30.4756331024691,19.1788371186703,15.5334300361574,90.1897459290922,69.0754805924371,0.0451080578369229,0.01,0.01
"2760",68.0932810995728,86.6292868275195,83.4161307895556,71.2305755121633,77.4176581995562,48.1661036610603,49.2902632104233,0.0182938553756348,0.01,0.01
"2761",57.7700925059617,9.66720725409687,79.3177669402212,94.8155464604497,92.5840105861425,70.9321902599186,98.3624997315928,0.0103011095901248,0.01,0.01
"2762",78.3087526913732,7.41523546166718,43.6211860738695,27.6789852418005,42.3402994172648,34.5407284563407,75.119295832701,0.0085836667871745,0.01,0.01
"2763",36.5598818287253,17.3229313688353,91.137884138152,92.4308568472043,4.43746438249946,50.7316065952182,15.3002516366541,619.192104014288,0.01,0.01
"2764",87.7681997604668,30.0133719341829,70.6530280876905,46.7632848536596,48.5268681775779,66.0710524767637,69.7973764734343,0.0136099246877671,0.01,0.01
"2765",81.4324671868235,11.8143361061811,65.3578476281837,61.8376171216369,77.4948454694822,1.31603418849409,86.6256100358441,0.540350962316647,0.01,NA
"2766",24.4896433083341,81.1694753589109,17.5745938904583,30.7532396167517,67.9737861268222,50.3909701947123,59.6661407034844,0.00745750677094217,0.01,0.01
"2767",47.9452471248806,94.2498592659831,46.2566423695534,10.3660691529512,47.7806214941666,67.4579253420234,57.94224049896,0.00368095265459922,0.01,0.01
"2768",24.7077288338915,50.2747791586444,19.3834878038615,33.6186358937994,88.6960527626798,44.7457299102098,46.0762336151674,0.00805104307537884,0.01,0.01
"2769",89.7137124091387,30.3019696148112,85.7141551794484,89.7930469363928,9.05130226165056,95.9241617936641,53.8951375288889,9.09971683090358,0.01,0.01
"2770",68.4180638752878,80.3802547976375,4.84463474713266,84.200425259769,74.7632442275062,10.4354473296553,8.78227285575122,2.12235159228784,0.01,0.01
"2771",79.7071904875338,68.494315398857,74.1871724603698,56.8611496128142,7.85997160710394,55.3269641008228,34.6942473202944,77.5363805012296,0.01,0.01
"2772",28.4479494206607,24.1227439139038,62.4972525285557,42.8257866995409,2.45252584572881,16.0051865503192,72.5207456387579,360.063276339306,0.01,0.01
"2773",38.1172889610752,67.9802383761853,71.6981196077541,75.2684699138626,65.9110538428649,53.9310765452683,0.110378093086183,491.747221314404,0.01,0.01
"2774",68.3812126750126,61.5418560337275,71.8267412856221,37.425331864506,97.0018157269806,5.85691484156996,57.9287370666862,0.00653977762072133,0.01,0.01
"2775",64.9196521844715,41.3348844507709,98.0990441981703,27.8721576789394,95.6876114942133,5.65922735258937,49.9574513174593,0.0057016254321854,0.01,0.01
"2776",29.5578889315948,12.373263319023,86.8606865638867,98.539987206459,94.1274958895519,22.2473016940057,87.564806570299,0.0118015237392654,0.01,0.01
"2777",89.0108531806618,72.5527194794267,11.0163525911048,40.4261418152601,17.7091801771894,74.0420629270375,62.4836017843336,0.0537620039844873,0.01,0.01
"2778",74.9700495041907,53.0381015734747,93.8802583375946,61.7751073557884,14.7430721670389,17.5610395846888,39.1751730116084,5.86190474933779,0.01,0.01
"2779",91.6159352986142,67.3847866477445,91.8748649070039,26.8037740373984,33.0781965516508,13.3211739361286,66.8318034149706,0.0119428793053209,0.01,0.01
"2780",89.7219906095415,69.6804344188422,89.8522854084149,43.0415274808183,7.45681279804558,67.381154326722,82.542330166325,2.64557258372327,0.01,0.01
"2781",39.8513170192018,55.7194135151803,45.6345259211957,56.1857703141868,99.2432039696723,7.3518292978406,29.6129461377859,0.0184814835366007,0.01,0.01
"2782",56.2669226201251,82.4108496541157,55.2617908455431,10.1167530519888,59.4309947220609,8.38594308588654,30.0877141300589,0.00553056641568315,0.01,0.01
"2783",62.1361620724201,77.5639259954914,37.6057891640812,87.7802996896207,86.2094413256273,94.5840208558366,0.27202779892832,344.313030935254,0.01,0.01
"2784",81.4064244739711,59.6122129354626,51.9925308879465,18.2783749420196,57.1946364827454,61.2220885930583,68.0087459040806,0.00463082275236899,0.01,0.01
"2785",25.9152419166639,28.6762528587133,47.5460983347148,90.0400701211765,24.6265689842403,7.4099492514506,32.0372638525441,2.4113591454387,0.01,0.01
"2786",44.641551352106,18.7706167809665,58.9043833082542,97.9314278578386,85.5380435008556,34.1914986493066,59.637289470993,0.0188731663365113,0.01,0.01
"2787",94.6037511108443,19.1759855253622,0.341333146207035,98.6329830251634,92.7413569996133,96.0668606217951,43.0179107701406,0.0241599825244135,0.03,0.01
"2788",7.6238258741796,74.6183404466137,18.9738894812763,42.8843153407797,63.2230434333906,15.4227722203359,41.7416384443641,0.0158683685584555,0.01,0.01
"2789",68.4382322942838,23.2412876794115,15.342526184395,15.4460002668202,57.9557918244973,55.2827473729849,69.3392062326893,0.00378871016739617,0.01,0.01
"2790",45.5241850810125,24.9692569486797,57.5584604637697,58.3711709827185,30.1082835067064,57.9948914702982,49.931435729377,0.0384667824234312,0.01,0.01
"2791",77.3718413431197,49.1733694914728,59.2977256514132,25.4286364186555,31.2726075062528,81.2965992605314,64.0185250667855,0.0125077643755812,0.01,0.01
"2792",68.0623956955969,32.1201027836651,18.2229916797951,16.0488317953423,93.3924983721226,47.8118523489684,91.773637291044,0.00185211400544689,0.01,0.01
"2793",85.0597396260127,14.0435231151059,65.7062028767541,34.6335098845884,9.09198340959847,76.8111438723281,59.316960349679,6.20713243059475,0.01,0.01
"2794",15.7765015494078,42.6322599640116,91.8361325515434,92.7658633328974,15.2961842948571,70.6294610630721,89.0286653768271,0.0690197365449628,0.01,0.01
"2795",99.4673603679985,81.4853123622015,24.1224692435935,7.86072136834264,39.110560901463,84.7269483376294,80.3475182270631,0.00247070679258897,0.01,0.01
"2796",56.9016151595861,61.1244247294962,88.7691073818132,5.93715335708112,44.8068521218374,9.44382916204631,1.3292235089466,335.522843904831,0.01,0.01
"2797",0.38183256983757,27.3508087499067,82.9624976497144,95.2570693334565,34.0814288472757,47.3819464677945,2.94838543049991,355.287237247891,0.01,0.01
"2798",49.9515745323151,1.78846628405154,61.8634404381737,71.3699885411188,52.4432878708467,7.29071225505322,54.3471002951264,0.0241771486289159,0.01,0.01
"2799",97.0275859814137,90.0139182340354,39.3814236624166,62.1490506455302,22.6573603926226,32.3589005041867,9.72850623074919,122.232434014749,0.01,0.01
"2800",10.1240636548027,96.7361383140087,77.7466638246551,92.7296390756965,58.1171148689464,40.3517159633338,22.9029778623953,0.0683069152338042,0.01,0.01
"2801",62.8883479163051,39.7610377753153,68.7627061968669,77.6969636091962,14.9956189794466,85.0989773636684,68.3207947062328,0.11779779251744,0.01,0.01
"2802",25.5716283107176,18.5710662044585,29.3069367762655,50.2175541361794,0.989670469425619,0.0644418876618147,47.6792049827054,0.566130975813391,0.22,NA
"2803",46.371411671862,45.9344913717359,89.4244158640504,63.4265793021768,44.680645596236,66.2588473642245,62.8068634076044,0.0222453970998182,0.01,0.01
"2804",62.1023094980046,56.2250840477645,96.8286628834903,41.0916213179007,37.0771581772715,90.8518016338348,98.3954945346341,0.0111494089331675,0.01,0.01
"2805",11.1578042153269,4.15748448576778,64.2302477732301,54.3319584568962,13.4163275593892,28.5540763754398,69.4014274282381,0.483351203898844,0.01,0.01
"2806",63.1754615576938,22.0939645310864,46.2542803259566,39.7250191541389,53.0315448762849,36.4117671735585,82.116588880308,0.00901072009251867,0.01,0.01
"2807",79.2355512036011,82.4401053832844,30.4124681279063,47.8100107517093,23.9739527227357,50.7494020275772,49.4224837981164,0.0478591990070582,0.01,0.01
"2808",30.3274492733181,58.14296270255,97.1128753386438,48.0074120452628,61.0587453469634,81.835624598898,80.5246322182938,0.0096434882011779,0.01,0.01
"2809",74.7403788147494,38.5312825907022,79.4227046659216,30.4645495954901,29.3144989525899,11.3582559861243,49.5605121832341,0.0221592728656933,0.01,0.01
"2810",36.9891342706978,92.421872378327,43.3540210360661,65.2301450725645,53.5225187428296,21.9300973461941,65.0852985912934,0.018440708724243,0.01,0.01
"2811",5.57048353366554,24.6106852311641,71.3926973287016,13.7284279568121,97.4766700761393,0.449951831251383,59.8925477126613,0.00165399340549133,0.01,NA
"2812",34.1324903070927,3.29234974924475,45.5925081390887,12.9011002369225,65.5046630185097,4.24256746191531,48.1594492215663,0.00394160113485349,0.01,0.01
"2813",70.7734055817127,25.7598803611472,83.2792513305321,77.4165061069652,97.1634943038225,85.4896675096825,19.7776878951117,0.0383432157363831,0.01,0.01
"2814",74.6255986392498,31.4366488251835,85.6170573737472,20.6800734391436,74.4949486572295,37.5339083839208,14.4433424575254,0.0363010056371542,0.01,0.01
"2815",78.1618612585589,36.2025231355801,83.3910712739453,73.2847286853939,75.9642563993111,65.293263271451,37.7666722517461,0.0248820370794397,0.01,0.01
"2816",60.7765118824318,82.2997171664611,93.7895856797695,15.3368418104947,30.5617484264076,46.0253994446248,78.9573646616191,0.00627591098380652,0.01,0.01
"2817",72.255435702391,60.1146070985124,54.3059554416686,11.0541461734101,37.3408831190318,28.2809435157105,2.39819590933621,368.263188077848,0.01,0.01
"2818",2.54104672931135,57.5735294260085,69.6728249080479,29.6771408291534,98.0519158532843,47.8506311075762,20.4098218120635,0.0141369322524548,0.01,0.01
"2819",19.398205447942,17.8709898144007,48.6130881123245,19.1296590026468,98.7892159027979,27.1770975552499,34.6425866242498,0.00543029940274751,0.01,0.01
"2820",3.9299106458202,28.927558590658,84.0632231440395,3.9647075580433,47.8440977400169,11.2337060738355,5.2640873240307,159.388837626778,0.01,0.01
"2821",90.7550393836573,89.24031984061,18.4661463834345,86.0897080507129,43.0656426819041,43.6230428051203,49.2099286057055,0.0398135377581879,0.01,0.01
"2822",47.5669108796865,0.381397036835551,40.287082339637,27.6891476474702,69.3828419549391,87.5723050674424,25.3453159704804,0.0157869673849683,0.01,0.01
"2823",27.1137040108442,47.670253389515,23.9934623939916,79.9257801380008,3.41948405839503,51.991203892976,44.8053640546277,271.964171005378,0.01,0.01
"2824",14.459931734018,97.4289007252082,47.4619148764759,3.58595249708742,31.5530681051314,1.73989040777087,12.131311558187,75.8027632299291,0.03,0.03
"2825",1.16960187442601,23.325437749736,58.2393067190424,74.9401400564238,48.0935907689855,37.8878492163494,99.7511592926458,0.0154626597523513,0.01,0.01
"2826",42.4151296494529,65.4158968944103,33.078935672529,71.1633388418704,52.3476700065657,35.7239295030013,49.7455006930977,0.0267879682384188,0.01,0.01
"2827",75.316511024721,11.2329742871225,95.0217887526378,6.59358266275376,99.2042449768633,19.2752306349576,56.114751053974,0.00116097234321926,0.01,0.01
"2828",60.947376745753,87.2821147320792,46.0047369124368,21.1892476305366,87.9454576410353,57.7457163715735,2.45955919381231,56.9057154370013,0.01,0.01
"2829",92.8482439834625,56.6787099465728,36.2537935841829,88.836982101202,78.5275421105325,52.4999894900247,71.1300508817658,0.0156830669965041,0.01,0.01
"2830",82.3457846418023,78.4224161179736,15.6855088891461,66.1020482890308,37.7697940682992,44.3552380660549,75.3566631115973,0.0229201069570744,0.01,0.01
"2831",18.2286725612357,27.0267922664061,53.5001035081223,89.5818350836635,29.2522803880274,41.8895509559661,82.8805107856169,0.0365045080639465,0.01,0.01
"2832",45.5796416383237,90.9086024621502,26.627137651667,95.8619919605553,34.1763056349009,30.5347550427541,63.6892238864675,0.0433591497495718,0.01,0.01
"2833",94.6709705749527,95.5672707175836,13.2827752036974,1.60548994317651,87.9484570352361,8.92999223433435,65.1196898659691,0.000276046931622931,0.01,0.01
"2834",58.71913775336,1.15652559325099,24.1920064436272,19.2005075514317,74.7922042617574,12.2256318340078,13.9004700817168,1.86693702352209,0.01,0.01
"2835",70.7859985297546,2.09568291902542,53.4110830398276,47.5413834210485,0.178433069959283,81.0244933702052,43.5614241519943,926.631584591615,0.02,0.02
"2836",77.7927545830607,64.2907290486619,22.2088458249345,57.8682649414986,50.8779514580965,91.7134780436754,78.7066380493343,0.0142694734076692,0.02,0.01
"2837",74.72033360973,68.9782322384417,66.863249684684,90.0680026970804,33.5918478434905,32.1512586902827,46.9002647092566,0.0561607246132805,0.01,0.01
"2838",81.6616311436519,41.2352248094976,14.2855568556115,77.9242899501696,33.5354335373268,36.0802288167179,21.790114371106,0.88598045600248,0.01,0.01
"2839",50.6283221300691,61.5468849427998,55.5113611277193,42.5801339326426,55.3013335214928,32.7147410484031,57.937082904391,0.0130629560922498,0.01,0.01
"2840",68.7378811882809,12.1489108307287,43.3913461165503,83.4087373455986,26.5722626587376,57.7285463456064,83.5705808131024,0.0371112226123711,0.01,0.01
"2841",14.3620066111907,13.7461729114875,24.1019923705608,48.4184832544997,80.3392622852698,70.776294125244,54.4904645299539,0.0108593572529586,0.01,0.01
"2842",79.6035435516387,9.50273755006492,72.7899447083473,42.6777350250632,20.4975174972787,91.729497956112,80.8272426016629,0.0255490358195407,0.01,0.01
"2843",99.0570937050506,12.7562459558249,92.3033206956461,10.7021620264277,78.699103789404,11.3469487056136,89.2654190538451,0.00150182407005259,0.01,0.01
"2844",32.8885196009651,73.9853025181219,73.9592645317316,6.45919076632708,40.4192252550274,75.6933122640476,7.94247630983591,32.945107243207,0.01,0.01
"2845",32.6825131196529,48.9776557311416,80.4237502859905,94.4643849506974,61.3022574223578,84.2165427748114,9.06637622974813,2.8365080700862,0.01,0.01
"2846",86.1718858126551,40.6004383228719,91.9790903804824,88.8045647880062,65.1780308224261,83.7917247554287,78.2651436980814,0.0171871330784961,0.01,0.01
"2847",23.2855807058513,84.4936203444377,25.508363218978,9.16263319086283,64.9633120046929,59.7739733522758,56.0609191423282,0.00247185634869295,0.01,0.01
"2848",57.8633068362251,74.2722128517926,92.8909261478111,67.4637643620372,81.5661594038829,54.0957887191325,12.502667773515,0.0848809410562645,0.01,0.01
"2849",6.59595925826579,16.1190970567986,80.1068073837087,45.2644707867876,67.9607101716101,11.0543051967397,72.9036387754604,0.00899476525870714,0.01,0.01
"2850",76.1033244431019,73.0869063409045,10.4007543995976,32.1152126416564,23.960429080762,8.39796394575387,75.2229400677606,0.0176543534807318,0.01,0.01
"2851",69.3519895896316,74.4562793988734,58.8174834148958,10.1946946466342,81.0651014558971,40.9326965222135,42.4792804988101,0.00289214198098538,0.01,0.01
"2852",82.0675434544683,27.3020611144602,55.2536404691637,13.7673664605245,57.8063507797197,48.0794781818986,61.2751736538485,0.00382377919995658,0.01,0.01
"2853",60.0645578932017,70.36038544029,75.9937940863892,92.5074473954737,16.9314653147012,5.01967293675989,83.9506953721866,0.0741136571563556,0.01,0.01
"2854",72.3973441170529,20.6317176809534,26.1009666835889,81.4633932895958,47.3897391464561,70.5386858200654,53.9272922091186,0.0312940757375611,0.01,0.01
"2855",7.2312101488933,42.2509485157207,14.1652620397508,36.4485449856147,35.3787418687716,30.3072178736329,43.8980700680986,0.0232469390227983,0.01,0.01
"2856",53.8513376377523,59.617399610579,14.9315490620211,27.4001243058592,2.73581161163747,31.046768813394,11.6119754733518,932.697270613437,0.01,0.01
"2857",87.2445385670289,0.548194977454841,45.8583145868033,59.1222201474011,73.5026356065646,97.6536380592734,87.1101453201845,0.00909618496730889,0.01,0.01
"2858",93.6189555097371,99.5103440480307,99.2507754126564,42.2098593553528,18.577176425606,84.6499735722318,38.7869159691036,0.824147922883074,0.01,0.01
"2859",4.57923426292837,16.2728826282546,29.1764633497223,23.1530603487045,68.471885798499,77.7242750395089,35.9319085953757,0.00915484993092775,0.01,0.01
"2860",61.9767018128186,23.370646010153,44.480368681252,32.131475652568,74.5694724842906,85.4817615356296,65.6048450618982,0.00646879625969361,0.01,0.01
"2861",89.3894312204793,34.303632657975,76.6615149565041,20.2473536366597,7.0014248136431,76.0908007621765,45.3806807752699,49.2805494879444,0.01,0.01
"2862",43.7532251002267,21.9624625984579,56.8889552960172,14.2689884873107,29.5759978005663,73.2849704567343,62.5453666551039,0.00760513278692644,0.01,0.01
"2863",90.9788100747392,89.7463902132586,88.8950737891719,21.3268254417926,12.2224397724494,9.92428339086473,5.76097178272903,409.472750748165,0.02,0.02
"2864",61.0315195983276,18.1318370625377,85.4985418263823,42.1774513088167,17.7535108756274,42.3710412112996,58.8122960878536,0.0885561522626826,0.01,0.01
"2865",45.0063874479383,24.2916970513761,51.2953427620232,65.9277518745512,38.3958960883319,54.2744885897264,44.9159422656521,0.0374360006075757,0.01,0.01
"2866",74.7705921065062,30.9027323964983,42.2348069259897,87.2896949993446,59.912390797399,17.896893247962,31.4788675168529,0.0448568073575705,0.01,0.01
"2867",28.2761844340712,13.7281426461414,64.6823388058692,50.7415726548061,84.5052837627009,81.0732115758583,99.3783403886482,0.00598038301082999,0.01,0.01
"2868",60.9560234472156,97.5562807871029,62.5414786161855,59.8412167048082,59.1799057088792,31.1298029730096,70.1692597474903,0.0142069610279529,0.01,0.01
"2869",38.7632726458833,95.5119278514758,72.6445616222918,94.7342929895967,54.2522054165602,86.7672145133838,29.7840063460171,0.0567985719945178,0.01,0.01
"2870",50.5147380987182,93.8016965752468,17.8731927415356,43.7398090492934,52.8798422310501,86.6637639235705,62.2247233288363,0.0130826207814969,0.01,0.01
"2871",55.3022091975436,87.077478854917,84.0363299706951,84.3772211112082,34.7552426159382,40.8947013085708,33.9476093184203,0.0778365821217005,0.01,0.01
"2872",69.155758456327,5.11780688539147,56.9075541570783,6.68611591681838,8.04832358844578,84.8938181297854,32.181977853179,102.679139560836,0.01,0.01
"2873",47.3261444829404,2.63637416064739,77.8445321368054,2.00386210344732,91.9365188805386,13.1844689371064,90.549041912891,0.000235392360383203,0.01,0.01
"2874",96.8886300222948,25.2796740271151,9.54788972157985,66.2134406622499,0.62652681954205,86.439248919487,91.5809405269101,643.33311223598,0.01,0.01
"2875",5.07187894545496,6.64356369525194,85.2386859478429,15.8789611887187,75.1646978082135,72.547807963565,36.5923486417159,0.00561553970822228,0.01,0.01
"2876",64.20044421684,66.7618709383532,26.49817885831,17.9006939288229,63.1251691840589,24.2457324406132,63.5895911604166,0.00439007093939032,0.01,0.01
"2877",57.6969289919361,20.3368991147727,29.5844239648432,83.3858938654885,77.3542505688965,91.9048660667613,46.0436527617276,0.0229125658246744,0.01,0.01
"2878",45.2005733503029,74.9068928649649,58.1655052024871,59.4426040770486,26.4500919962302,81.0633649583906,97.7612860500813,0.0227548545144909,0.01,0.01
"2879",18.4986076084897,96.7669100034982,35.2182557340711,13.261964218691,2.57962974719703,80.4983256617561,88.2230069953948,121.162010356511,0.01,0.01
"2880",51.5746581600979,75.8453629212454,72.9283303022385,71.4991329237819,37.6887425314635,44.9193168897182,79.3751862132922,0.0236013521249952,0.01,0.01
"2881",80.324598797597,10.1003914838657,8.1843922380358,52.2674017352983,74.6534395962954,10.6466523371637,78.5361888585612,0.00879430739328384,0.01,0.01
"2882",50.9582169586793,26.2684304499999,10.752692585811,82.0837281877175,91.8965384829789,24.756410298869,80.1594026852399,0.0110036791700596,0.01,0.01
"2883",10.7642476446927,65.1193408528343,64.4955116091296,64.99753089156,41.2078141700476,9.49159143492579,66.5914319921285,0.0233281377701007,0.01,0.01
"2884",18.4304453665391,85.7064708136022,54.4070765841752,72.2266252385452,12.3991786502302,7.01302252709866,29.7658287920058,130.532888173459,0.01,0.01
"2885",50.6169053260237,8.18539552856237,16.3630031980574,65.2807161910459,91.7219064431265,2.4008099688217,18.9942295895889,0.417331406093361,0.01,0.01
"2886",34.1031380230561,38.3122907020152,99.6334477560595,49.4635723764077,2.14141244068742,85.5526421684772,35.0943305529654,537.957449591812,0.01,0.01
"2887",78.8914290256798,53.4109270898625,11.9853089563549,16.8935976456851,51.4676721999422,65.8269225852564,87.4458784935996,0.00371109362458765,0.01,0.01
"2888",7.18584412243217,21.9405723037198,63.0477805389091,2.82523378264159,82.3707810835913,93.4358596103266,22.4102124804631,0.00147309879469619,0.01,0.01
"2889",21.78555727005,24.2538906866685,49.3778004311025,20.0213903794065,75.2220439724624,12.1878731297329,41.6312140179798,0.00623873057806349,0.01,0.01
"2890",80.7109266286716,76.3589771930128,33.4656015271321,17.529932060279,14.5522363251075,22.451196750626,79.4878521934152,0.0316213971392288,0.01,0.01
"2891",97.8981898631901,26.3920523924753,40.0648130103946,79.2737591778859,59.7377685829997,46.5200777165592,80.1278678933159,0.0163552759631906,0.01,0.01
"2892",0.563539681024849,47.0261183567345,94.871141249314,94.813922024332,83.1692901905626,52.3290204117075,23.5127048334107,0.0465022830137814,0.01,0.01
"2893",89.2773596802726,94.2541462136433,3.5845409380272,45.2948457095772,39.2819269094616,6.32621780969203,48.0068201897666,0.023567465277105,0.01,0.01
"2894",75.1386130461469,64.5971382735297,91.2084012059495,74.7244843747467,89.2001418629661,31.7066870862618,70.8704110700637,0.011653422593307,0.01,0.01
"2895",87.7622063038871,60.9116710023955,11.672498146072,45.5635353690013,28.3325388329104,92.0248211827129,19.1485318588093,4.17631736074383,0.01,0.01
"2896",7.35271819867194,58.4302836097777,99.4525440037251,7.40845079999417,55.665515596047,59.73042442929,48.2618272071704,0.00270137139504479,0.01,0.01
"2897",46.7250424902886,8.76082174945623,13.300735829398,60.6093577807769,11.8892349302769,65.1241074083373,62.3078256379813,1.08964029133595,0.01,0.01
"2898",18.3644978329539,42.3103753942996,86.5679595153779,47.3144065588713,41.471178107895,10.0266269640997,63.321400876157,0.0177247422964116,0.01,0.01
"2899",81.7336770705879,41.5937189944088,12.1598572004586,31.1066718539223,43.9997847657651,46.9401267822832,15.5579580226913,1.06229389528742,0.01,0.01
"2900",29.3893940979615,50.1836696406826,45.6138351233676,33.9548939140514,0.0515792984515429,39.3536762101576,45.1611558673903,969.344697000134,0.09,0.09
"2901",35.8083539409563,47.7754213381559,64.3084723502398,47.8671134449542,72.8633502498269,19.8307054582983,28.9487052941695,0.0219307552834745,0.01,0.01
"2902",91.4953066501766,15.2115335687995,38.9508657157421,10.877632512711,66.8458789587021,46.0815306287259,95.880460483022,0.00167928623697689,0.01,0.01
"2903",65.4903872869909,51.5259633073583,67.1726726926863,66.2855985108763,78.2242505578324,70.6178534775972,63.4566815104336,0.0131454722545066,0.01,0.01
"2904",70.663769566454,35.0528287002817,22.7841922547668,76.6653375001624,66.1032630829141,31.0724470065907,69.497247855179,0.0164497107951734,0.01,0.01
"2905",97.0159470569342,62.6225845888257,66.2270750850439,58.4638682194054,12.6312882173806,89.7461700020358,42.9465066641569,4.92019272799036,0.01,0.01
"2906",43.4831128455698,89.3760673236102,26.9908246817067,12.5104653183371,80.6804744061083,74.8814527876675,98.8005928928033,0.00155398051665759,0.11,0.01
"2907",25.4252168117091,63.0310198990628,10.3942388435826,83.18561243359,14.3965798430145,3.83875735569745,2.32589370571077,306.196617440588,0.06,0.06
"2908",88.0576991010457,5.35037701483816,96.370149962604,23.4682985581458,66.204956988804,42.6592281321064,59.6259511075914,0.00583655167825347,0.01,0.01
"2909",75.1741918502375,53.6658079363406,11.3868089159951,34.6248770365492,98.29433162231,81.2795449979603,66.4837350603193,0.00521973213571944,0.01,0.01
"2910",71.9059423543513,0.118341785855591,77.3302934365347,27.6944391662255,9.39555431250483,3.97382662631571,18.5714336112142,29.1725579984759,0.09,NA
"2911",18.562752683647,73.4210443217307,7.32128680683672,50.4250426543877,78.4533011494204,15.4604069655761,29.7309648478404,0.02091320466543,0.01,0.01
"2912",24.5172687806189,2.14778229128569,56.207493506372,15.2166338637471,29.7612748574466,92.549998848699,77.7073848294094,0.00649177669452077,0.01,0.01
"2913",97.5090330932289,2.07436431664973,29.5490747550502,88.3125219261274,58.4364074282348,34.2859610682353,15.1346754748374,0.543150911027642,0.01,0.01
"2914",43.2963426224887,1.89292458817363,89.5263285608962,55.2743551088497,83.6265010060742,75.2472299849615,97.967794793658,0.00665909366298525,0.01,0.01
"2915",46.0648106178269,37.122216518037,45.7438367186114,36.9579038582742,7.35180964693427,12.3701565200463,27.1068589761853,311.979809487773,0.01,0.01
"2916",0.938339298591018,10.7821808662266,11.1708353506401,54.7796514816582,25.5309191765264,90.0977050885558,78.1169258290902,0.0271228155094515,0.01,0.01
"2917",97.2460740013048,3.94577570259571,72.4231707397848,6.43934074323624,81.9655575556681,60.9540204517543,91.2576328264549,0.000850417755517177,0.01,0.01
"2918",5.77226339373738,37.2859679162502,92.5147995585576,14.681643480435,73.1216088635847,88.4635610273108,48.0287871323526,0.00409475211929937,0.01,0.01
"2919",32.9706901451573,25.1258687349036,93.8903456786647,26.0127243585885,8.87984172441065,59.9991088034585,35.615145158954,53.6104781109407,0.01,0.01
"2920",54.0402359096333,38.0962236318737,93.2159862481058,26.7237263498828,27.6713487692177,5.85562984924763,78.6281534004956,0.0121171684475991,0.01,0.01
"2921",92.4767475109547,58.2824700977653,34.8868562374264,41.6621775832027,77.7655737474561,49.7733196010813,6.08433710876852,5.48136161367085,0.01,0.01
"2922",81.8346001207829,76.179356360808,70.8565679844469,79.8419328639284,23.3131130691618,90.9916849341244,19.8978111147881,9.43636886617758,0.01,0.01
"2923",39.5100834779441,74.6818075655028,92.4939790507779,21.3458835147321,10.3832235559821,64.0339080942795,31.4539543120191,43.7880725440862,0.01,0.01
"2924",69.9301958549768,77.8946843231097,23.8537283847108,66.3684359984472,96.5705119306222,79.5324108796194,85.8411044813693,0.00791372978768414,0.01,0.01
"2925",61.2529093166813,53.2288000686094,65.5168561730534,1.67601485736668,76.407834328711,65.6761862104759,85.6152926804498,0.000253228249533209,0.01,0.01
"2926",15.7418668502942,64.1623137053102,15.0080877589062,48.2874088920653,98.5007637646049,69.6530221030116,81.6637943964452,0.00593014824795658,0.01,0.01
"2927",9.71974378917366,15.3102593496442,9.67080942355096,20.1120870420709,63.1689054425806,99.4283399777487,72.1833606017753,0.00435035745861695,0.01,0.01
"2928",74.362543434836,7.49850862193853,21.5473292162642,46.9118251698092,40.5756447929889,46.1597133427858,12.8985401475802,6.85512585176802,0.01,0.01
"2929",88.7338100234047,66.7615039274096,17.8336035460234,67.4555581295863,30.8849161490798,17.9056991823018,19.1867234185338,4.08729040276688,0.01,0.01
"2930",94.697337388061,72.2509792773053,10.3738345671445,92.698455392383,59.1326557798311,95.7183888182044,95.347079122439,0.0162705084592409,0.02,0.01
"2931",39.970583980903,82.9571920679882,50.0659993849695,78.6829120479524,3.59072641003877,94.747842522338,72.3120033508167,85.2578100881117,0.01,0.01
"2932",52.7378034777939,18.3309371350333,39.6682862425223,97.034807363525,31.4155851723626,99.4397168047726,58.1523860804737,0.0522291838882282,0.01,0.01
"2933",13.3365283021703,3.81323213223368,19.9909129412845,85.5434586759657,99.6002151863649,30.3119635442272,23.1080821482465,0.0355770607134354,0.01,0.01
"2934",9.94170606136322,96.4161166455597,32.1653431281447,53.2880628714338,93.6738047981635,89.7766256472096,82.5074984226376,0.00681204671815817,0.01,0.01
"2935",24.1579670691863,33.9280815329403,69.3561924854293,48.0389286298305,40.5827744398266,88.1927410839126,25.0597566133365,0.082494216229838,0.01,0.01
"2936",16.5569849079475,90.827225567773,30.5937899043784,89.7321362746879,57.2236949112266,48.3372908551246,88.0424949107692,0.0176101429426639,0.01,0.01
"2937",61.1451873090118,35.5822601355612,72.1192026510835,32.635540724732,30.6866629282013,74.2341547971591,2.79644930269569,357.641996063472,0.01,0.01
"2938",0.799090648069978,18.8085007946938,73.2777820434421,61.5958825452253,57.5377217261121,82.4209993705153,96.6825352516025,0.0109573953061423,0.01,0.01
"2939",27.0966964075342,97.2035377286375,28.3442268380895,7.43373660370708,42.9623658070341,46.8509842641652,59.93482330814,0.00283961226871973,0.02,0.01
"2940",37.668210756965,23.5158346360549,73.9156993338838,94.7804071707651,93.3108671801165,1.7941600875929,30.5238225497305,0.0321905915574644,0.01,0.01
"2941",31.8164851283655,25.305931083858,99.4713663123548,68.6899671331048,33.7123742792755,65.7139144605026,22.5085207028314,0.640142891284182,0.01,0.01
"2942",57.4695453979075,99.0176284918562,85.146059282124,55.7846606476232,51.1331853689626,81.5121322404593,18.9608773216605,0.102207032140516,0.01,0.01
"2943",63.9154050499201,56.6999914357439,47.4949557799846,3.38167371228337,17.4504247494042,39.0929653542116,24.1524788783863,18.0471487063192,0.01,0.01
"2944",90.346994320862,59.1251765144989,42.817292152904,81.9823728175834,8.23984071612358,34.8296948708594,54.2371499119326,16.0170809490336,0.01,0.01
"2945",47.86103121005,73.3985817758366,40.5256897211075,46.8224975047633,74.2580825928599,97.866834839806,73.2586490921676,0.00849089405187931,0.01,0.01
"2946",3.51701132021844,88.5227778926492,9.73023616243154,99.7011720668525,51.9682930083945,62.0884217554703,44.1495950333774,0.0424915191732877,0.01,0.01
"2947",62.8536970354617,57.2729613631964,99.2112277075648,47.605238109827,37.1187732322142,23.0199373560026,43.7226578360423,0.02881342648421,0.01,0.01
"2948",30.9398468816653,34.1654596384615,23.1754627311602,44.2045121686533,89.5076548215002,76.7191724153236,24.3178913369775,0.0195057616979588,0.01,0.01
"2949",82.8939522150904,48.6797348596156,85.4899530764669,22.8904871270061,73.799064848572,70.8159608766437,36.9689483894035,0.00816824793299999,0.01,0.01
"2950",79.5077151851729,78.0823643086478,9.27728319074959,2.34589246101677,31.4479169435799,92.5459943246096,91.2215985357761,0.000809325291774449,0.17,0.01
"2951",37.187884747982,57.5206285342574,35.633405437693,92.2377865063027,25.3944151801988,74.6509929653257,73.3277566032484,0.0488766311251721,0.01,0.01
"2952",72.5328599801287,38.8094872934744,24.2899083066732,84.8610869375989,40.0400302605703,81.8070065462962,86.7461821995676,0.0241532053391874,0.01,0.01
"2953",12.0579637121409,71.3336768327281,86.0807671677321,29.3474597856402,76.1217241408303,66.9834611238912,32.0220481604338,0.0116746061901398,0.02,0.01
"2954",38.7844119686633,54.5439801644534,15.5013827374205,68.2942880550399,78.2372493064031,7.42156691849232,87.3060238780454,0.00988192302299234,0.01,0.01
"2955",47.3536893958226,8.9153345907107,48.8477071747184,45.3491328982636,96.612179512158,92.4045532243326,71.8391742790118,0.0064423794396375,0.01,0.01
"2956",47.0108069945127,94.3299934500828,12.5831251265481,59.96818842832,34.1369183501229,85.8810075325891,86.9001124985516,0.0199849875340087,0.02,0.01
"2957",18.497156444937,92.7731000585482,58.2662554224953,32.4774379841983,93.1659865193069,25.727946870029,31.0063943034038,0.0108902478307277,0.01,0.01
"2958",56.1159356962889,74.1679968312383,65.4398531187326,84.1202448820695,82.6453776564449,74.1580195026472,31.3783338991925,0.0314344657870664,0.01,0.01
"2959",32.4816307518631,73.9140361081809,61.8151292204857,16.6639525908977,52.6260220678523,52.9853082029149,35.1840266259387,0.00875964998777247,0.01,0.01
"2960",20.5463052727282,8.56972960755229,94.8324931785464,93.311248649843,59.6013594884425,9.42246771883219,86.1493340227753,0.017873481469907,0.01,0.01
"2961",71.8986510066316,6.55789226293564,84.8512451862916,80.9899703133851,57.5057628797367,29.5209899544716,33.8767456123605,0.0403287295330697,0.01,0.01
"2962",40.0906855007634,4.03443712275475,91.1145260790363,25.6547279655933,50.7213031407446,54.4524716679007,72.7930160006508,0.00684390834467613,0.01,0.01
"2963",41.4924124721438,80.6461325380951,26.0556566994637,77.2653019521385,90.2480738703161,47.9663404868916,56.8287507630885,0.0148042195025521,0.01,0.01
"2964",64.0481995418668,19.007416581735,48.5086710657924,24.4818584062159,98.4433071454987,65.7780909212306,12.5713972374797,0.0210679557611363,0.01,0.01
"2965",22.3957404494286,45.0682198163122,51.3698313850909,34.0328773017973,66.9334939215332,45.6212186254561,35.5304884724319,0.0139174545646611,0.01,0.01
"2966",25.7264522835612,74.0784861380234,18.9175557112321,63.6787828058004,98.7836284795776,3.63124173600227,63.0210211267695,0.0100611698803286,0.01,0.01
"2967",51.3272281037644,35.3447163011879,25.0459842151031,7.05378879792988,62.9801558563486,7.88657993543893,87.4246330698952,0.00126601874034582,0.01,0.01
"2968",51.3658811105415,8.24022688902915,91.440277476795,25.7105422439054,63.596176286228,29.7892780043185,85.3166738059372,0.00467640497837792,0.01,0.01
"2969",62.6512366812676,3.23219837155193,1.42177746165544,51.710256957449,46.9349976861849,46.3927436387166,98.3040824066848,0.0110908034101576,0.01,0.01
"2970",12.4846511054784,23.9863030612469,81.5280928043649,71.8278145417571,62.4259918695316,64.7238880395889,36.2002100329846,0.030924377411335,0.01,0.01
"2971",1.91220152191818,18.3872782858089,69.3843590561301,14.8303946247324,2.40746312774718,39.5796002121642,99.7130044503137,150.648002800568,0.01,0.01
"2972",50.6981841754168,16.8467477662489,31.7505272803828,30.8855747105554,45.544391265139,62.6468744128942,19.8043814161792,0.163012944513043,0.01,0.01
"2973",3.12889798078686,90.5597133329138,59.5797241665423,43.4455923270434,70.0940318172798,7.60032567195594,82.16712763533,0.00744980557303998,0.01,0.01
"2974",29.4479604577646,86.6450267611071,54.8278992064297,97.2799167735502,61.2585244001821,17.9934275802225,29.1841998463497,0.0526296605546421,0.01,0.01
"2975",46.1002659983933,86.5899972151965,26.7171507002786,2.50551104545593,15.1743777561933,37.8477165009826,31.6250446019694,10.3733023141416,0.01,0.01
"2976",9.86754004843533,15.2271903352812,18.4613208053634,14.4529063021764,91.4265510160476,48.818514496088,35.3689035167918,0.00434597193700696,0.01,0.01
"2977",39.4110519671813,0.900512444786727,13.2878255099058,70.954842492938,60.5325736803934,38.3483943762258,37.9551243968308,0.0300157332580991,0.01,0.01
"2978",83.5162618895993,61.5558853838593,92.5043362658471,7.86406572442502,67.7023732569069,20.0905462028459,40.6849368009716,0.00278562579271932,0.01,0.01
"2979",62.6176487887278,66.7603227542713,24.0535012446344,19.995532464236,36.234294087626,52.4835756979883,74.4640696095303,0.00731259926652349,0.01,0.01
"2980",87.2783534228802,14.2288408707827,20.5705381929874,45.9921740693972,99.1786001715809,34.908733679913,10.3633749764413,0.0689566783181503,0.01,0.01
"2981",89.3054110230878,74.7218396747485,8.87537095695734,8.11795117333531,91.9018916087225,9.41318396944553,1.30430848803371,217.874515181812,0.01,0.01
"2982",11.2651059171185,21.2259698426351,12.8566696075723,35.0082181859761,95.0194228673354,39.7741278400645,46.3015209883451,0.00778783666013698,0.01,0.01
"2983",57.5340895215049,97.5873771589249,31.8892343668267,76.4256676193327,90.2848198544234,25.5484857596457,21.7224856372923,0.0372539191035999,0.01,0.01
"2984",53.2508603762835,12.3935253359377,97.5454030092806,45.1816163258627,35.4928606189787,34.7680736565962,66.8379216687754,0.0187510667496965,0.01,0.01
"2985",20.1679420424625,4.35002099256963,66.2900015246123,62.1085994876921,15.877402946353,38.519684667699,13.6144267395139,189.327498319919,0.01,0.01
"2986",64.4926186650991,89.8802823619917,12.2849541949108,25.9511163458228,76.5495560830459,72.5397466216236,10.9054817119613,0.171095325434669,0.01,0.01
"2987",38.6534449644387,46.7599541181698,8.184162247926,40.9250798635185,81.2743325484917,86.1841254169121,33.6882420117036,0.0145159501857505,0.01,0.01
"2988",79.3093648739159,5.65683853346854,46.5578847099096,41.7097671655938,9.75154787302017,9.98259347397834,37.4181374209002,122.05612981677,0.01,0.01
"2989",60.2348293410614,28.0653849011287,73.1221470749006,34.0867775725201,30.9225900797173,1.68887763284147,29.4049120275304,37.0776137141872,0.01,0.02
"2990",56.9684527115896,79.4652718119323,91.2738112732768,80.8934078086168,97.1478633116931,63.895524898544,81.3202518969774,0.0101142433503606,0.01,0.01
"2991",44.8209426831454,45.964999194257,20.3678459161893,48.008953826502,79.5411794446409,75.6090159527957,66.2952156737447,0.00896872049404763,0.01,0.01
"2992",51.4835257548839,51.2549465056509,93.6690872069448,22.7420933311805,99.6418567607179,91.7256045155227,26.8354828702286,0.00819864389823669,0.01,0.01
"2993",11.4767645252869,17.4593462375924,46.6422943398356,8.84367958642542,51.8675353378057,77.9589636949822,35.5481137055904,0.00467718690364543,0.01,0.01
"2994",25.6823767442256,10.7999705476686,33.9931243564934,72.4754609633237,88.6808972107247,80.5959360906854,91.7404178995639,0.00881058207535628,0.01,0.01
"2995",89.6334511460736,10.7997150393203,13.5034183971584,58.1595493713394,58.2697879057378,63.4173676604405,23.6021807184443,0.0418228131734331,0.01,0.01
"2996",68.8732384471223,94.3085574079305,7.04531187657267,3.73825577553362,63.3605438517407,61.6343647707254,43.5729570919648,0.00132365874496218,0.01,0.01
"2997",30.751691502519,58.396938117221,83.5036024684086,57.3616160545498,61.0491060651839,78.5832580877468,59.5472311368212,0.0155173404208899,0.01,0.01
"2998",55.687762144953,32.9278790159151,92.2129801241681,78.7997918203473,7.75182321667671,60.8557085972279,74.4086670223624,4.27221284267807,0.01,0.01
"2999",83.1704637734219,8.22465957608074,71.5526035288349,81.538364244625,48.7136611016467,6.88721092883497,32.1101477369666,0.0535099075435142,0.01,0.01
"3000",25.1020289957523,38.5395768098533,26.2523271841928,95.1244305586442,60.7643391937017,55.4894927656278,88.7194563634694,0.017447486237441,0.01,0.01
"3001",4.95518608950078,53.4359889337793,63.4937729220837,43.780797929503,81.0906764818355,66.7819559108466,63.9785695821047,0.00830825457838453,0.01,0.01
"3002",13.0247552646324,52.1683066850528,7.9410238424316,47.9122769786045,52.6667362079024,9.24442452378571,46.9657264649868,0.0189633093911884,0.01,0.01
"3003",39.6693544927984,6.92647469695657,86.8729558307678,64.8384729400277,69.1597192082554,68.5673472704366,44.5357978111133,0.0205732730043649,0.01,0.01
"3004",36.2826356198639,84.9600545829162,33.9480267371982,27.8780076419935,76.3036262942478,99.967436096631,28.3434315118939,0.0124509381508442,0.01,0.01
"3005",46.841605915688,76.2283813441172,88.5202234378085,30.7847409974784,18.5922441305593,63.5844649048522,96.7273008311167,0.0169619544944264,0.01,0.01
"3006",9.56412393134087,3.37319283280522,81.8742143921554,17.4984413664788,93.1166964350268,96.5081892441958,5.92976172920316,3.23754396742176,0.01,0.01
"3007",24.4701531948522,70.1677638338879,89.624194521457,99.8622636077926,27.8973812470213,53.5416935570538,60.6237524654716,0.0581406292488193,0.01,0.01
"3008",44.4023864343762,60.1002263138071,91.8840780621395,77.0062311319634,50.7838929304853,60.6530791614205,85.3899095207453,0.0175507406711789,0.01,0.01
"3009",17.3618220491335,49.5951953809708,49.3857805617154,66.9820999493822,43.9900651341304,19.2711527924985,41.4769793394953,0.0358654789274739,0.01,0.01
"3010",19.3974521942437,65.8202630467713,41.0240995464846,70.6913170404732,61.7891531903297,55.3848864743486,75.3125949529931,0.0149912915142043,0.01,0.01
"3011",88.2838639663532,22.9320233222097,65.9729919629171,25.493652978912,85.745813162066,96.3010267354548,3.067945712246,36.7496367687336,0.01,0.01
"3012",7.17051953542978,78.5090911434963,54.0133012225851,35.8255652012303,3.93090990837663,41.7634281562641,68.2281187502667,95.3335622649936,0.01,0.01
"3013",56.4496832666919,43.9625995000824,44.7433926630765,93.0664157727733,72.7436956716701,26.2152408482507,40.4461389174685,0.030863367095519,0.01,0.01
"3014",54.1976349661127,60.6674196431413,14.7295166971162,14.1966096824035,9.71269838046283,55.7434180518612,14.241830795072,282.001981423376,0.01,0.01
"3015",6.823535496369,67.816094821319,88.4685972472653,90.2304281713441,4.64705203194171,15.7798513537273,75.2848112722859,72.3934990960207,0.01,0.01
"3016",32.3733772849664,69.7164857760072,7.86145410966128,36.2201284384355,18.599484115839,2.1587983937934,26.090647187084,46.3327178932335,0.02,0.02
"3017",3.76141362357885,87.1193470433354,38.4786562295631,78.117829374969,58.1691779661924,20.0839110882953,80.4050668841228,0.0164956395064357,0.01,0.01
"3018",33.7143798125908,60.3916269494221,73.4778276877478,47.2742375684902,34.1930334456265,72.0820838818327,12.1878230944276,14.1138586809871,0.01,0.01
"3019",52.513333177194,25.6657794350758,82.0653499569744,5.25212285574526,97.0248336205259,33.0215023597702,37.7579549560323,0.00139599885725222,0.01,0.01
"3020",39.7803601808846,28.4747545607388,67.3256105277687,21.4110010769218,96.4045090833679,95.7019466906786,71.0568856215104,0.0030818616157021,0.01,0.01
"3021",0.306619447655976,87.2851020423695,98.3725833240896,67.4570863135159,68.6519496375695,92.7724526263773,23.543799854815,0.0401048946424925,0.01,0.01
"3022",49.0547481225803,40.5131069477648,31.471704528667,97.8515683673322,84.7006643656641,38.8996601337567,91.4211065508425,0.0124986925864665,0.01,0.01
"3023",51.4374313643202,37.3086943756789,23.8454808946699,92.9461225168779,19.7490918217227,22.8639551205561,14.1668062657118,86.8889948855454,0.01,0.01
"3024",67.6230996847153,22.4314379505813,35.4254941688851,31.0908033279702,77.3706493666396,2.11804104037583,52.5321572320536,0.00745427683430921,0.01,0.01
"3025",89.2131454776973,83.7075388524681,13.8024467043579,32.5306297512725,55.671623419039,20.0183659791946,3.07047544047236,156.458419370121,0.01,0.01
"3026",61.3760459469631,59.0320922667161,76.295351376757,41.636021155864,33.415902685374,22.5187715142965,97.0906444825232,0.0127002650248068,0.01,0.01
"3027",15.2461837977171,14.9117096327245,31.1813295120373,38.5318732820451,4.00069612078369,72.2982070874423,94.2788229323924,32.6413592847759,0.01,0.01
"3028",85.0928356638178,47.1478141611442,93.4842278482392,19.2414498189464,96.1985566420481,28.8746259408072,41.9499234296381,0.00465537076112323,0.01,0.01
"3029",83.7317234138027,47.6918405853212,37.8843044629321,19.8112352285534,55.2916602231562,37.9812442231923,55.1948294043541,0.00637561794072226,0.01,0.01
"3030",69.6116038132459,80.3551754215732,36.1340971663594,68.8334697159007,33.8999565225095,53.7168999901041,94.9050201335922,0.0211713802863328,0.01,0.01
"3031",47.8603971656412,70.0002970872447,13.394517195411,38.9234161237255,96.196951600723,94.6557575138286,33.8505539810285,0.0116099734976182,0.01,0.01
"3032",44.5702536962926,74.6445805998519,40.4940347187221,88.2753329584375,82.1008833823726,42.8030570503324,84.7275957930833,0.0125413976855034,0.01,0.01
"3033",16.6531259659678,34.4438101164997,73.5756111331284,84.1992726316676,34.0649866731837,75.3832253627479,68.6535614309832,0.0354833570897955,0.01,0.01
"3034",47.6615923689678,1.66467826347798,61.0857249237597,27.1944425767288,7.86949344910681,49.4781938381493,10.3941450593993,660.455667235092,0.01,0.01
"3035",25.4346668720245,12.7867510542274,65.2773330453783,75.6106308661401,71.641285228543,47.878184937872,16.7885494884104,0.0659791748943416,0.01,0.01
"3036",77.9261868679896,33.0804101657122,24.0654621971771,78.4332694252953,65.1031397748739,94.8638144880533,5.52123454399407,17.6863937984161,0.01,0.01
"3037",70.1119180303067,32.5018079020083,59.9999153055251,13.8733978848904,94.1381864482537,9.77931534871459,5.81560826394707,5.46995947050707,0.01,0.01
"3038",89.9733080528677,89.9958691792563,36.8689782451838,86.4749137777835,65.4474976472557,56.2015559058636,11.6633742582053,0.44131806549492,0.01,0.01
"3039",28.8411844521761,67.4619121477008,9.49373941402882,76.3056261697784,71.6477653943002,86.9971183827147,76.1578075354919,0.0138028225150288,0.01,0.01
"3040",19.3031158065423,45.3926201909781,95.7543790107593,60.240634996444,65.7103354576975,84.7945838468149,71.5072974562645,0.0126423629952005,0.01,0.01
"3041",0.538830808363855,86.1296012531966,54.1441823588684,49.4050214765593,52.0238760625944,50.6131134461612,93.1516660377383,0.0100860747720658,0.01,0.01
"3042",62.8661736380309,76.0707976995036,38.3313759462908,8.68663585279137,80.8110222686082,16.7680154787377,61.9135853368789,0.00170833796290235,0.01,0.01
"3043",13.5512394132093,8.11079351697117,27.7362335240468,79.4103866675869,81.12393761985,46.9738409621641,51.0231697699055,0.018808864595209,0.01,0.01
"3044",78.0432199360803,56.7502816673368,15.714751649648,80.8345129480585,22.2699438454583,19.0613819751889,55.4699278669432,0.072525126337701,0.01,0.01
"3045",53.7422108696774,11.7694821208715,14.9153111036867,88.2192561170086,51.2851629639044,27.7122115250677,71.2014471413568,0.023818717426396,0.01,0.01
"3046",33.5320284590125,73.4690146753564,7.69450939260423,35.6194853549823,13.4935291251168,74.6260947780684,69.6091650985181,0.136339001138137,0.01,0.01
"3047",34.0032025473192,79.95361010544,52.6626804377884,23.0428134091198,75.4383381223306,84.5141087425873,22.3445745185018,0.013116003182177,0.01,0.01
"3048",12.511398200877,40.97494201269,76.7426532460377,64.724745019339,26.52732655406,78.3784373430535,16.8216576101258,11.8542423629008,0.01,0.01
"3049",85.781417414546,36.7148796562105,34.0083837509155,27.0718830870464,42.0476187486202,83.6876722052693,33.0779260024428,0.0197803898898392,0.01,0.01
"3050",62.0449280366302,0.49229166470468,5.85886863991618,12.5844094669446,9.96588517446071,92.1111893607304,86.1565629718825,1.53469666981517,0.01,0.01
"3051",84.6482022898272,74.9338085297495,45.1309636700898,96.2739496491849,79.394546430558,67.7205701358616,60.9242729609832,0.0195812787559157,0.01,0.01
"3052",80.8389102574438,31.8330470472574,74.6101405937225,10.0215261103585,40.2204997139052,54.2636180529371,44.7819438064471,0.00546060868027405,0.01,0.01
"3053",78.5524092148989,21.1240596137941,28.4731008112431,48.4001504490152,16.0221795551479,92.5542070763186,60.1015627151355,0.132695599226596,0.01,0.01
"3054",25.4431175999343,6.81257040705532,40.8157070633024,42.9973523365334,59.2354907887056,51.2253589462489,84.7635156242177,0.00845995554609933,0.01,0.01
"3055",66.5684879291803,66.5852791862562,93.5879003256559,86.7468163371086,61.0864893998951,86.4317033207044,56.9067903328687,0.0245217505305819,0.01,0.01
"3056",62.1144425589591,74.2821274092421,40.7725370489061,55.2769249072298,99.6961167547852,62.2033299645409,46.4354415191337,0.0116880739890789,0.01,0.01
"3057",43.6292458325624,60.3007622295991,15.5830276664346,5.15133077278733,41.7949765920639,6.21631240937859,31.9962797919288,0.0144879637134901,0.01,0.01
"3058",83.166459039785,18.3367194607854,87.5907577108592,72.1264237072319,52.6040684431791,14.9437760002911,77.4869705550373,0.0174479022991705,0.01,0.01
"3059",69.5752473082393,58.2241508876905,30.0830948166549,17.9523034952581,1.15943264681846,94.2032115766779,5.04309788811952,936.406283600455,0.02,0.02
"3060",79.8949465621263,90.6927525997162,35.5899438960478,41.1897309590131,29.3850143440068,88.5762069374323,29.1632537497208,0.22484770452326,0.01,0.01
"3061",37.556276563555,14.5314182620496,94.7199070360512,19.0627922303975,13.0934229353443,32.3634843109176,13.9963645720854,222.221926341382,0.01,0.01
"3062",6.08386525418609,16.6315475711599,13.8980844058096,60.9641934279352,88.8179168570787,87.0987740810961,63.2686982164159,0.0106791976275116,0.01,0.01
"3063",52.2163237445056,44.827405246906,92.0086065074429,40.7001442043111,48.2390459859744,95.1685279374942,10.1714982418343,5.77008607724945,0.01,0.01
"3064",19.49677397497,88.7132968055084,83.4129855269566,20.6310019595549,1.71820267569274,23.1148094404489,81.2285799765959,406.633214643664,0.01,0.01
"3065",49.9344726325944,11.7778594139963,2.60388059541583,6.23457315377891,65.1126234326512,44.1018498735502,92.1538784401491,0.0010277286902384,0.02,0.01
"3066",12.4163696309552,82.1688299998641,85.9233788680285,22.6437202654779,62.9933129297569,35.4245260590687,46.5996540151536,0.00755101116982679,0.01,0.01
"3067",71.860918123275,46.908147726208,17.1211469685659,83.749671257101,5.00581902451813,73.6240577884018,42.9232750087976,136.091942624245,0.01,0.01
"3068",1.01278161164373,8.47179931588471,43.22114281822,87.256022146903,81.184717756696,73.3427966246381,76.8452191958204,0.0138023569575263,0.01,0.01
"3069",14.2446652287617,75.1520072342828,49.8428795486689,44.4263687590137,82.8512103995308,96.7389485333115,55.9396666707471,0.00941703268155277,0.01,0.01
"3070",8.71581742540002,64.8045716341585,31.032939418219,7.59812272153795,87.0892196660861,66.6705175535753,56.343614961952,0.00152139026024646,0.01,0.01
"3071",5.70534188300371,88.7410786002874,95.9338466869667,49.8794677434489,38.9912154292688,42.3412796109915,48.8161225337535,0.0256843077670479,0.01,0.01
"3072",71.3101129978895,72.3458283348009,70.8712062099949,71.9911767402664,18.4797561727464,73.3169506303966,19.8565234430134,26.3829784673267,0.01,0.01
"3073",67.3391629708931,54.1419797344133,52.003096183762,0.905603729188442,46.8538879649714,81.0591245535761,9.27538010291755,10.0768844026214,0.01,0.01
"3074",28.1727501889691,25.3183163469657,48.1934343464673,37.0262776268646,46.2839975487441,98.3978423988447,32.8421552665532,0.0238903682871572,0.01,0.01
"3075",10.6135572073981,36.8786528706551,92.1843101037666,29.8087770817801,73.7924904096872,15.6487243017182,44.836512603797,0.00880654038762379,0.01,0.01
"3076",40.6054780818522,67.8648533998057,67.7599149057642,3.75576536171138,87.8726367373019,97.4159130360931,93.2409828295931,0.000453530145299817,0.06,0.01
"3077",67.9589446634054,47.0980728277937,86.2693800590932,40.8579513896257,12.1084345737472,52.0029017236084,22.8129052789882,73.93916334271,0.01,0.01
"3078",9.95823082048446,6.66391730774194,47.1010848879814,61.2571662059054,79.1110609890893,88.8055150862783,81.8214911036193,0.00934603653705183,0.01,0.01
"3079",40.5677424510941,75.8832500316203,98.9231765037403,43.0729280225933,69.2156806588173,1.48817333392799,31.7205878673121,5.46824942357089,0.01,0.01
"3080",95.0648741563782,83.4671604214236,13.286966085434,58.6752527626231,21.1093006189913,64.7537920856848,78.4191647777334,0.0350747120306935,0.01,0.01
"3081",1.63099768105894,63.1980049656704,75.1775711309165,48.895903583616,70.4695160035044,12.4586064135656,27.168273110874,0.0246373306430973,0.01,0.01
"3082",69.297425611876,32.8827622812241,66.4945625700057,32.1444717701524,33.2350993994623,13.2463106419891,27.4882634403184,0.285370143065365,0.01,0.01
"3083",3.10347729828209,38.0204398185015,22.4461974110454,59.1522047761828,94.6887742727995,64.8923130938783,96.1906043114141,0.00642720040392862,0.01,0.01
"3084",70.817848900333,1.81724792346358,16.2596747511998,77.3485118988901,95.8170037483796,79.6584362862632,80.6960416492075,0.00987170123317867,0.01,0.01
"3085",29.9038690514863,41.7132928268984,53.0466270167381,75.0660551246256,19.5552286226302,91.4371483959258,5.85094203706831,303.072696904114,0.01,0.01
"3086",32.8473040135577,62.0585821568966,60.8150389511138,51.3048415770754,35.7646251562983,73.5611395910382,36.121453018859,0.0411164318474574,0.01,0.01
"3087",83.1051092827693,79.7595257870853,66.464655357413,33.5509581957012,36.8920668493956,69.3274642340839,31.9164963904768,0.0349336473938198,0.01,0.01
"3088",48.9157179603353,89.6477360744029,58.9015169767663,29.4730470981449,73.5408419976011,89.2615612596273,14.9271417409182,0.0357574235949613,0.01,0.01
"3089",32.8249783953652,82.2629390051588,55.7510864920914,56.5246954327449,55.5998186115175,35.1468888809904,2.31247742194682,203.47225797353,0.01,0.01
"3090",84.81771054212,82.796502718702,38.2932596839964,1.1422484414652,26.1107119265944,91.6385760297999,6.89598019234836,145.52726972452,0.01,0.01
"3091",24.600232555531,15.8235142473131,12.443980993703,69.1845819819719,5.61616297345608,25.1835520844907,60.7973834034055,62.9206100520199,0.01,0.01
"3092",98.8450597506016,6.7516857990995,63.5645168833435,50.6396407494321,35.7855807989836,91.4105714764446,98.0615916196257,0.0142792247523865,0.01,0.01
"3093",37.5279119238257,1.66539980564266,44.4753762567416,92.0289646368474,42.5361968809739,95.000635785982,3.97861823439598,192.705415367552,0.01,0.01
"3094",38.0053024040535,89.241352584213,57.4484821641818,98.7337413243949,64.7285424172878,91.7846347903833,35.5983662651852,0.0416770194082423,0.01,0.01
"3095",66.9506078353152,91.4734779624268,29.2309879558161,11.5213417913765,10.4194591054693,53.3203865168616,75.8534255903214,0.476408643587616,0.01,0.01
"3096",79.3469371274114,15.5479952460155,56.069479486905,26.2995357858017,52.4573437869549,60.7950324658304,55.7037250138819,0.00883986685137792,0.01,0.01
"3097",99.3590626167133,67.6606810418889,36.65250337217,89.0832860721275,36.602669628337,3.22680294048041,51.1536036850885,0.0471539499629507,0.01,0.01
"3098",2.86327889189124,26.2996906647459,56.1101654777303,10.5105504859239,2.18111681751907,72.4849496968091,25.5141244502738,690.210214984748,0.01,0.01
"3099",6.78653074428439,23.9416997181252,5.8821469778195,64.6474121604115,5.86147056892514,63.2592943031341,82.6624709181488,11.4063034502054,0.01,0.01
"3100",72.6247197482735,62.2747297398746,68.7722865492105,64.5657659508288,97.5723987445235,41.3609554758295,96.0535789839923,0.00681721072087437,0.01,0.01
"3101",65.3273165691644,4.65016402304173,99.204633384943,92.0653921086341,77.9572679894045,88.9356557046995,12.6283054007217,0.139834455506068,0.01,0.01
"3102",40.8973088487983,58.7529382435605,41.1693567410111,0.747790187597275,8.36204816587269,39.9384108372033,53.1914836261421,15.9145848293586,0.01,0.01
"3103",41.7898284038529,15.6108142342418,74.9415150145069,45.283523038961,10.4508364573121,24.4340415578336,45.4322511330247,16.9548590931057,0.01,0.01
"3104",94.1683880286291,31.7128377500921,37.4953032936901,94.2333199083805,34.3220405047759,36.0195896588266,29.3929176405072,0.143825223551598,0.01,0.01
"3105",62.0305634569377,15.4126416658983,52.7510836487636,28.5734817851335,24.4294959353283,4.61333780549467,19.9054298456758,104.195154614262,0.01,0.01
"3106",80.3230071906,55.1214374601841,79.9918823409826,25.8693139301613,96.7287514125928,25.857937312685,66.7156187351793,0.00394839057998975,0.01,0.01
"3107",54.4902434339747,45.5957582918927,78.079974767752,22.6429582806304,13.6531627969816,42.2549561364576,29.8795980634168,21.4637898078286,0.01,0.01
"3108",79.653913830407,99.5190703077242,28.7698925007135,59.8599713062868,71.931027341634,11.2304076552391,53.7743259686977,0.0151909708187547,0.01,0.01
"3109",68.2332218624651,63.6864865664393,89.9356734473258,71.562690474093,94.5430370280519,35.3383772075176,46.3322037830949,0.0159887172550651,0.01,0.01
"3110",58.963161543943,77.1275524282828,98.5790639417246,80.4844089783728,27.4194509955123,28.2227020943537,47.9613799136132,0.0627272526130588,0.01,0.01
"3111",26.5405399026349,79.798527713865,16.257581138052,39.0665431972593,74.1955402772874,48.1600722530857,86.3916900940239,0.00602533832275838,0.09,0.01
"3112",78.1233412213624,88.7764515820891,95.1219030888751,45.7441076403484,79.6018878929317,56.0178568819538,42.0786075061187,0.0133386598382871,0.01,0.01
"3113",66.3905123714358,4.15288531221449,13.6832583928481,94.6169878123328,57.0832969387993,46.4265350485221,38.2382921408862,0.0422252574160321,0.01,0.01
"3114",4.75023805629462,46.0785092320293,83.2520662341267,0.53779287263751,13.3120689773932,55.4330184590071,61.4497893257067,0.390280950261523,0.01,0.01
"3115",14.0208980534226,98.3269036281854,50.1963018206879,22.9053289163858,73.537863465026,82.8693931689486,83.3621675148606,0.00369203759442996,0.01,0.01
"3116",46.2537470040843,5.04647283814847,51.6739774961025,57.6592288212851,39.3070231424645,9.28757681977004,41.3693551672623,0.0367641062502645,0.01,0.01
"3117",54.0187224280089,95.8642651094124,68.1666179094464,24.4362805038691,48.462941381149,39.8316885344684,74.6886146953329,0.00666145338580697,0.01,0.01
"3118",91.3359463680536,55.5512497434393,19.3482052069157,3.94258887972683,54.2515992186964,18.4428366599604,82.640222646296,0.000868787362896322,0.01,0.01
"3119",95.6383983371779,32.6887171017006,81.1145296320319,95.7992323907092,58.355975523591,74.6224126545712,50.8015709463507,0.0316869529993421,0.01,0.01
"3120",63.4373020380735,73.265556874685,33.9588587637991,69.481516815722,43.9761164830998,98.3845205511898,32.4893415672705,0.0477128871913547,0.01,0.01
"3121",14.1160662285984,90.2655600570142,58.2679909653962,64.5211852155626,74.4766650721431,13.5323921684176,13.5562049923465,0.118929062518892,0.01,0.01
"3122",1.35072625707835,47.5531314732507,25.8374107768759,91.3350322982296,87.878926191479,25.9863919811323,82.3475547367707,0.0124682550093245,0.01,0.01
"3123",62.4188818503171,16.3857659557834,7.03931043390185,20.5831000814214,31.4291294431314,99.3916040053591,3.26807417441159,301.725227922511,0.01,0.01
"3124",8.02847191225737,42.3696242040023,68.5896524460986,31.2455583130941,63.529119710438,1.93187324330211,70.0288628228009,0.00688163463620387,0.01,0.01
"3125",24.5546765159816,12.4270813539624,10.6460728216916,98.7825050484389,75.195408705622,2.89787815418094,59.3549698591232,0.0216640716958999,0.01,0.01
"3126",30.6376627413556,44.6264486759901,9.01819108985364,9.30532990023494,22.4530017236248,56.9613787811249,8.4234660724178,153.237883858936,0.01,0.01
"3127",60.9764387365431,32.9299979610369,78.4939436707646,64.860562235117,49.4739884277806,20.0219859136268,20.5759428208694,0.11774219755616,0.01,0.01
"3128",79.879230610095,20.0664123054594,83.072247961536,40.9143451601267,18.4030682081357,80.1711644744501,23.9490513224155,13.8422576384161,0.01,0.01
"3129",94.7055411525071,0.0610440736636519,96.8043164350092,17.3370180185884,44.9048509821296,14.8372768890113,94.2751811584458,2.51159055802956,0.03,NA
"3130",42.9468162357807,13.0317487753928,95.306737604551,48.3496562112123,4.59047644399107,78.7309912731871,86.4389700815082,26.1634706839691,0.01,0.01
"3131",87.0790525106713,16.137109673582,74.6002717874944,71.3577675167471,9.54020826611668,38.5017954744399,53.668885002844,9.53751232500476,0.01,0.01
"3132",52.525553223677,56.8569261580706,78.0575741315261,98.110439023003,82.6411455404013,58.3876305259764,57.2585706366226,0.020375756560571,0.01,0.01
"3133",58.1741668749601,70.7964892033488,5.94260517973453,2.52312829252332,64.2304335022345,66.4383997442201,55.1229661563411,0.000700149890818632,0.58,0.01
"3134",0.955415167845786,24.4297517929226,37.848360859789,75.4309524316341,70.5088692018762,50.1193595817313,87.649866938591,0.0120662044607013,0.01,0.01
"3135",11.731920670718,6.05556638911366,60.6153850909323,64.3583227647468,79.1961211478338,81.28069518134,29.0783026721328,0.0270042176611099,0.01,0.01
"3136",4.33725791517645,81.7979465704411,34.3585179653019,58.4861363051459,52.1837322274223,69.7057271143422,39.7032211534679,0.0275353489947079,0.01,0.01
"3137",33.3128176396713,53.0267963185906,26.5450130449608,40.1475595543161,44.304474722594,39.9206664646044,53.9649040205404,0.0164857282126284,0.01,0.01
"3138",49.6759000699967,41.6432205587626,83.2753205671906,19.4888188736513,30.2858045324683,93.6074255034328,5.31721012666821,171.344743843044,0.01,0.01
"3139",19.8910566745326,4.01936848647892,65.4104501241818,47.4720546975732,24.9619571026415,53.5232446156442,57.7133542392403,0.034244641982072,0.01,0.01
"3140",55.315545341,4.58232110831887,75.9935548529029,92.9281910648569,19.125715084374,46.1921019945294,40.4442778322846,1.10218767566563,0.01,0.01
"3141",60.2210047421977,44.244847074151,68.5542597901076,51.8857785733417,92.9604531731457,84.0743575943634,9.6968797268346,0.117086720695231,0.01,0.01
"3142",26.6022789059207,99.385713855736,50.143340905197,60.033575957641,49.9039116082713,22.536027780734,99.7096865205094,0.0119441603300727,0.01,0.01
"3143",33.8231542846188,39.3402438843623,42.5079177832231,13.2315435213968,79.7244603512809,37.4884572578594,8.14041758421808,1.1214519053364,0.01,0.01
"3144",15.9979032818228,80.7697784854099,70.4769955715165,8.76258281059563,90.83067541942,97.8031082777306,77.4652633350343,0.00123016380753233,0.04,0.01
"3145",86.0320233274251,53.8477346533909,15.6312181381509,74.5905075222254,78.5288149956614,52.3901207838207,47.9836620856076,0.0193903696968275,0.01,0.01
"3146",8.11626389622688,60.2173296269029,23.0338183464482,98.416147264652,35.9281395329162,88.8835696736351,81.8040096666664,0.0330813346340475,0.02,0.01
"3147",39.4006103975698,92.6527208415791,57.5712705263868,39.2370034242049,50.8737693773583,97.312437533401,43.2914950652048,0.0174131943950041,0.01,0.01
"3148",9.9333985010162,63.3747204672545,5.80950402654707,73.8982510520145,5.53990032058209,94.3598710466176,96.1546931415796,6.00718697442144,0.01,0.01
"3149",53.6064384970814,82.255242834799,31.6244102083147,11.575846048072,53.5871313419193,5.24694677442312,91.1916567478329,0.00234245110293461,0.01,0.01
"3150",10.7518516713753,39.736485038884,57.8361648367718,73.609996214509,46.8539507128298,10.260625788942,31.61124761682,0.0496452205194874,0.01,0.01
"3151",68.0939983576536,19.8307197773829,35.8436827082187,98.4645300544798,67.2388660954311,61.8993491167203,38.8461804948747,0.0367469450717766,0.01,0.01
"3152",51.5520480461419,16.4616975001991,14.9951291037723,1.05637921951711,29.4106609420851,87.8650118596852,54.0439820848405,0.000821603479648389,0.01,0.01
"3153",68.2998842326924,52.4128654506058,48.5313392942771,51.015667244792,72.7581539424136,13.8894735137001,54.4234267435968,0.0126475098501884,0.01,0.01
"3154",39.2392195295542,3.63422113005072,38.5338337393478,55.4379060165957,95.14686439652,52.4830234004185,38.8653170084581,0.0146000329454293,0.01,0.01
"3155",82.6751884073019,58.5201218957081,7.55883967503905,30.5642844643444,97.2017790656537,42.5859074341133,29.8492755973712,0.0101923486920445,0.01,0.01
"3156",33.6365785682574,60.1015527965501,67.5199680263177,0.711815757676959,49.7987333219498,74.0017893025652,12.9420564742759,1.2723579536814,0.01,0.01
"3157",56.4765867311507,63.0606581456959,12.3629513895139,85.1609088946134,22.2818240057677,29.3493717676029,43.7346672639251,0.169896623000847,0.01,0.01
"3158",95.7717769080773,92.1291972743347,35.9110382618383,17.9010236170143,55.3214822197333,72.8590865153819,78.8844537222758,0.00405053185203782,0.01,0.01
"3159",2.40144012495875,73.758332640864,23.6064905999228,46.2769753066823,55.0386006012559,38.073336170055,70.6973518477753,0.0117268284653285,0.01,0.01
"3160",76.4620870118961,79.9485784955323,96.8099736841395,95.4493253491819,41.1588076967746,49.8205573763698,39.3598838010803,0.0575505033736377,0.01,0.01
"3161",82.6684902887791,81.799426022917,94.2176255397499,37.1557025704533,55.8531874092296,74.4605227839202,25.8103168103844,0.0252450101052964,0.01,0.01
"3162",11.0217768000439,22.3477881168947,88.1275426596403,42.3548446968198,76.6441329848021,96.4831664692611,67.6737741800025,0.00804553287967049,0.01,0.01
"3163",38.968288875185,43.6145985499024,0.546830054372549,21.9442997593433,1.5355336945504,81.9550561252981,71.7368776211515,387.405100682919,0.01,0.01
"3164",66.970795718953,92.7690817741677,0.0799642875790596,92.7263436140493,46.6678915545344,9.55377877689898,31.2830170616508,0.0627919359653219,0.01,0.01
"3165",36.3163605099544,39.6909469505772,82.2760288603604,61.7671609390527,17.3888331977651,51.8756970064715,19.849622878246,36.9028915711743,0.01,0.01
"3166",87.6319382572547,19.8475898476318,89.2795037711039,11.9882053229958,3.94987082108855,86.1342528369278,84.6496866783127,44.2243961717027,0.01,0.01
"3167",43.5030082706362,83.1042946549132,53.5174305085093,93.6489841202274,44.0720644546673,29.0242459392175,43.1080070324242,0.048178702564285,0.01,0.01
"3168",70.2468532370403,46.2926224572584,90.5584893655032,79.3199820909649,19.2924045026302,55.3432251792401,62.8386085852981,0.0714059548730352,0.01,0.01
"3169",90.1127647841349,26.0113838594407,19.0149122383446,73.3653278788552,27.9815844260156,8.66426329594105,35.4391864035279,0.285916676646315,0.01,0.01
"3170",78.5240021068603,51.0279672686011,94.8272020090371,64.2202697461471,78.3056054729968,46.102787181735,9.52969496138394,0.463328602309345,0.01,0.01
"3171",43.9019330777228,62.9622554639354,81.5586415119469,49.7920281719416,14.1462662024423,57.0634886389598,86.5112481173128,0.0465821314260656,0.01,0.01
"3172",81.9703401299194,71.5496084652841,84.5056162215769,36.7971201427281,79.1984376730397,71.4478853624314,65.0530947372317,0.00703351449629148,0.01,0.01
"3173",25.4951162496582,23.2636679662392,49.0438314154744,89.6460868883878,77.8903195168823,83.2677329424769,62.8138760803267,0.0180337592087488,0.01,0.01
"3174",32.6000267406926,21.7296956805512,18.2182043790817,52.354837092571,88.9962074579671,14.3805863102898,75.5442949943244,0.00768202083784153,0.01,0.01
"3175",24.9750575283542,40.4371850192547,10.7659879373387,62.0328385382891,34.3526386655867,87.8759326413274,97.5591611582786,0.0183213914681165,0.01,0.01
"3176",57.0757205598056,37.5106408959255,43.5669559519738,96.3956186315045,55.0815826747566,66.0170138813555,90.8088299678639,0.0190607416484617,0.01,0.01
"3177",68.7357647810131,95.4811453353614,71.9041279749945,53.429446183145,15.2031866833568,19.4874266628176,54.0520509006456,0.535439370847186,0.01,0.01
"3178",76.8317211186513,72.1214874647558,50.7757016690448,32.7531303744763,34.9242775235325,55.7465368881822,91.0139832412824,0.0101920984241935,0.01,0.01
"3179",40.9191815415397,20.957356877625,25.5343932658434,78.4950609086081,72.3326894221827,7.47610034886748,61.0941506689414,0.017459893871881,0.01,0.01
"3180",22.6315398933366,4.13794629275799,15.877032559365,80.8390996418893,76.1428127530962,78.6539366934448,12.1200587367639,0.195140831999928,0.01,0.01
"3181",95.7551359664649,41.9767573708668,99.2691777646542,48.1605046894401,47.7199987974018,3.2094951486215,84.4556105090305,0.0117662693638117,0.01,0.01
"3182",28.9507220732048,7.01463022269309,42.3546045552939,26.5223880298436,15.7258903142065,51.3459420530125,64.8486193269491,0.107992917289861,0.01,0.01
"3183",88.9538983115926,41.0084801726043,42.3392814118415,76.068199169822,79.8959861742333,19.3195959087461,84.6592578105628,0.0111121081929376,0.01,0.01
"3184",7.13973031379282,66.5593191282824,31.5427035558969,95.3033784404397,79.3215900659561,63.466190174222,70.9217549068853,0.0167047837144218,0.01,0.01
"3185",30.3964457241818,45.2016289578751,47.7421919582412,30.9957440476865,20.0249138521031,81.6594589967281,91.6369244921952,0.0167224926904684,0.01,0.01
"3186",10.5937299784273,97.850159718655,17.0497152721509,84.1205327771604,5.99842618685216,95.6473008263856,15.6344300834462,424.577840908218,0.01,0.01
"3187",30.0829456420615,26.7089034430683,29.7503744019195,6.74076518043876,28.4801029600203,8.72053590137511,84.1926687164232,0.00277778928476103,0.01,0.01
"3188",20.9958711871877,74.5156595949084,27.9311530990526,36.7441616952419,74.1519940085709,36.657431256026,14.747849246487,0.0457801487090195,0.01,0.01
"3189",87.5421220203862,25.0475570559502,90.7309330068529,13.0126636242494,43.8904666341841,24.0784352645278,6.94057105574757,51.8118228892717,0.01,0.01
"3190",14.2790554324165,27.0930876256898,64.4962386460975,26.0750815039501,62.3852869961411,19.3945727311075,18.6440676217899,0.0361314677002951,0.01,0.01
"3191",9.52312396839261,10.5823062127456,66.7242297902703,16.9969402486458,86.4534822525457,9.22490158118308,97.1708997385576,0.0019958251806242,0.01,0.01
"3192",38.8705701567233,56.7543263314292,49.3681795196608,25.2524089301005,58.3651207620278,89.6619533188641,2.37606528680772,157.893280283523,0.01,0.01
"3193",60.1280092028901,61.7222334491089,99.2719873087481,34.1776262503117,60.0050437496975,88.6824364075437,81.7753786221147,0.00688052128393829,0.01,0.01
"3194",95.3264968004078,17.9528315551579,54.6925254166126,78.6623467691243,74.0629744483158,77.321694791317,40.3549426468089,0.0256785277445074,0.01,0.01
"3195",92.6281434250996,11.3288339693099,19.4022672483698,70.4000151017681,34.8212851909921,89.1188069246709,27.2847059415653,0.159320515424362,0.01,0.01
"3196",45.3052658354864,39.0661852899939,90.9715147223324,27.1631942363456,39.3386190989986,31.1396018834785,44.1888257628307,0.0153197065511203,0.01,0.01
"3197",68.6824856558815,56.1624129768461,18.2270633755252,91.3962559308857,24.2569081485271,60.2151483763009,75.3377314191312,0.0493709524790036,0.01,0.01
"3198",78.9942468283698,18.4995564632118,70.2694462845102,97.822519694455,93.513327348046,10.4080560617149,48.7267642747611,0.0209974760392445,0.01,0.01
"3199",54.8477972391993,60.828599659726,77.3073652060702,46.9327982049435,84.2126670060679,70.1640580780804,47.1020841272548,0.01158511851788,0.01,0.01
"3200",32.627064245753,34.2040058458224,26.6715854406357,85.4083982063457,46.3282478274778,5.10081434622407,48.198509006761,0.0374513102576417,0.01,0.01
"3201",64.8099239449948,65.1801099535078,58.6440402083099,84.2304127523676,42.1265017939731,85.0282260682434,26.2496823212132,0.0872472854674587,0.01,0.01
"3202",50.9802935179323,84.8127213772386,5.15646322164685,84.2371978098527,92.096536536701,34.3052125535905,75.9150803089142,0.0118914181275653,0.01,0.01
"3203",89.3844719510525,66.2952268496156,18.7969299964607,65.2323005953804,1.05602880939841,22.0716479467228,79.6168216969818,658.192602150604,0.01,0.01
"3204",75.8107897359878,87.7356373239309,38.4586041793227,75.4905743058771,50.9650295833126,31.8478909786791,42.7351866150275,0.0338668727821295,0.01,0.01
"3205",37.1229877928272,64.5272654946893,73.8403704250231,55.0171168986708,74.5445208391175,94.1798922838643,10.3389193536714,0.336831126611325,0.01,0.01
"3206",56.2446050113067,97.6579333888367,81.5935652004555,95.8256780635566,7.14448483195156,83.7964343139902,68.8521725824103,8.54471893930013,0.01,0.01
"3207",26.4995964011177,1.92505761515349,83.8525912025943,18.3902916964144,49.6022422797978,6.40909443609416,19.0801274031401,17.4159208231765,0.01,0.01
"3208",48.5766800120473,59.7048439085484,62.9275446059182,6.43651634454727,91.1033324198797,41.0161845386028,9.36740515753627,0.128789532861022,0.01,0.01
"3209",13.8840745203197,61.6311687976122,68.4099019505084,48.3704171376303,97.5361694581807,60.7117396546528,66.3913337746635,0.00735820737940743,0.01,0.01
"3210",71.4302945416421,93.3389811543748,53.7116442807019,13.042226806283,71.9430744415149,58.9175652246922,84.5209476770833,0.00211970008607723,0.01,0.01
"3211",83.0694483127445,92.4248179187998,4.15586696472019,16.9406635453925,88.8744517462328,46.1665934650227,89.8139993660152,0.00209889460923191,0.01,0.01
"3212",43.3307624189183,55.0756390439346,62.2104361187667,69.025231921114,20.9981149993837,82.2055635275319,93.988285260275,0.0346089501727745,0.01,0.01
"3213",57.8426317311823,78.1841363059357,85.8702954603359,12.2180265840143,28.4769527614117,35.5167421279475,81.8118365947157,0.00518075922132891,0.01,0.01
"3214",90.7928452594206,15.970051381737,46.5937860077247,21.1833741050214,99.1030795499682,86.2959628924727,55.7188345817849,0.00376796079301452,0.01,0.01
"3215",50.8955120341852,77.9820498079062,53.9031078806147,98.4341674484313,82.8260159585625,81.0396435204893,89.0363661106676,0.0131991227041089,0.01,0.01
"3216",4.71173927653581,71.2518537882715,49.8925145482644,32.0786279626191,95.5004622228444,24.7671318473294,95.7471482921392,0.00347148096550989,0.01,0.01
"3217",75.239820079878,92.495630425401,29.9864810192958,95.6806409172714,98.7512907246128,69.5493280421942,50.7376665482298,0.0187267512602908,0.01,0.01
"3218",67.8875594167039,52.1772996988147,34.1490262420848,22.0325372880325,34.2681314097717,6.3563137780875,32.5298442039639,0.108324663985193,0.01,0.01
"3219",55.2803572732955,54.5265577966347,97.9635792318732,83.4044409217313,67.296008951962,18.7051917193457,31.5269571729004,0.0380881683738827,0.01,0.01
"3220",92.1891188016161,90.7922408543527,79.9469076795503,54.2771848384291,15.3123333584517,46.2022079853341,30.7841217610985,10.5491451769891,0.01,0.01
"3221",82.4158235220239,8.17037343513221,94.1834489349276,96.0962321143597,36.4588445983827,68.0185500765219,93.0702907731757,0.0280030238522377,0.01,0.01
"3222",53.3591333776712,96.1238020798191,63.0465731956065,32.7415300300345,47.5048400694504,93.1874230504036,84.4040133990347,0.00807002533539329,0.01,0.01
"3223",41.2890051491559,44.4594369269907,30.9740585740656,60.6620316393673,53.6825818242505,86.1148600233719,52.9594473540783,0.0209411321370326,0.01,0.01
"3224",10.631254198961,99.5592354098335,97.3794874036685,23.1160631170496,21.909265499562,85.0926763610914,48.6306448234245,0.0465855978324987,0.01,0.01
"3225",96.1400124942884,63.8606405351311,33.4896455751732,52.4337130598724,85.2613237220794,79.089530534111,29.9005253240466,0.0199011871756849,0.01,0.01
"3226",77.8593044728041,85.5842042015865,75.8482401492074,25.5631084786728,73.6683254828677,9.62989160325378,85.417238692753,0.0040137433885556,0.01,0.01
"3227",39.8604928515851,18.2718403404579,80.6749734794721,78.0662696575746,3.7996024126187,80.7954407762736,57.1027564816177,141.861578501481,0.01,0.01
"3228",38.668776047416,92.0743525028229,50.9528711438179,55.9195746900514,23.4786200104281,73.9353753859177,87.4801717931405,0.0269192011241572,0.01,0.01
"3229",56.999860657379,7.88048303220421,34.9945612251759,64.0254447702318,88.4998401394114,99.9435514677316,60.5738215148449,0.0117467468969392,0.01,0.01
"3230",95.2088924357668,15.2879426721483,2.5224729673937,24.7705056797713,91.7982467915863,62.8324503311887,94.0029129153118,0.00284000078580908,0.01,0.01
"3231",57.3256173171103,59.0092067606747,17.5099290907383,66.2812857888639,18.051316216588,61.100132483989,49.3453841423616,0.233372863133428,0.01,0.01
"3232",92.6005492918193,6.42502384725958,52.1732026943937,57.3315512621775,21.5812571812421,21.6924456181005,17.1519654570147,49.463595989219,0.01,0.01
"3233",71.3328812038526,43.1912320433185,54.0349236922339,31.5573981730267,85.9405785566196,48.9271597238258,27.4226599140093,0.0129177931542419,0.01,0.01
"3234",52.9059627559036,13.1259797373787,55.8126197895035,91.9325118418783,56.2827656278387,13.3400211809203,2.60955321136862,264.106496989527,0.01,0.01
"3235",70.4038287047297,84.138268372044,83.6329146753997,32.1878401795402,32.4085833271965,57.848632405512,79.4337467988953,0.0123473952934205,0.01,0.01
"3236",53.2623802311718,57.6043314067647,84.1663544764742,94.9294170364738,54.0096956305206,7.80162797309458,86.4268970675766,0.0200885808822669,0.01,0.01
"3237",24.0461145760491,74.4494820479304,25.066498410888,88.3787207538262,27.7954710880294,62.0612264145166,1.72980080824345,530.834693277852,0.01,0.01
"3238",47.7571901166812,66.2897805683315,26.6590883722529,67.8758933441713,78.7517414428294,93.3619662420824,85.0210471311584,0.0100193793574293,0.01,0.01
"3239",77.6223901892081,0.594912492670119,9.63800947647542,11.9031199021265,4.53310278244317,58.3557592239231,20.8073487970978,751.145507702977,0.01,0.01
"3240",87.095023971051,5.10313361883163,31.9964620517567,47.3778440617025,33.9016498532146,63.9465909451246,68.6958745121956,0.0200464067172103,0.01,0.01
"3241",93.6490578809753,91.4450787939131,54.7496180282906,99.7018597321585,55.159154580906,7.30846426449716,93.6501088319346,0.0190908433053322,0.01,0.01
"3242",65.2325097704306,50.5761228501797,14.2018978251144,71.858662716113,73.2283189892769,61.9800497544929,76.7460186500102,0.0126214644034368,0.01,0.01
"3243",75.501749990508,88.3127877255902,91.0711809294298,43.4102747123688,1.11732217483222,79.5418343506753,22.2423161612824,866.306355836995,0.01,0.01
"3244",97.0034497790039,67.2459244728088,6.89627793617547,25.3660609479994,67.2995160566643,80.2463682834059,53.6397802876309,0.00689803282207525,0.01,0.01
"3245",48.1043463340029,31.7436300450936,10.8148710103706,21.3002532022074,26.6160967992619,37.0537404436618,91.9113396201283,0.00861312763758518,0.01,0.01
"3246",46.2101319804788,13.3623686386272,29.8099410021678,7.11937579326332,96.639945032075,46.9295553164557,97.4557370878756,0.000748036061117236,0.01,0.01
"3247",47.6525140460581,78.4267475595698,6.27504049334675,22.9749030200765,17.7897930378094,11.6755092749372,88.3734073955566,0.0149300634880347,0.01,0.01
"3248",16.8723267968744,14.6979630226269,21.9811313785613,32.8379699960351,31.5352288307622,88.5057115694508,32.090884889476,0.0814624649823293,0.01,0.01
"3249",11.9379395619035,0.704743340611458,1.68454179074615,87.2286448720843,17.5107812508941,47.6719735190272,73.4534231480211,0.146993365632986,0.01,0.01
"3250",89.1693538054824,24.7759845340624,19.0801070770249,85.7016207417473,78.532627527602,98.2948667136952,63.7546914862469,0.0168518155461904,0.01,0.01
"3251",63.1707222899422,23.0478292098269,5.76731993351132,27.5049442658201,82.5896177208051,76.2037470238283,50.7762472843751,0.00643177115045087,0.01,0.01
"3252",50.7607440231368,89.0944115584716,52.6330602355301,23.4917496098205,3.16146966069937,6.44376880954951,64.9322045966983,645.725960651048,0.01,0.01
"3253",80.773455882445,37.1010312344879,17.1475735027343,0.170859904028475,3.13403073232621,35.9044588403776,26.8218480749056,558.764104558339,0.01,0.01
"3254",40.9000273095444,36.9102360215038,39.5476085599512,30.2888549631462,12.0057795429602,48.9770234096795,0.381788099184632,756.505080386044,0.02,0.02
"3255",2.93470427859575,47.4860941292718,32.82159792725,80.5323652923107,16.6300280252472,60.8727103797719,10.1420165738091,204.741844865831,0.01,0.01
"3256",83.5121671436355,30.2707824157551,31.8010064540431,49.6873283758759,50.7600670680404,25.8929151808843,91.2065683631226,0.0106144327421379,0.01,0.01
"3257",20.2883804449812,32.7920760028064,38.0789208691567,89.6762332180515,29.2021550470963,45.0658877845854,19.6126049384475,3.99583783331184,0.01,0.01
"3258",14.1263777157292,92.9252455942333,55.0238760886714,10.6812447775155,36.8348300922662,3.15466527827084,76.4364013681188,0.00374214387574152,0.01,0.01
"3259",15.764859248884,23.1203491333872,15.1334598427638,73.7952822586522,57.4321502819657,11.9409922976047,54.3101541465148,0.0232231635288212,0.01,0.01
"3260",89.5216627512127,43.968477123417,14.0705893747509,47.4677796009928,46.2488271994516,80.9553417842835,5.71766719222069,53.8204950004597,0.01,0.01
"3261",13.5415620636195,55.90261509642,8.54444657452404,57.9418017761782,32.1212457492948,58.3047838415951,1.10696654301137,570.246076404137,0.01,0.01
"3262",43.5924183344468,71.8956449534744,92.8452311549336,10.4432640364394,44.8894958477467,95.4836199991405,71.2994083762169,0.00321762635990527,0.01,0.01
"3263",47.7927305735648,40.7954040216282,99.3714100448415,50.6605952046812,15.352855855599,41.9599137734622,11.1556401243433,208.274168011483,0.01,0.01
"3264",76.3855853583664,53.94152184017,29.7947368817404,56.1273544095457,71.5752271469682,9.53104081563652,44.1089857835323,0.0173787907157178,0.01,0.01
"3265",5.0630415789783,23.2275148155168,83.4140616469085,17.6492087775841,12.4095272971317,15.193607355468,66.4413104765117,0.948974123773536,0.01,0.01
"3266",32.043970329687,27.3264667484909,20.3185501042753,33.9905345346779,98.5229101730511,84.1450304957107,94.6206116583198,0.00360778988601651,0.01,0.01
"3267",75.6478294264525,73.0419255327433,64.4751586951315,47.2336564678699,18.6076115584001,94.4729189388454,46.712978859432,0.230597075101555,0.01,0.01
"3268",3.80747432354838,99.1746024927124,4.56907728221267,71.2674885056913,9.72877792082727,19.6728511014953,77.9225337551907,1.19252729730022,0.01,0.01
"3269",17.509259050712,15.8995414851233,48.6648342106491,93.9206428127363,45.4753373749554,64.4894099794328,14.7871853318065,1.38657608849235,0.01,0.01
"3270",14.1817762283608,15.9333411371335,44.0712807932869,65.8087485702708,72.1377494977787,17.4903905019164,10.0287718931213,1.2179782708005,0.01,0.01
"3271",15.801451401785,56.0980838024989,80.9406348969787,84.317917120643,59.1155034955591,68.6585907358676,86.097534513101,0.0163748943434538,0.01,0.01
"3272",30.1357611548156,29.2110984912142,73.6781535902992,65.1835775701329,45.5848792102188,55.1201310940087,12.0949030388147,3.89057381625438,0.01,0.01
"3273",15.3108838247135,97.8960746899247,15.2741426369175,39.6723933052272,76.4044353272766,63.0361726274714,56.4017130527645,0.00904560085477832,0.01,0.01
"3274",27.8100229101256,75.5430723074824,26.4307818375528,63.7881092960015,46.2268592091277,39.7968230070546,44.5192170795053,0.0303147795974727,0.01,0.01
"3275",2.27417331188917,71.9035051995888,31.0031406814232,7.82716502435505,11.7865143110976,50.5055506946519,19.5043247193098,123.689071153701,0.01,0.01
"3276",88.0387226585299,31.0106579447165,63.9652739511803,70.2725877519697,36.018697428517,65.1214057346806,84.9799128016457,0.0226893319924315,0.01,0.01
"3277",64.7585177561268,39.1704813577235,4.85684298910201,99.4678455637768,31.7200889112428,7.77611490339041,74.828005139716,0.0413485427619679,0.01,0.01
"3278",62.7545363269746,81.507780496031,45.2382718212903,21.262466115877,27.8549541719258,37.8934760577977,82.3295728303492,0.00916012711043,0.01,0.01
"3279",35.9265316510573,58.3193721016869,29.381339950487,30.4273722460493,15.7269473420456,54.629179649055,51.5936369774863,0.410546751392779,0.01,0.01
"3280",67.2554412623867,78.744743601419,62.4705136055127,53.2601471059024,60.7688597636297,30.9168223990127,64.8299432825297,0.0133124113467183,0.01,0.01
"3281",98.6074312357232,23.1169156031683,91.2496043136343,72.3947576014325,76.2593446532264,30.5930138099939,91.254242323339,0.0102842188775458,0.01,0.01
"3282",68.1898445123807,67.638801317662,56.5248907310888,33.1588491797447,67.768537462689,21.0624105995521,69.2168564535677,0.00696725139162744,0.01,0.01
"3283",12.1197263710201,2.73061583284289,76.6513278475031,89.9275459581986,76.3650725362822,36.2115513999015,87.904421472922,0.013201695382445,0.01,0.01
"3284",84.8577257012948,9.92329532746226,47.446829569526,70.9403796587139,64.9521275190637,17.259641061537,29.7341803088784,0.0355133063257797,0.01,0.01
"3285",62.6288387924433,56.8965215235949,50.0501612201333,80.4194462951273,53.9063649950549,30.5445408914238,63.8643753016368,0.0229970154248623,0.01,0.01
"3286",3.83402633015066,83.1210122909397,20.8536574617028,24.3511246750131,19.7832989040762,51.4967756578699,15.343021065928,54.287260694679,0.01,0.01
"3287",74.3109899107367,24.8778273584321,56.9088900228962,97.8114777710289,42.3284232383594,29.0992315160111,11.0492143779993,10.741463620175,0.01,0.01
"3288",73.3032751595601,97.7196325547993,54.2850681114942,34.0280287899077,46.0565648041666,39.1848071478307,14.7897942457348,1.05508672340828,0.01,0.01
"3289",6.19423331227154,80.4308020509779,56.9832731969655,89.7780689643696,57.4007996590808,20.1912881340832,48.4052274376154,0.031653794562567,0.01,0.01
"3290",86.5929125109687,42.6521166460589,80.3526092786342,2.46093661990017,31.7082240479067,51.1979557108134,51.6284349141642,0.00157157152817019,0.01,0.01
"3291",88.9896470587701,86.8078071624041,13.8694984838367,43.6052987119183,29.5915588736534,24.3457643548027,26.8967935815454,0.514963675200447,0.01,0.01
"3292",60.5694073718041,32.5264628045261,29.0198371512815,15.9066050313413,37.867954140529,15.011715143919,93.6118230689317,0.00443909288205392,0.01,0.01
"3293",10.9932318562642,3.08025542180985,67.2600509598851,77.4707902921364,25.3034219145775,68.9190457575023,56.4204623689875,0.0555092636253002,0.01,0.01
"3294",39.0024929540232,44.3428384605795,46.4951695408672,26.0769823333248,23.4545848798007,13.83009145502,73.3279100386426,0.0150624459112942,0.01,0.01
"3295",67.4122328171507,10.2807376999408,62.4287046259269,26.570064923726,86.6576535860077,40.2679619146511,92.2894661081955,0.00328440320645202,0.01,0.01
"3296",21.7849915847182,47.7387911872938,31.0889611020684,12.5984075479209,82.4573538731784,46.2204641196877,41.0237855277956,0.00363545311414347,0.01,0.01
"3297",10.7277237577364,68.705130671151,43.4470999753103,32.0495813386515,29.5270615257323,99.105321476236,54.1151395067573,0.0198153816049719,0.01,0.01
"3298",69.9133104411885,93.023073556833,81.311962287873,6.19222368113697,90.8562158932909,4.98003701213747,54.2505492456257,0.00123228870851713,0.01,0.01
"3299",8.37086944375187,31.1942251864821,27.4543719599023,30.7391471229494,78.6749618127942,58.0560923554003,73.0782336555421,0.00527386659427855,0.01,0.01
"3300",32.910474576056,52.3959765676409,50.639023957774,56.6527837421745,13.8818486128002,59.2504855478182,13.5756521252915,167.016456350359,0.01,0.01
"3301",79.7098187031224,73.5632902476937,22.9470372665673,83.2214965950698,49.3168823653832,70.9597060456872,97.2665593959391,0.0171722556845846,0.01,0.01
"3302",29.4291507918388,70.602245721966,78.4455628832802,85.2492620237172,57.2798158973455,89.9037962080911,29.1830464499071,0.0493511914694497,0.01,0.01
"3303",18.9796861028299,14.1488773981109,23.930440377444,99.7701875166968,7.02905827201903,26.0654886253178,33.7269842391834,164.624892527025,0.01,0.01
"3304",24.8441514093429,96.6941508697346,79.1475638514385,77.787600341253,90.9388711908832,28.265384840779,7.4821422342211,0.838898127681427,0.01,0.01
"3305",62.8600637894124,43.5358888935298,48.2511570444331,29.2657830286771,16.1390691529959,56.8686990765855,33.6193377850577,5.26888662103771,0.01,0.01
"3306",28.0481633031741,24.2026997497305,93.7699431553483,8.17995881661773,87.6574851106852,29.3354529421777,82.818333664909,0.00111261188761025,0.01,0.01
"3307",54.336664499715,41.5127114392817,57.6796620385721,95.6039803335443,22.4948823684826,16.6383157949895,35.8965480001643,0.74708942585748,0.01,0.01
"3308",61.0222589457408,15.4401715146378,45.957352919504,83.6179441539571,77.9222365934402,62.4989936826751,43.6331648146734,0.0240376879321897,0.01,0.01
"3309",44.6664972929284,0.772469281218946,75.3274320624769,24.8025078559294,92.2383644618094,68.0311830481514,61.28199249506,0.00428824282349598,0.01,0.01
"3310",64.1741843894124,94.4102049572393,17.4769803415984,15.60863701161,59.2404993716627,4.79555248748511,86.6071401862428,0.00300673978258271,0.01,0.01
"3311",95.066528278403,57.0100581506267,64.0012178337201,77.883987640962,2.25996535737067,98.2556596398354,63.9694088837132,265.026514460533,0.01,0.01
"3312",31.9227287080139,55.1724618533626,31.3271898776293,26.1565609602258,93.2928493013605,1.80330188013613,13.7575787957758,40.3940588447573,0.01,0.01
"3313",7.39412514958531,42.7752561168745,93.3661280665547,17.3726408043876,11.7234705714509,72.4452879512683,98.7436598632485,0.0279017866347689,0.01,0.01
"3314",84.8445368465036,13.3910455973819,50.4855593666434,85.8802287606522,8.73947523068637,58.8415214326233,63.4539047488943,5.87840360683904,0.01,0.01
"3315",30.4307936923578,19.4223554572091,96.8647612491623,11.1572791123763,12.0966077549383,48.2894566142932,26.5525673981756,53.516980211943,0.01,0.01
"3316",1.3893136754632,10.39488108363,63.4946427540854,3.87689003255218,85.0691133877262,99.7314929962158,42.3447081353515,0.00105112899507349,0.01,0.01
"3317",4.4707604451105,24.9708832474425,81.1008210992441,45.060672541149,58.4691032068804,54.3698434485123,33.2471683854237,0.0225029669167655,0.01,0.01
"3318",1.47887212224305,8.00448562949896,14.5118193002418,95.6742198904976,27.0184175111353,37.109753722325,5.6195713346824,289.634350796915,0.01,0.01
"3319",93.0455378256738,46.1589131038636,13.2480605272576,17.0191068900749,51.3253574259579,28.1273032072932,81.23439848423,0.00403205169853996,0.01,0.01
"3320",88.285990851,36.4470332860947,72.0792317995802,11.8130275979638,81.884560524486,13.1773720495403,39.7854479029775,0.00353473359701714,0.01,0.01
"3321",43.1939778383821,45.2458799583837,42.0412654522806,37.5563148641959,20.6207251409069,92.324809380807,97.3245719680563,0.0185250644500495,0.01,0.01
"3322",70.3150377608836,91.2736279657111,14.9527733679861,11.8755964096636,86.8955633370206,51.8241679063067,73.528462741524,0.00183475408236881,0.17,0.01
"3323",15.3803845169023,40.7004496315494,48.2473214855418,44.4975847611204,11.6033519618213,89.1614711144939,90.0660829385743,0.0792834641948514,0.01,0.01
"3324",63.8390025356784,76.0595377301797,94.3091306835413,14.9170143529773,34.0925065800548,61.7997442837805,32.6290276367217,0.0278341274788994,0.01,0.01
"3325",31.911901710555,3.13216506037861,7.42000008467585,73.5097499098629,5.80441919155419,50.3550274996087,71.8017727369443,34.7561742537739,0.01,0.01
"3326",78.654829156585,66.5310370968655,39.732814906165,21.746215946041,6.98410056065768,29.3386123143137,3.63239471334964,669.960491708594,0.01,0.01
"3327",66.4671356789768,45.9743517683819,94.5341428974643,61.117798066698,4.41702911630273,76.7195316962898,35.9080967493355,235.241856046248,0.01,0.01
"3328",51.2021651025862,69.6342125302181,76.6579913906753,71.6611080337316,1.52835494372994,19.4803743623197,81.2709321035072,489.681356192244,0.01,0.01
"3329",9.72057047765702,25.9487278293818,84.7830678569153,63.349803048186,91.8435991043225,64.993281615898,54.5615110080689,0.0124113565330678,0.01,0.01
"3330",30.1597559591755,25.7127415854484,62.0447299443185,54.174119560048,63.008989719674,9.38149378634989,6.65826911572367,30.4350285470661,0.01,0.01
"3331",36.224561999552,6.24079159460962,84.4928696053103,35.9305531950668,60.3190668160096,39.6660284372047,84.0025729732588,0.00699842330830489,0.01,0.01
"3332",37.0136580429971,93.094341061078,99.298652424477,24.8193634906784,1.86421885155141,87.2649015160277,22.3815090255812,731.462667608547,0.01,0.01
"3333",28.0147483805194,51.4326422708109,28.8654923206195,76.7449681647122,42.6571405725554,33.2674981560558,42.8022359730676,0.0410881146161472,0.01,0.01
"3334",41.0407100571319,67.0860675396398,7.25331748835742,61.6121107479557,26.0298864915967,24.5046289172024,83.2445355365053,0.0280968681329141,0.01,0.01
"3335",82.1611633757129,49.1565994685516,66.055231099017,89.4987345673144,68.2985127903521,44.6688713738695,88.515308778733,0.0146371643924087,0.01,0.01
"3336",31.7264176672325,96.7188533162698,37.6343649346381,32.2920063743368,73.8946683006361,14.572479063645,64.691733638756,0.00665148404865817,0.01,0.01
"3337",83.4423570195213,79.1231537936255,36.1681294860318,77.2624667733908,70.9969572490081,36.7865092121065,93.5966967139393,0.0115034752957622,0.01,0.01
"3338",61.8911689613014,92.7954965503886,10.370086831972,75.690983585082,72.6892030099407,94.0862946445122,6.4101055264473,5.57225287011774,0.01,0.01
"3339",46.5972563251853,52.0543680526316,56.7778755910695,77.0756640937179,59.0353055391461,26.2333910213783,16.2203209241852,0.150063490648067,0.01,0.01
"3340",98.6693066544831,37.0248606428504,74.4647098938003,41.9911629054695,25.0232645543292,26.8544237362221,40.0273928185925,0.110249697067772,0.01,0.01
"3341",37.6056080218405,10.6063826242462,16.0952786449343,99.824930797331,56.0255675576627,65.3788898140192,69.8133539874107,0.0251583486563824,0.01,0.01
"3342",19.9607055168599,86.456351657398,99.3308301782236,89.1348634148017,45.4405322438106,71.1248140316457,15.6712735071778,0.794621089544665,0.01,0.01
"3343",90.7630196772516,60.2630927925929,91.8765211245045,33.4646791452542,64.643522631377,52.7359848609194,80.8800946455449,0.00632165034566891,0.01,0.01
"3344",86.9319257093593,76.3625578256324,99.5975679019466,62.4088975600898,96.3928112760186,39.0939825912938,87.4642864102498,0.00731739436734261,0.01,0.01
"3345",65.1359461480752,86.6434449097142,90.0921372696757,62.0347887976095,98.8206114852801,29.7116165515035,39.2260992433876,0.0156028190756371,0.01,0.01
"3346",68.2928101159632,30.2939820569009,41.1328224930912,41.9520496623591,95.5426160246134,0.066242297179997,86.0844155307859,0.00868333538124394,0.01,NA
"3347",41.9344683177769,57.9361139098182,6.33897718507797,47.381994058378,87.9597061080858,53.579220501706,48.1027118163183,0.0109700584851091,0.01,0.01
"3348",62.161895702593,82.7424569055438,91.1076316144317,23.7570082768798,71.3583916192874,18.373979232274,83.4992273477837,0.00393891239578479,0.01,0.01
"3349",52.4486943846568,27.6850685942918,57.4148572515696,60.8453931752592,10.8157191192731,91.8929840903729,87.1775235282257,0.167795491050459,0.01,0.01
"3350",54.2750893393531,62.8382619936019,63.4007889544591,9.68238874338567,56.268710969016,56.5672374563292,42.936265678145,0.00391629082285303,0.01,0.01
"3351",50.7552851224318,0.626188307069242,1.2100892374292,33.9808615390211,67.5425213761628,30.0112063996494,40.0283476570621,0.0122079914405724,0.01,0.01
"3352",58.2495246781036,47.382768872194,35.8392406953499,68.5470580356196,91.1177129950374,24.8809420969337,93.5186642687768,0.00795790668218715,0.01,0.01
"3353",20.4266220331192,29.8385681817308,45.2943886630237,78.547274065204,16.1165904952213,53.268852783367,86.1034735571593,0.0574324188573451,0.01,0.01
"3354",56.535676959902,58.9342183666304,16.2953217281029,69.2578271497041,12.9322914872319,81.0021468671039,29.6718539204448,23.6748854218193,0.01,0.01
"3355",3.42562759760767,39.3518837168813,52.4898249888793,13.3321989327669,55.7978950208053,15.9776160493493,86.1063658259809,0.00274229462625257,0.01,0.01
"3356",5.66321285441518,16.9969912618399,14.2366738291457,36.1817955505103,52.2189291659743,2.09206773433834,11.3110025646165,30.4327738824223,0.02,0.02
"3357",55.9636940946802,77.5458167307079,57.4301918502897,74.4162772316486,23.0646864511073,69.2235074238852,91.716019785963,0.0347988274186453,0.01,0.01
"3358",51.8877400318161,99.5233750436455,76.3195431558415,60.7782074483112,37.5493339961395,53.9875129936263,73.9948384230956,0.0215823132157397,0.01,0.01
"3359",14.773326786235,58.3966810721904,89.14099347312,48.413824592717,83.2935017766431,26.5148443402722,42.7181963808835,0.0132916778572834,0.01,0.01
"3360",53.6009910516441,73.8121718866751,71.8965752283111,32.2775915730745,53.5590905696154,54.7532242024317,18.3126205811277,0.0773883036872839,0.01,0.01
"3361",18.0273212725297,12.0757261989638,19.1836772486567,36.0079720150679,16.7582927504554,83.3537335973233,94.941904139705,0.0226154615693251,0.01,0.01
"3362",95.1935455901548,53.8602527230978,63.3416828932241,46.9934122404084,55.1596994278952,64.9535920703784,14.5695382496342,0.309196577215204,0.01,0.01
"3363",96.2748028570786,73.1621336191893,78.7232714239508,87.7957689575851,37.2773646144196,48.8328077131882,63.5143827646971,0.0365047192484962,0.01,0.01
"3364",39.5062995376065,55.3406802704558,32.0282366592437,52.1243231603876,92.4880146281794,57.1542694466189,50.4293408477679,0.010957912027322,0.01,0.01
"3365",71.0956055205315,77.3127901135013,75.4047180060297,55.3616360761225,90.757486782968,85.6720402371138,2.56796104367822,45.0582286975501,0.01,0.01
"3366",93.8832835992798,45.7793631358072,10.7731764437631,80.042653507553,81.0610651504248,31.9244625978172,9.37978455331177,0.462114908678807,0.01,0.01
"3367",28.2571892952546,28.7448222283274,64.5349826896563,41.9168931432068,6.1064929002896,79.5593882445246,55.8244258863851,40.9060498371857,0.01,0.01
"3368",12.4403080437332,87.8830286441371,56.9533858448267,67.7785781677812,89.3345166463405,62.1057651005685,64.2060379032046,0.0116349706796146,0.01,0.01
"3369",82.102537387982,27.9900213470683,87.3595109209418,69.0993568394333,58.3140598144382,69.4433526368812,29.6446609077975,0.0386913822526901,0.01,0.01
"3370",33.7390029802918,88.028544257395,41.5426515508443,22.2997981356457,40.9181364811957,3.04251173511147,1.66878066956997,111.560951635822,0.03,0.04
"3371",24.40028085839,6.35297626722604,99.3951726937667,94.9848500313237,4.95781532954425,8.87567156460136,96.7939310707152,68.8699624222716,0.01,0.01
"3372",88.686199625954,95.1451554195955,21.1783768376336,24.6917414013296,65.4287101235241,53.3209500601515,71.2342705344781,0.00522468668077207,0.01,0.01
"3373",75.2857318148017,58.0764166312292,45.8883360726759,68.6432677786797,70.2255879528821,60.2149725658819,30.1805699011311,0.031347533477243,0.01,0.01
"3374",33.1671436782926,82.6760872034356,12.3578884638846,91.5267294971272,16.889175074175,16.6523581137881,47.4143159808591,0.783415780264774,0.01,0.01
"3375",98.3224558643997,43.4837865643203,63.6859451653436,61.2401743652299,99.541286425665,64.5614589564502,35.7649982906878,0.0167321414291847,0.01,0.01
"3376",79.9899542937055,39.9101928342134,26.1578954523429,23.3466289704666,55.2654039114714,86.3668581470847,99.0488728508353,0.00422225617065915,0.01,0.01
"3377",86.549543752335,72.8227158542722,88.9553225366399,53.6180156981573,76.9798385677859,63.3533196058124,30.9241226874292,0.0218161467184689,0.01,0.01
"3378",94.3764470750466,49.3674204451963,10.9733605291694,87.3774748062715,23.3515745261684,40.9404333448038,27.3305186303332,2.14780041674158,0.01,0.01
"3379",24.8227378120646,96.3004771154374,40.5810751020908,55.5835636798292,72.6801699958742,44.1384850302711,89.5970996469259,0.00844108661845869,0.01,0.01
"3380",56.3428682042286,15.1787198381498,47.7994167711586,73.2847871724516,77.8272098628804,80.1438353024423,21.0543875349686,0.0427559928334364,0.01,0.01
"3381",44.4140359293669,18.376381509006,70.4636617330834,24.3972754571587,89.4241924164817,15.0477362098172,48.1736599234864,0.00554144265162847,0.01,0.01
"3382",24.0267375251278,43.3678854489699,36.0671027330682,41.8228708673269,21.9248798908666,33.4296577144414,9.54520127270371,145.925580099017,0.01,0.01
"3383",8.69129556231201,14.0016199089587,68.7954104971141,99.8027531197295,26.378527819179,90.4893602011725,84.2455583624542,0.0443777691155763,0.01,0.01
"3384",51.778905140236,78.5192061914131,80.7984829880297,91.1698109004647,29.367217537947,18.9027158310637,93.0273898411542,0.0330116382336852,0.01,0.01
"3385",72.4768429994583,16.9937993166968,92.2150088008493,59.3384336447343,67.6094522932544,4.36490543652326,97.2727803047746,0.00887247325004945,0.01,0.01
"3386",50.067408173345,77.2423559101298,6.0298410942778,74.7429872164503,63.9502050122246,26.6121904598549,81.0378071153536,0.0142461686606955,0.01,0.01
"3387",5.40339860599488,25.8415865479037,36.2099443562329,52.4409451056272,16.4551225956529,88.3949324954301,90.19640753977,0.0354696767952979,0.01,0.01
"3388",25.2880501793697,32.0437514223158,91.8892176123336,81.0610479442403,53.2854468328878,45.8409121027216,69.9800950242206,0.0214269655092645,0.01,0.01
"3389",0.0454579247161746,21.7535455245525,73.1587376445532,64.8910020012408,22.0410300884396,78.1345433322713,47.5390373496339,0.1049103533664,0.01,0.01
"3390",19.1066415747628,5.38950199261308,11.9150992948562,54.413265758194,31.2066773651168,15.7855790341273,52.1747212624177,0.0336996651623535,0.01,0.01
"3391",23.7638359889388,28.5181914223358,4.49203278403729,16.4861421799287,42.6580869825557,51.2121753767133,28.0132946558297,0.0209161968658907,0.01,0.01
"3392",6.51015164330602,77.236376516521,22.7651934372261,80.2241898141801,14.733568043448,55.5308104492724,41.3289123447612,2.9304554269314,0.01,0.01
"3393",89.4131400622427,68.8248785445467,91.0799359669909,67.8783649811521,86.43023960758,56.6516555845737,81.1771137872711,0.00955577874036503,0.01,0.01
"3394",40.6592074548826,1.57955784816295,66.4780724560842,14.9928881553933,9.07518758904189,25.4483994795009,58.0984429456294,30.6456486995055,0.01,0.01
"3395",42.6330724498257,51.7372790724039,8.87354251462966,55.726807913743,42.0341135701165,15.6961465021595,11.5533861331642,11.6371889463116,0.01,0.01
"3396",97.0435355091467,70.4080180265009,28.5550883738324,52.7861643349752,95.6761275650933,6.45785580854863,74.6735772117972,0.00728755276392469,0.01,0.01
"3397",46.0687302052975,96.5494924457744,39.3075826810673,6.44653816707432,74.5440725702792,36.4678745158017,8.82583626080304,0.986014040750338,0.01,0.01
"3398",96.0425847442821,81.660573114641,73.8007138716057,20.5636170925573,28.5192964831367,75.4740547854453,36.4190838765353,0.0500104906677818,0.01,0.01
"3399",14.5651506492868,11.9334429269657,29.2060481151566,45.309975091368,96.3617106201127,73.6226527485996,93.4975980315357,0.0049748919450612,0.01,0.01
"3400",25.8366146823391,77.731395047158,36.3110525766388,26.0416567558423,71.2077557109296,14.5668528974056,84.5936566125602,0.00427209117770642,0.01,0.01
"3401",47.4094930337742,5.89358538854867,51.5293861040846,51.8471383722499,11.1815134063363,17.3553369008005,38.4716853499413,41.8641180737397,0.01,0.01
"3402",77.9151303693652,2.76165339164436,69.0341951558366,69.4203088060021,10.571647551842,36.0679491888732,6.76294732838869,675.931951100947,0.01,0.01
"3403",66.3050667848438,36.0795332817361,9.99771666247398,10.4328761808574,58.7250224081799,29.0350278373808,55.3118097130209,0.00315467946587829,0.01,0.01
"3404",7.96863653231412,39.4428519997746,77.662550099194,41.7874263832346,57.9054983565584,73.6859686672688,24.5530368061736,0.0288482544377711,0.01,0.01
"3405",73.6206673551351,74.5454185176641,26.0811773594469,69.1100694937631,67.7775821881369,68.3169919531792,70.6077398266643,0.014239236407528,0.01,0.01
"3406",98.3359097503126,7.66154271550477,57.6443053316325,21.7270258348435,60.0075475405902,88.3407346904278,67.2429340658709,0.00530403329729015,0.01,0.01
"3407",13.390223798342,52.8706521494314,5.85711367893964,17.9677695035934,51.4164611231536,96.2356339208782,86.3739483058453,0.00399952693660893,0.01,0.01
"3408",1.86145172920078,79.4664631830528,56.7571602063254,74.5577111141756,10.5576240923256,18.6006393283606,74.2612173315138,1.04402628660232,0.01,0.01
"3409",20.3440566314384,64.8095476673916,45.2795260120183,65.7398062525317,18.8059940002859,64.6792512619868,1.12712886184454,736.461669247616,0.01,0.01
"3410",59.6618803450838,36.422024294734,58.0963207641616,85.041775694117,77.261954289861,62.887287279591,87.3756669228896,0.012454106190158,0.01,0.01
"3411",51.2843612814322,57.2793100727722,78.1857241410762,6.02402295917273,35.132215754129,23.2881033793092,35.0567993242294,0.0115593688985836,0.01,0.01
"3412",23.3976628165692,82.7654917724431,22.0253088511527,42.1929120086133,47.6617689011618,31.2289819121361,42.6007589092478,0.0203048375309325,0.01,0.01
"3413",25.8904713438824,96.7287443345413,41.8805080233142,59.8568547284231,7.51079395413399,66.2998186657205,57.1948711760342,16.3603974276971,0.01,0.01
"3414",2.91738463565707,16.6686069685966,78.4868922783062,93.4153022244573,91.3381533231586,23.1124156154692,23.2202695915475,0.042188425164995,0.01,0.01
"3415",84.153932495974,85.9451302094385,67.1564623713493,98.3412988949567,76.2923720292747,81.8334224401042,69.7293518809602,0.0182237634850005,0.01,0.01
"3416",3.20989510510117,15.7679454656318,96.939547569491,37.0533849811181,37.8140211571008,73.6273625632748,89.6357391029596,0.0108082937847365,0.01,0.01
"3417",80.3929656045511,52.4098350200802,73.4275427646935,79.9999463837594,30.1690864376724,66.4266851730645,23.5920156585053,0.920926555813794,0.01,0.01
"3418",21.1672009900212,50.6172804161906,76.2729357928038,1.82769144885242,47.4431394832209,78.1711844727397,40.0424565654248,0.000944321815213839,0.01,0.01
"3419",64.4058350007981,22.2688393201679,8.01023805979639,55.6980181485415,21.5480480110273,32.1823422797024,48.7696627853438,0.0988153493746129,0.01,0.01
"3420",30.6626109173521,69.8216828284785,23.2588071841747,91.6219874285161,89.23118209932,36.734480294399,56.3492777757347,0.0179031592445869,0.01,0.01
"3421",72.7183961542323,66.2951331818476,95.6114468630403,89.3027282785624,70.7918279338628,21.6360173420981,75.317314453423,0.01652445770445,0.01,0.01
"3422",55.2851532353088,67.6002461928874,31.9171782582998,30.6188069516793,59.2919069575146,57.648927369155,95.7415017299354,0.00533784816327582,0.01,0.01
"3423",0.994092668406665,14.4192538224161,43.8111485214904,18.8435908174142,56.3705740729347,88.9438549987972,84.9014152539894,0.00389097702130694,0.01,0.01
"3424",25.208114949055,71.2958586169407,42.9687181953341,86.8390317074955,60.4026892920956,17.0001198071986,33.1404455471784,0.0421083508192465,0.01,0.01
"3425",27.5791504187509,43.0845890427008,37.4275159090757,54.6129131224006,19.8460285551846,25.4172523738816,28.3999785315245,5.61710495314628,0.01,0.01
"3426",21.2589230388403,58.7643882026896,17.2357455361634,32.7126856194809,21.3504219893366,58.535298332572,63.1295353872702,0.0256710996469928,0.01,0.01
"3427",69.481199234724,81.65549475234,50.5735069513321,20.903079607524,31.7708989372477,28.9696149528027,65.190439298749,0.00994083476210992,0.01,0.01
"3428",18.5546426801011,53.8074731826782,77.1474686916918,59.0698150685057,51.5539797954261,80.5956941796467,90.5122887343168,0.0125197937028217,0.01,0.01
"3429",91.8730253819376,76.3886548345909,31.1698027187958,35.5028599733487,50.5763659952208,35.7551861321554,43.0044819135219,0.0159519747756144,0.01,0.01
"3430",40.7156117958948,86.2934323260561,28.5135179292411,14.1396898310632,90.1858468772843,5.14764764811844,55.4683680878952,0.0027752285344491,0.01,0.01
"3431",98.4546230640262,97.7310746442527,7.25060412660241,79.36598258093,5.18363621085882,69.9485849123448,34.4513408839703,189.796995657704,0.01,0.01
"3432",52.7206506347284,12.3581400839612,30.3505991818383,83.0385146429762,89.345610444434,7.24608462769538,81.69712619856,0.0112142298127834,0.01,0.01
"3433",29.3531955685467,19.0315861487761,23.6332114320248,3.58359306119382,1.55628607608378,64.737135451287,50.4036908037961,557.865365189913,0.01,0.01
"3434",85.0446033291519,25.4387455526739,79.3918501818553,68.9815094694495,31.7024688702077,37.5289911637083,6.64964453317225,124.22304578728,0.01,0.01
"3435",68.8666301313788,7.27933396119624,88.9989181654528,64.9111699312925,52.8024849481881,54.2680388782173,33.9328233385459,0.0351942623140179,0.01,0.01
"3436",41.8014723574743,61.6368252318352,84.3286225572228,6.08398148324341,74.7278467519209,97.3988818703219,81.1816409230232,0.000990614147973408,0.01,0.01
"3437",2.89268926717341,75.6970307789743,40.1654495391995,88.5438220575452,33.6829124484211,81.9777209078893,34.7180307842791,0.0821260991431686,0.01,0.01
"3438",74.3383225053549,38.9331649523228,3.01998557988554,10.7558104209602,89.274376234971,13.9137420104817,55.6065480224788,0.00212795968724169,0.01,0.01
"3439",22.3671600688249,28.074395400472,43.8415343640372,70.571121876128,28.8237793371081,19.665550510399,58.7578435661271,0.0410812134957965,0.01,0.01
"3440",78.9101170841604,49.2888106033206,31.4059611409903,83.0205980455503,22.7572985226288,92.8067836444825,2.00958049390465,549.827964630033,0.01,0.01
"3441",72.3380090203136,20.3281283611432,16.7799933347851,62.9910101881251,57.0561770582572,86.6779740201309,58.7031203089282,0.0184908740413367,0.01,0.01
"3442",10.4579913662747,34.0723056811839,32.5056203873828,30.5177026893944,73.1641314225271,57.8568183816969,57.0378173375502,0.00718637693759861,0.01,0.01
"3443",86.4834553329274,18.5094428248703,49.8539105756208,94.8298557428643,8.48711903672665,42.5248091341928,31.2003927305341,95.7495193477561,0.01,0.01
"3444",58.0608341144398,55.1093671470881,17.5138831604272,38.4594376897439,9.51376145239919,63.3065743604675,91.0152312368155,0.267280513876288,0.01,0.01
"3445",58.3310291869566,4.34903029818088,44.3630247376859,20.0816805707291,29.2348426301032,50.5617852555588,14.0354754170403,24.76260351346,0.01,0.01
"3446",62.0168439345434,96.6260090237483,49.4459994137287,96.091679437086,9.14437044411898,33.788508689031,71.9815902179107,2.10097507635059,0.01,0.01
"3447",39.5254833158106,16.8529777554795,34.6343151759356,42.2708463156596,11.7154523497447,58.4478333825245,27.250055433251,52.6926458062861,0.01,0.01
"3448",39.0248858602718,91.0001659300178,32.8406221000478,37.4082579277456,76.0522516909987,8.96481035742909,99.2447388591245,0.00490581517364894,0.01,0.01
"3449",25.5398347973824,91.5337082697079,54.1242372943088,47.4264586344361,83.1700399750844,26.5755807282403,32.7033548383042,0.0169176830469071,0.01,0.01
"3450",85.6034313794225,55.9905285481364,2.76417969726026,31.5186258871108,0.8878986351192,17.6367667037994,66.9254990993068,908.55537851089,0.01,0.01
"3451",71.843730006367,15.8011760096997,94.2334696417674,48.2379409018904,50.1562268706039,72.7084139594808,41.8292368296534,0.0224501398707177,0.01,0.01
"3452",87.3989147134125,68.3938099071383,70.7363503985107,70.5191403161734,19.5658443495631,64.1579256858677,17.6202020375058,33.0465445580916,0.01,0.01
"3453",19.4415179081261,58.9254446560517,65.6970400596038,3.32943210378289,98.5499970847741,8.55984184890985,61.4603264024481,0.000540509842994925,0.01,0.01
"3454",68.8501140801236,67.7816194714978,87.0462913764641,92.8689912194386,64.3406434450299,10.1139996433631,16.7837767163292,0.121931443451832,0.01,0.01
"3455",44.7898951591924,96.0093377158046,31.6365662263706,17.3607071395963,77.5220823474228,83.6748731089756,89.395137433894,0.00247735775380682,0.01,0.01
"3456",36.9873172370717,37.3291202588007,43.9251530449837,72.3811130737886,87.06585818436,18.1947900215164,87.396186683327,0.00940169353636498,0.01,0.01
"3457",28.2301859930158,69.6773960720748,75.9319260250777,67.4049387918785,73.0432317359373,52.9068373143673,56.358394632116,0.0160871048593008,0.01,0.01
"3458",20.2222354477271,56.6862525651231,55.5727978004143,61.2969661364332,85.4837965918705,6.41475182492286,27.8176687425002,0.0248635893952705,0.01,0.01
"3459",63.2649021921679,18.9027174375951,99.6228342177346,66.5429401211441,30.4493592586368,7.98587545286864,41.4890513988212,0.0742469182515019,0.01,0.01
"3460",80.3057357668877,12.0104479370639,17.3518632538617,51.5685495454818,18.8127326546237,1.4048954937607,72.9371329303831,15.7222269148899,0.01,0.02
"3461",57.5647497316822,29.5713763218373,84.0941624948755,69.2714659729972,59.4028271036223,24.3828396080062,22.8100513340905,0.0507476602659099,0.01,0.01
"3462",23.1910977512598,13.2997161708772,89.1525648068637,35.0608841516078,57.2570466669276,25.7927955361083,9.48207695037127,5.69119952463966,0.01,0.01
"3463",79.1246382519603,48.6561119323596,63.2844775216654,50.0762299867347,0.619918131269515,2.59156860411167,29.3108962941915,544.82039108501,0.18,0.17
"3464",52.0395807456225,55.8637078618631,72.4553529405966,67.2110521001741,26.9866674439982,60.0416349712759,61.1483082873747,0.0401538151610481,0.01,0.01
"3465",38.5763702448457,51.0112966876477,80.1540287444368,20.7919366424903,55.0517287803814,14.5777439000085,20.6203654641286,0.0380131739954148,0.01,0.01
"3466",29.2217075591907,75.8703679544851,88.2618445903063,23.1926020234823,98.7647995119914,15.0403855368495,7.144535635598,0.792210916681827,0.01,0.01
"3467",85.7468220870942,72.8119200328365,80.6300213793293,57.9020825447515,43.8548986101523,82.477169833146,31.5737808821723,0.0413850995588633,0.01,0.01
"3468",76.5285854693502,71.6304771834984,82.6810233294964,60.4140619048849,18.7635433161631,12.6096077729017,97.7945483988151,0.0326150133852491,0.01,0.01
"3469",49.3481001583859,89.19549935963,80.0468993838876,78.8036209298298,85.0652425549924,15.8356884261593,30.3062182618305,0.0295836614251643,0.01,0.01
"3470",25.2076385077089,6.50549484416842,16.8747298652306,91.4505967637524,33.9502101298422,20.8908211905509,29.0733421919867,0.274115087542356,0.01,0.01
"3471",41.6549430694431,15.8898651599884,77.985932235606,75.8369505638257,36.6969168186188,82.6307625509799,78.3094447106123,0.0260524354256488,0.01,0.01
"3472",97.2105414839461,68.6524479649961,74.1770204855129,19.2106028320268,71.7387178912759,51.8957396736369,92.4419989576563,0.0028655504364883,0.01,0.01
"3473",35.5781600810587,97.0538807567209,45.168006978929,37.020695884712,26.8701754277572,54.5128990663216,46.3540924713016,0.0334648484682425,0.01,0.01
"3474",98.6854613991454,59.8721817135811,31.6762644564733,57.8470189822838,10.4198483983055,74.1299134213477,19.8690474499017,136.511126556996,0.01,0.01
"3475",38.5901505826041,29.5189068187028,62.16238620691,32.7248104847968,79.2094104224816,67.0677115442231,6.36433397885412,4.06711916478182,0.01,0.01
"3476",38.5687534697354,72.5512661971152,57.4591377051547,54.5224062632769,39.2383140977472,29.0385695639998,76.7362606711686,0.0178734713668707,0.01,0.01
"3477",3.83826841134578,50.7723717251793,38.5193199850619,41.3816277170554,19.0024588489905,1.99489945080131,97.525049210526,2.29004034349337,0.01,0.01
"3478",55.7963011786342,83.8976315921172,50.8342393906787,85.6979429489002,80.5829326156527,89.9470632895827,83.4994381759316,0.0125852170810058,0.01,0.01
"3479",72.0931196119636,63.9845978701487,54.2911682510749,7.78384504374117,67.8661375539377,22.4284138996154,80.4748434573412,0.00140749544656299,0.01,0.01
"3480",63.9625130454078,62.0990900089964,7.00728183146566,76.4359557535499,72.6229279302061,70.0989873381332,28.7947441684082,0.035325393569445,0.01,0.01
"3481",43.2317512808368,33.1620558630675,5.73394605889916,65.6313343904912,16.2582083372399,49.9172636540607,15.4161776648834,94.2547188958862,0.01,0.01
"3482",75.0282121822238,97.5295467069373,15.2678174665198,42.3198241507635,20.8614017814398,66.280947253108,81.9775314535946,0.0244915917841655,0.01,0.01
"3483",79.9174255924299,25.1390684163198,87.6453437376767,33.6009884020314,86.2495140638202,31.592143070884,66.0045377444476,0.00581116083078324,0.01,0.01
"3484",31.0777904465795,62.7693000016734,17.1580862253904,24.2097364505753,61.8701298953965,10.2515517035499,46.5959679335356,0.00822006106140615,0.01,0.01
"3485",76.3000764884055,25.1191107090563,71.5202487772331,74.4679370662197,57.1398753905669,12.6727708149701,53.4772922517732,0.0239027402861208,0.01,0.01
"3486",94.6321319323033,46.5243073645979,46.729126968421,59.8687312100083,83.8081740774214,93.757477751933,65.1072463020682,0.0108054752591101,0.01,0.01
"3487",93.8118524150923,61.523564113304,9.30580464191735,74.7245664242655,99.5938877342269,87.331054569222,11.6666554473341,0.063651502072968,0.01,0.01
"3488",34.0635009342805,96.0839802166447,63.2515324978158,3.58412396162748,42.4033631104976,67.7205784013495,82.1501461789012,0.00101656147805165,0.01,0.01
"3489",32.8943817876279,89.473365386948,59.9082869943231,91.1316295620054,32.6445309910923,59.6503308741376,84.1035288525745,0.0328018028601686,0.01,0.01
"3490",7.05736046656966,17.1872864942998,4.79142710100859,82.5741131557152,78.9529056986794,73.8582127960399,1.45366680808365,172.844744359489,0.01,0.01
"3491",69.8801535414532,88.5183594189584,77.6011104462668,94.6171407354996,33.7186591699719,55.6037177331746,73.8136494765058,0.0375058100618734,0.01,0.01
"3492",35.1923609850928,8.10815617442131,27.7580943657085,24.3810979183763,24.9068705830723,75.2535987412557,41.176907508634,0.079449002904169,0.01,0.01
"3493",5.90360418427736,11.3270648056641,9.3373074894771,41.5104618761688,60.3318144567311,78.5936182597652,81.1864957213402,0.0083709035296808,0.01,0.01
"3494",4.58451809827238,30.9698596829548,69.2473858129233,66.4563836995512,96.2681553559378,2.61840256862342,23.1993212830275,0.0289429652217336,0.01,0.01
"3495",38.5236585047096,9.49042525608093,64.4328093156219,8.78467990551144,70.8278260426596,7.48136958573014,62.0701348409057,0.0019585204627565,0.01,0.01
"3496",17.8699458017945,24.4601263664663,26.1870159301907,19.3937603151426,38.7116911588237,80.7032807730138,84.9142293212935,0.00583091212041736,0.01,0.01
"3497",7.29221201036125,94.5164568955079,24.0103943971917,64.3614380154759,26.3334828196093,78.5578789189458,65.2807978680357,0.036913342451435,0.01,0.01
"3498",20.9130823845044,48.0139724910259,63.9322106959298,38.0726455943659,82.8476924914867,43.3690221747383,92.7810398396105,0.00489959479763928,0.01,0.01
"3499",34.1533410130069,67.1126923756674,41.5371099486947,13.3597442647442,83.9441326214001,42.8445651428774,98.8026548875496,0.00159454141875878,0.01,0.01
"3500",97.1225830027834,80.8942375471815,43.5642472235486,36.9448872283101,49.4213593425229,51.9933224190027,46.4396101655439,0.0157576494432374,0.01,0.01
"3501",20.1859493507072,93.1732968427241,72.0265240874141,66.1496202461421,3.20052322931588,20.1502738287672,56.6819956758991,286.599379715484,0.01,0.01
"3502",71.2810038821772,61.9669645791873,63.0136402323842,59.8026714054868,18.0735761765391,53.5391717450693,47.3694801097736,0.298682434623126,0.01,0.01
"3503",13.8237917097285,43.2263227645308,32.448360696435,72.5178028922528,55.4925439879298,11.8484999751672,72.7366985287517,0.0177179976199067,0.01,0.01
"3504",5.23500447161496,8.12077086884528,20.70126098115,87.8576526651159,32.7032077359036,6.95295229088515,9.38013463746756,343.961764539643,0.01,0.01
"3505",60.1870851125568,99.6328905690461,87.0793904410675,29.2106396518648,3.61290713772178,24.8829856514931,36.0853961436078,398.469772590275,0.01,0.01
"3506",33.7406172184274,1.26673968043178,10.2391144726425,68.8692229101434,79.703374626115,45.68060496822,77.4218611419201,0.0109975145641538,0.01,0.01
"3507",59.5944803906605,21.1678803199902,75.9185171220452,35.187218314968,98.2760807964951,81.8229551659897,6.21554555837065,1.20649799871306,0.01,0.01
"3508",14.8335349978879,7.02073136344552,14.853657502681,18.3317285729572,73.6347928876057,36.5489110583439,76.730098715052,0.00320144519605211,0.01,0.01
"3509",33.741894713603,46.5047450503334,82.1086703799665,18.6812570784241,20.6035641953349,70.9729018155485,52.4744791910052,0.0410718115870525,0.01,0.01
"3510",96.4722734177485,8.54839715175331,23.8322220742702,22.1376626286656,11.2811744213104,75.0612118514255,34.1050632297993,28.602200176883,0.01,0.01
"3511",82.9577078577131,36.6565763019025,72.1194179030135,73.6756806960329,15.0009737350047,90.3218275401741,8.2454958697781,289.116095173054,0.01,0.01
"3512",74.9281121185049,60.1450542919338,82.9172046389431,81.852248404175,7.09043566603214,92.433778825216,35.9650733647868,86.4850505926869,0.01,0.01
"3513",22.5942689925432,4.82247488107532,70.4279180848971,26.3398692943156,4.03350063133985,83.2783384714276,32.8488691244274,354.309859076583,0.01,0.01
"3514",89.363240590319,12.5065361848101,90.2889569057152,54.4234566856176,42.0615042792633,76.1822890955955,70.0696500716731,0.0182002777001994,0.01,0.01
"3515",8.85986383073032,8.63537627737969,83.1995272310451,51.0280404472724,93.0624348577112,0.11810315772891,81.5704084932804,0.00123788709354449,0.01,NA
"3516",2.64401023741812,84.7489618929103,97.6017458597198,13.2491113850847,74.1532659623772,27.1735197398812,57.0463809883222,0.00307748912497207,0.01,0.01
"3517",21.2243052665144,44.0295332344249,90.202792105265,66.7993540875614,4.07278703060001,26.1338662356138,54.0173439774662,178.266520038038,0.01,0.01
"3518",90.7033716794103,65.3249162714928,0.550379371270537,62.7685385057703,31.2714069150388,88.9693652745336,87.9189754836261,0.0225734935921346,0.02,0.01
"3519",98.4773253789172,72.1002070698887,38.6691891821101,45.0384358875453,51.8971435260028,2.47083781287074,25.7774220546708,0.379429664884702,0.01,0.01
"3520",75.3401848021895,16.5562206180766,87.4705637339503,51.2779413256794,75.751994154416,55.5635674390942,63.3230822626501,0.0105193576257264,0.01,0.01
"3521",15.6292086467147,34.6910432679579,16.0408531082794,3.14006269909441,26.4496710151434,46.9975979533046,82.5624545337632,0.00142129976390266,0.01,0.01
"3522",92.1130896313116,20.7076072692871,89.6076999139041,99.8963952297345,68.4062934713438,41.3159164367244,6.85229455120862,7.3765555452158,0.01,0.01
"3523",17.7090839715675,98.5092784278095,22.5839240243658,45.3770563006401,55.6665115291253,6.72716333065182,29.6339874854311,0.0270031533422297,0.01,0.01
"3524",40.0200228206813,86.785265034996,3.34401323925704,10.7142785564065,81.1356375692412,54.8144203610718,61.310511874035,0.00211929191097636,0.01,0.01
"3525",25.8788126287982,75.3357637440786,99.6347488835454,57.2614799952134,35.0832695839927,55.5483806179836,55.103870225139,0.0290942818809732,0.01,0.01
"3526",71.1435180390254,63.9227936742827,19.8906690115109,82.8604612732306,43.5025555780157,48.6784433014691,37.6583577366546,0.0493510613912577,0.01,0.01
"3527",55.7084267726168,99.7085085371509,48.5921265557408,63.1806660443544,30.3216037806123,25.8790897205472,98.2519260141999,0.020992870794638,0.01,0.01
"3528",66.8530943104997,30.3441875381395,90.0066348025575,69.3767186719924,17.6677029579878,10.7991554308683,36.0648651840165,5.30712954702993,0.01,0.01
"3529",97.8128833696246,86.2594676902518,91.1833902122453,58.3769902586937,73.7989408429712,41.3784900680184,39.9713437538594,0.0193040092144722,0.01,0.01
"3530",52.5349045172334,52.0768050570041,12.1174883563071,40.6004537362605,49.9379315646365,18.9413318876177,85.5915234191343,0.00938840992146546,0.01,0.01
"3531",91.532316734083,26.9900472601876,99.2193798068911,60.6320554856211,18.0198841029778,62.5143039505929,15.5163147486746,66.7646527811399,0.01,0.01
"3532",86.7752992082387,90.5253398930654,11.6497382521629,56.1129526235163,64.9668124504387,45.3965361928567,40.0459711207077,0.021042336001405,0.01,0.01
"3533",85.8542456524447,95.7773769972846,94.703331659548,3.4811808494851,64.476494723931,34.6707685152069,55.259125167504,0.000959617009758359,0.03,0.01
"3534",25.3326880279928,84.454789198935,76.358360145241,21.7710574623197,75.619394890964,50.3034559311345,32.1325895143673,0.00868957025092899,0.01,0.01
"3535",60.635075205937,48.9082920830697,17.6134312758222,96.5311931911856,0.93229825142771,28.9937233319506,71.7995409620926,717.868998230108,0.01,0.01
"3536",71.9318288378417,29.5064375037327,4.27674362435937,98.3652275288478,38.7519976589829,14.9121680529788,17.3908687662333,2.29479155589376,0.01,0.01
"3537",56.6141774412245,90.5675216345116,5.78155850525945,52.5340600404888,17.0461040688679,93.9716035732999,29.6442735241726,6.62594819886077,0.01,0.01
"3538",5.34882887732238,50.7660741684958,84.2309319181368,26.3713201973587,18.1750190444291,53.3072397345677,93.05851215031,0.015493680063642,0.01,0.01
"3539",84.9030591547489,44.2245090845972,71.2410011561587,79.9449553014711,98.1437272392213,8.81545385345817,59.17477987241,0.013523434648193,0.01,0.01
"3540",99.4337827665731,88.5018478380516,4.25559252034873,57.335420534946,27.8916041599587,88.6977368965745,10.3941436856985,48.907585190778,0.01,0.01
"3541",12.3599926941097,15.2515057474375,88.9729158952832,78.2961915479973,68.8058136496693,8.85895488318056,48.4009659383446,0.022966761935359,0.01,0.01
"3542",67.5183112267405,81.3455979106948,40.2646723436192,41.6410683421418,12.1540978783742,75.4237205954269,47.5941290380433,3.52455265430317,0.01,0.01
"3543",7.69319648388773,30.2126249764115,93.1287129176781,43.1295203976333,37.684980686754,21.0563922533765,21.9951167935506,0.50632452576723,0.01,0.01
"3544",37.4684915179387,86.1529719550163,64.3170392140746,95.9017099346966,88.209204049781,3.18801258690655,15.8360554138198,0.100013923467041,0.01,0.01
"3545",79.3391756946221,11.3285150378942,34.7275577252731,95.4591440502554,19.4623347837478,73.5207594931126,60.9071930870414,0.0903405083099765,0.01,0.01
"3546",44.4467804860324,69.3434596760198,67.3371359007433,15.6233215238899,59.2780355596915,5.34363496117294,66.6430150391534,0.00389327047338578,0.01,0.01
"3547",66.4154943078756,21.071426011622,35.6363057158887,91.4672148646787,90.3144894633442,3.95427015610039,67.3725435277447,0.0147677408389056,0.01,0.01
"3548",66.0238037351519,72.0032570883632,93.9895976567641,0.595171423628926,71.2846447480842,44.3964548408985,57.0136421127245,0.000143931032260417,0.01,0.01
"3549",83.4520301781595,83.1471365643665,94.7034366196021,87.524367403239,20.5256985966116,76.8278524978086,40.0078641716391,0.390006468177794,0.01,0.01
"3550",26.8918555462733,58.5060706594959,46.6418653028086,72.7281439583749,51.9584805937484,53.481289325282,63.7619697256014,0.0216124223495376,0.01,0.01
"3551",42.8919413592666,87.7471611136571,30.5032807402313,46.9851244240999,51.9038319587708,28.4961904631928,69.057096564211,0.0129207780304254,0.01,0.01
"3552",66.7683792999014,9.27060451358557,38.8079810887575,50.5762952845544,56.7140430910513,56.2801288673654,76.7318675527349,0.011469421150746,0.01,0.01
"3553",71.2630184134468,29.2020118562505,10.9224861022085,13.8999629067257,60.1257524918765,38.5192029643804,87.0680961990729,0.00262488461272872,0.01,0.01
"3554",80.5058595025912,36.6385505767539,21.2285697227344,32.3432604549453,33.3044379251078,30.216140858829,56.3004454132169,0.0169592736806404,0.01,0.01
"3555",61.6622271481901,76.47624919191,58.7737910915166,85.3986094938591,8.8564874837175,20.1734842266887,96.0578810190782,0.482917343988713,0.01,0.01
"3556",48.8597242627293,86.7891666712239,83.8263997575268,35.5547623010352,14.743694360368,60.0730231031775,74.9466829467565,0.0511868524715747,0.01,0.01
"3557",47.3768406081945,97.0796664012596,29.0297548752278,27.1792272338644,28.0127572827041,46.5863469056785,75.6321780383587,0.0126615031511517,0.01,0.01
"3558",51.2429533991963,48.4004644677043,70.2362828887999,93.7038015341386,36.2591533223167,67.8012107498944,20.5853898311034,0.670717087352735,0.01,0.01
"3559",30.3520004963502,70.1164204161614,32.5884465361014,15.4930355492979,4.18807398527861,61.8464481784031,17.8047307301313,547.390349751259,0.01,0.01
"3560",80.9442127821967,69.2940075881779,44.6645527146757,55.7514005107805,55.0361083354801,96.0320134880021,26.1349080596119,0.0377692034017536,0.01,0.01
"3561",51.760091050528,73.7817137502134,61.4818160422146,20.5283674644306,45.3850694233552,77.9306597542018,35.7304808683693,0.0123966428775026,0.01,0.01
"3562",42.4825054593384,63.8780021807179,41.8836460681632,6.68783425353467,45.3198563540354,59.3500558286905,83.9618061902002,0.00173682984293839,0.01,0.01
"3563",80.1712529966608,33.575251721777,48.7599938176572,11.7694766027853,73.275086376816,94.0316119464114,22.0428565051407,0.00703977167740208,0.01,0.01
"3564",89.5834272960201,50.6356609752402,8.34551358129829,74.7090105200186,22.8447144385427,88.1250964244828,19.4267616607249,11.7915222223484,0.01,0.01
"3565",48.2221849495545,45.3379393322393,33.6957235587761,61.0978096956387,42.568154912442,92.8328884998336,69.3210035795346,0.0204101311335909,0.01,0.01
"3566",56.1541497707367,45.8865008549765,86.8696949910372,89.9570469278842,18.4702182887122,14.5567544270307,80.7570633944124,0.0604921975923984,0.01,0.01
"3567",63.2237673737109,67.9623679257929,48.9501204108819,91.5304363472387,5.93642950989306,37.5778387533501,48.6942521063611,74.412799919081,0.01,0.01
"3568",77.5490994099528,48.8446649862453,1.74300752114505,51.3539944542572,85.8376893214881,6.8115575471893,20.0668482575566,0.0285180942271561,0.01,0.01
"3569",64.5364661002532,64.4527553580701,69.157859031111,79.3234687065706,70.0955799547955,27.5285336654633,2.55462410859764,114.182272135648,0.01,0.01
"3570",55.9615266043693,62.9356041550636,74.1670136572793,71.111441636458,42.644780757837,94.9499481357634,13.3068214869127,2.88748966641532,0.01,0.01
"3571",1.78009497467428,49.0814379183576,28.4367982996628,90.2386565227062,9.07794972881675,20.8858729340136,32.9356928123161,100.55640833038,0.01,0.01
"3572",37.6186882378533,18.5781307052821,74.9579645460472,88.998077204451,23.5937812132761,75.8181144250557,67.4368392676115,0.0552923065081658,0.01,0.01
"3573",82.1303177857772,22.5072045112029,31.9124778266996,52.3423680569977,9.77244963869452,23.0580852134153,16.4935799082741,297.240414984076,0.01,0.01
"3574",76.0172437177971,44.7364288847893,23.8682345021516,94.091605511494,8.84579077828676,8.96228931378573,20.4645883990452,453.96051648628,0.01,0.01
"3575",56.1662087915465,74.6485061943531,95.3264913987368,72.8270860854536,32.5670896098018,8.26668301597238,15.0193300796673,21.8126086071701,0.01,0.01
"3576",54.8948981100693,72.8190132649615,46.0348989348859,99.714671052061,57.0633312221617,15.2109869290143,16.5023590438068,0.215590167599809,0.01,0.01
"3577",49.3252048268914,39.5722589921206,91.5377061348408,88.4737493470311,9.33721493929625,34.9144774954766,88.3127712178975,0.526013350907208,0.01,0.01
"3578",61.7036611540243,96.9191126758233,53.6874044453725,89.0173606341705,20.3297924017534,33.5005605360493,51.2913924409077,0.123345949191892,0.01,0.01
"3579",64.1863208264112,47.4032786209136,10.5274769943208,26.1479944223538,23.1785625452176,43.2228550780565,60.6497182277963,0.0193813804645327,0.01,0.01
"3580",45.0498258927837,95.2100092312321,27.3910752963275,35.602370928973,32.7704650117084,52.1468475693837,80.2039931761101,0.0133788433447269,0.04,0.01
"3581",55.7341758161783,77.2629965795204,90.1939958101138,64.3109925789759,41.9676352757961,20.0271958485246,8.09331068303436,38.6997442246599,0.01,0.01
"3582",34.4844142906368,68.3793851174414,18.7082261545584,85.8240547589958,79.8783992184326,95.4741735942662,11.8304285453632,0.129548293689335,0.01,0.01
"3583",78.4008525079116,7.89051840547472,64.2171601299196,42.1911529498175,32.7139612054452,51.7780556110665,44.9964761035517,0.0288277216084365,0.01,0.01
"3584",36.7198353400454,49.2736012209207,14.1129324445501,63.3016546489671,85.2223185822368,88.6473377235234,85.2038505952805,0.00861636512172718,0.01,0.01
"3585",95.571007928811,78.9629340171814,63.2387412479147,63.4164091199636,62.8631544765085,72.5933377398178,4.61170475464314,35.0874500074931,0.01,0.01
"3586",50.9178411681205,89.2244888702407,68.0354839190841,93.3936856221408,76.3335221679881,47.3462641937658,11.1220514168963,0.237779032783151,0.01,0.01
"3587",23.2076246058568,66.1818702006713,93.8248659716919,36.2442351412028,68.9671960659325,88.9560757903382,75.6565295858309,0.00685515590195806,0.01,0.01
"3588",89.7298799594864,81.4496850594878,24.0148073993623,99.3663131026551,62.1285429224372,41.2750318646431,59.3061001040041,0.0265199101660904,0.01,0.01
"3589",54.2036322178319,21.9294604379684,38.0368029233068,13.4828213136643,86.0823863651603,53.0540176900104,39.5940712885931,0.00385794006169502,0.01,0.01
"3590",4.42925486713648,33.4607989527285,63.3949360344559,0.0417056260630488,45.9353102371097,39.6010206546634,1.20362536981702,445.136501403587,0.01,0.01
"3591",90.0547167053446,2.95963264070451,37.914540246129,1.04665716644377,66.3033294025809,47.904006857425,98.2220793841407,0.000158911185904505,0.01,0.01
"3592",51.5926973195747,99.6945111546665,27.1800980204716,6.11303774639964,79.7007187036797,66.6324881836772,63.2373582571745,0.00119399561363208,0.01,0.01
"3593",15.1294781826437,63.048765109852,57.578326179646,28.7682685535401,12.6953067723662,27.7578776469454,76.2734653195366,0.137753069106931,0.01,0.01
"3594",52.4626409634948,24.1198931122199,35.5324042262509,32.0585494395345,65.0075863115489,7.92544370051473,29.8657066421583,0.0159871240515532,0.01,0.01
"3595",81.975246174261,28.6697882926092,91.9965634820983,78.4486449789256,17.7410159027204,2.97839536797255,58.8650051737204,3.84204273885099,0.01,0.01
"3596",52.6390660554171,27.8140725800768,26.9110220251605,26.4022107468918,84.0261418139562,21.8128555454314,50.1649762969464,0.00613960132995567,0.01,0.01
"3597",78.0508942436427,36.3819477148354,30.0871636951342,88.7546014972031,90.1482824003324,15.0445129955187,61.124428990297,0.0158427925024298,0.01,0.01
"3598",19.367244001478,30.1535442005843,18.4915332123637,19.0844882512465,57.7270960900933,33.9045034488663,67.4868117552251,0.00482677277777049,0.01,0.01
"3599",20.6790926633403,86.6947053931653,36.9469578377903,11.5510582458228,47.481478867121,85.8143838355318,16.8343150988221,0.28440514965582,0.01,0.01
"3600",17.8709572413936,52.7206678176299,96.816111006774,46.0035838652402,69.000726705417,7.34486819710582,38.0414643790573,0.0170570799119243,0.01,0.01
"3601",59.7853690618649,30.5754919536412,94.9983740691096,67.0855717966333,40.1551225921139,59.6595661714673,72.8008743841201,0.0226333162307856,0.01,0.01
"3602",73.2648819452152,54.0423739235848,8.35863063111901,77.2416355786845,88.7135270051658,68.8138548983261,59.7007632721215,0.0143435053638118,0.01,0.01
"3603",34.8360140109435,60.5143493041396,38.9663554495201,98.9457593066618,10.7514640549198,29.9125387566164,99.5582985691726,0.129441236669131,0.01,0.01
"3604",72.6060639601201,32.5691496487707,97.9947959072888,15.300339832902,28.7594304885715,72.4853335414082,0.838710949756205,633.065082308347,0.01,0.01
"3605",63.7711678864434,27.7120205573738,62.3809626791626,99.1278797388077,89.8801864124835,50.8536371868104,37.0497266063467,0.0289796937385934,0.01,0.01
"3606",32.9400026705116,21.4580378727987,69.5898977573961,22.734097042121,70.1261602342129,25.9250662755221,37.26567751728,0.00846784258765911,0.01,0.01
"3607",82.7382963849232,90.9399445168674,7.58233512751758,62.6688954187557,2.09375934209675,53.9478922495618,22.9909835848957,722.246897633098,0.01,0.01
"3608",21.0909148678184,82.4474970810115,70.3007846139371,68.3493854478002,33.6712482850999,23.5943566309288,86.7218403844163,0.0231376464343137,0.01,0.01
"3609",49.3908261880279,99.3233110988513,22.7957260794938,89.6836938569322,95.5889927688986,56.35337959975,52.4497280130163,0.0175528648308224,0.01,0.01
"3610",18.663835269399,81.0675638727844,40.945234708488,83.3304490661249,44.9204749893397,13.7523567071185,68.4388379333541,0.0267118471341521,0.01,0.01
"3611",79.0295943850651,77.499690069817,97.9337099473923,83.3641514182091,64.1378374071792,95.4546323046088,73.0604448821396,0.0175490858470882,0.01,0.01
"3612",42.8874026518315,28.9058219175786,82.6121947728097,11.7939825402573,9.28688703570515,87.0214541209862,83.7279247352853,0.555798844132399,0.01,0.01
"3613",95.098266331479,48.0072948383167,98.8960102899,21.2516329018399,43.9126035198569,11.6726735373959,15.8538695657626,1.83549098050501,0.01,0.01
"3614",21.6536281863227,54.8990170937032,69.1945982864127,16.9238978298381,93.5582520440221,85.307893413119,0.0424127792939544,379.716348694302,0.01,0.01
"3615",63.5965416673571,4.61668882053345,31.5564151853323,51.6907881014049,18.6276467051357,40.9703097073361,63.3109040092677,0.0664723943860853,0.01,0.01
"3616",20.0471089454368,77.1862354828045,83.440970396623,41.2833998445421,66.1747148260474,10.5698693078011,42.1877833781764,0.0144389996449457,0.01,0.01
"3617",71.1651522666216,52.9708224581555,22.6050210883841,89.2312339739874,40.7824333524331,67.5432881340384,32.5877969153225,0.0668017327356303,0.01,0.01
"3618",20.2933007851243,80.2358865272254,98.4551183180884,85.1140831364319,61.1612038686872,74.6560317697003,82.5258798431605,0.016659973941704,0.01,0.01
"3619",55.3554959595203,5.80903799273074,11.1545865191147,2.42694793269038,23.4636583831161,61.1805399181321,65.769217745401,0.00202987664522485,0.01,0.01
"3620",98.7195671536028,94.9676838237792,92.1850823331624,30.9943431522697,41.260237339884,96.399625367485,5.20198259036988,87.927020507722,0.01,0.01
"3621",87.46918507386,86.6538006579503,55.3689138265327,39.1189907444641,97.8735618293285,13.1807558005676,27.9546771664172,0.0138007577616451,0.01,0.01
"3622",57.9536797478795,3.00282016396523,91.6457216022536,36.9992634514347,31.2545188469812,0.655921874567866,68.1387282209471,0.0671462639747284,0.01,NA
"3623",98.5481184441596,9.95171484537423,54.4397095916793,21.8043110566214,10.3363238507882,76.5009538270533,45.6441956106573,12.2535688273984,0.01,0.01
"3624",41.2304709898308,57.5930550927296,36.2879980588332,89.7250153589994,92.2775992192328,18.4016519924626,44.4718056125566,0.0213793764326775,0.01,0.01
"3625",64.6924969973043,38.1090709473938,14.1181431012228,24.5970548130572,24.2875669617206,55.3169058403,89.0743684023619,0.0112440041098162,0.01,0.01
"3626",64.6659866208211,66.0138026811182,28.4159611677751,3.85624112095684,81.5076275030151,23.2895748922601,46.3997465325519,0.000998008151500115,0.02,0.01
"3627",72.7957089897245,25.3322119126096,73.0043842457235,96.6212193015963,13.091695215553,55.6663590483367,90.3919294010848,0.0917258560530682,0.01,0.01
"3628",63.7490116525441,24.4051676243544,54.3474965263158,76.6801149817184,82.5682236347347,65.2910649310797,91.8456223094836,0.0100010134906264,0.01,0.01
"3629",10.7014521956444,37.5042936764657,86.7095315596089,99.2380178067833,51.6107738250867,81.3010358950123,10.3739526355639,3.97198563595824,0.01,0.01
"3630",55.869886954315,72.4327901843935,55.1573126576841,13.1728026783094,11.7106406949461,51.0262691881508,41.2855562288314,9.67147412514289,0.01,0.01
"3631",95.5705205909908,82.7548241242766,83.9321586303413,45.1474680798128,57.8455583658069,59.9984766449779,6.57020504586399,15.7398388051916,0.01,0.01
"3632",73.9390871021897,35.3969546500593,29.0023208828643,3.22534451261163,72.1614480717108,10.7495519798249,75.2202933421358,0.000586178621576495,0.01,0.01
"3633",65.2344438014552,63.6849736561999,13.7576095992699,31.4834720920771,90.9859902458265,86.335736582987,28.5984197165817,0.0116907392706698,0.1,0.01
"3634",52.616664278321,0.852155429311097,91.7694564210251,13.9688373776153,35.9082797775045,4.84950598329306,7.70987763535231,162.845152459858,0.02,0.03
"3635",27.2769013652578,70.147134643048,90.3430310077965,96.5930538019165,59.236202808097,56.2761560082436,32.9273466486484,0.0480622197420565,0.01,0.01
"3636",19.3464631214738,68.0887185037136,53.9829531451687,80.1815708866343,5.6726616807282,50.7609675638378,2.15834188275039,801.625809721751,0.02,0.02
"3637",20.2309604501352,97.2952910233289,55.4999004583806,80.2192418603227,32.54587079864,24.7156816069037,2.09199134260416,499.512185139024,0.01,0.01
"3638",23.374337865971,83.5717796115205,75.4629648290575,53.9713168051094,64.7047888953239,51.9274024525657,41.1088657332584,0.0198072950310079,0.01,0.01
"3639",10.9170672949404,97.5353581830859,20.6929939333349,56.9678522180766,87.034486560151,46.8792546074837,3.25067886151373,32.2786212306074,0.01,0.01
"3640",5.5178715614602,94.2683074390516,29.4190152548254,66.2634443026036,62.6990441931412,23.0677405605093,54.4130553724244,0.0190710865894842,0.01,0.01
"3641",51.9423854304478,35.1347318384796,70.6627384060994,68.7167344149202,74.2798686958849,83.7011001072824,50.5224801599979,0.0179536295354053,0.01,0.01
"3642",95.9606307093054,94.6335996733978,15.7654798123986,63.3134220959619,74.3760579498485,8.08211292605847,38.4866909822449,0.0215547003008393,0.01,0.01
"3643",98.8921126583591,30.3643131162971,85.5840523727238,66.4688040269539,63.0099951056764,40.3656812384725,52.2118007298559,0.0198188790102589,0.01,0.01
"3644",36.7046386701986,53.0001973500475,25.6879725027829,83.145680418238,77.8537547681481,7.57209148723632,54.9808366922662,0.0190699803766151,0.01,0.01
"3645",62.590147391893,22.308803210035,14.3407924100757,39.3711306620389,69.000304187648,88.5268894257024,31.4767132746056,0.0175686693921615,0.01,0.01
"3646",16.9418425299227,69.5119906915352,24.3504558922723,26.0129563743249,43.0880279745907,79.1420310270041,10.1449490757659,10.3968651800568,0.01,0.01
"3647",59.8494094796479,56.4688949147239,76.6262972727418,14.8017943371087,69.3549209041521,60.0460877409205,75.2598907100037,0.00279834328721681,0.01,0.01
"3648",82.0615619653836,97.0555409556255,45.4225548543036,10.0046546664089,12.5096594449133,0.349031831137836,57.4683600338176,0.172139272188363,0.02,NA
"3649",31.311800214462,25.0395269133151,69.1474301507697,34.9137210519984,25.4064954584464,51.5655791619793,41.7803591582924,0.066011621013444,0.01,0.01
"3650",9.13832997903228,38.1634960882366,72.0614254008979,72.3805328831077,20.9359903819859,47.6578468689695,17.0286078704521,33.8829884350494,0.01,0.01
"3651",27.0614517387003,68.8204689417034,16.8697418645024,39.070858550258,47.8345938259736,89.524027868174,74.3499755859375,0.010839808678469,0.01,0.01
"3652",3.26405162923038,98.1997272931039,14.5397576736286,35.1349715841934,71.6726888436824,55.8138526976109,94.0431035589427,0.0051577139812222,0.01,0.01
"3653",32.8399624209851,3.88632544782013,96.4353559538722,80.8181686094031,86.2993034534156,81.0455464757979,78.1898663612083,0.0118082872504596,0.01,0.01
"3654",8.44755817670375,29.4202174525708,91.7826571268961,58.6152438307181,94.7349210036919,34.5432040747255,94.2078625783324,0.00649570752983373,0.01,0.01
"3655",64.1657114494592,38.7847726698965,50.0040481798351,3.24827574659139,12.8233031369746,51.4036292443052,32.1112901205197,19.9796304211144,0.01,0.01
"3656",30.9649740345776,35.0898584583774,75.6984177976847,16.3501036120579,23.2940410962328,78.6841594381258,92.3092524521053,0.00752248512738707,0.01,0.01
"3657",20.751278125681,4.9183001043275,83.6750508984551,40.619300538674,70.0067531317472,21.9283858081326,40.2152363909408,0.0140330366690557,0.01,0.01
"3658",76.6040418529883,5.1661986624822,26.6892743762583,98.5370711889118,0.273024220950902,97.8576878318563,92.6075004506856,890.136002603657,0.01,0.01
"3659",67.1048644930124,26.8666033865884,89.6243759663776,64.1983347712085,29.1994331171736,3.28480168245733,86.9447470875457,0.0249087877992447,0.01,0.01
"3660",19.4229698274285,52.5953358970582,59.5808095997199,77.6983146555722,48.6702721798792,76.8241563113406,88.1010882090777,0.017916096571847,0.01,0.01
"3661",46.1670496035367,97.0207638572901,22.1663544420153,93.9425060059875,40.1699972338974,70.280215353705,10.8543181559071,10.826849944155,0.01,0.01
"3662",86.1362222349271,90.1100700255483,64.8529292782769,50.3675327869132,25.1210493268445,2.89371262770146,15.2889349497855,220.907792086128,0.01,0.02
"3663",71.4513597078621,90.0500480318442,63.1423411192372,23.8444308983162,53.3988960087299,66.7365834582597,82.1568017825484,0.00536959093540231,0.01,0.01
"3664",4.00785333476961,60.6558219064027,14.7831563372165,23.557690391317,83.7753247004002,81.1691760784015,82.6467530569062,0.0033616862227854,0.01,0.01
"3665",24.4054791284725,62.4559924239293,18.7367203412578,5.43465330265462,22.433797433041,85.5913558742031,52.4754769168794,0.0130960736128293,0.01,0.01
"3666",12.8296348266304,1.0364287532866,8.34447238594294,80.8457477018237,77.2712685866281,44.9976537609473,6.0695924796164,23.1086601311106,0.01,0.01
"3667",53.3071069279686,50.6630470044911,52.2816779324785,95.6727755255997,74.6416463283822,47.9959402233362,42.1503697987646,0.0297018526815668,0.01,0.01
"3668",21.9258802011609,94.2247456638142,98.7861938774586,54.0746183367446,63.6463026283309,20.5491898581386,14.6692072972655,0.152149062562777,0.01,0.01
"3669",47.8598464746028,59.974780655466,58.7924080435187,26.690003159456,5.54043354932219,94.0579376881942,10.1142905652523,607.060588718183,0.01,0.01
"3670",56.3775499816984,17.0286306878552,20.8753824466839,17.5664119422436,92.5389228854328,82.440671348013,12.6478923484683,0.0193284290680167,0.01,0.01
"3671",23.2875878689811,25.0131127191707,86.8113817414269,54.3581929057837,66.4591868175194,64.3536417745054,14.7211123025045,0.0992850706189494,0.01,0.01
"3672",33.77302326262,29.3361138319597,98.2589798979461,14.8582746740431,60.3662353008986,69.1570499446243,68.3906278340146,0.00354638374922587,0.01,0.01
"3673",69.4448666879907,27.5296254083514,64.7756065009162,79.7073314897716,19.1566354827955,50.7276561344042,6.35623394045979,308.30066621511,0.01,0.01
"3674",27.6889777975157,63.0688522942364,55.0529325613752,57.7878946438432,77.3873611353338,8.69781484361738,21.865231054835,0.032777243979314,0.01,0.01
"3675",46.6230330988765,95.4554163152352,47.5843403954059,40.7572570024058,44.9094214243814,62.4809162924066,65.4587890952826,0.0136554057544582,0.01,0.01
"3676",68.8843100564554,32.2542964480817,47.9173132684082,69.0114707220346,91.0864255391061,92.0180170796812,29.9148913705721,0.0245057875555572,0.01,0.01
"3677",77.1170768653974,59.2488037887961,25.0772531842813,60.5086488183588,74.9574506888166,29.7835098113865,53.3650997793302,0.0148474205153443,0.01,0.01
"3678",9.29491899441928,67.3447324195877,52.826778171584,41.5833553532138,49.5605016360059,89.2713489476591,75.9181653847918,0.0109079491437884,0.01,0.01
"3679",77.8322054771706,28.1337361317128,56.5800420939922,57.0891678100452,78.53725082241,54.6337357256562,21.2047972017899,0.0327809794068183,0.01,0.01
"3680",85.1102771935984,64.4773258129135,25.5101774819195,62.4660317786038,70.9611466620117,85.3701508371159,22.6483643986285,0.0372954235911068,0.01,0.01
"3681",82.6750613283366,45.5724200932309,93.6753720743582,9.14416296873242,54.9015101976693,86.6922015789896,65.8439484192058,0.00249148663739904,0.01,0.01
"3682",7.69340377300978,48.2416773913428,85.9477881342173,91.0141172120348,86.7803871631622,13.5975923389196,12.7822564449161,0.0997193930829427,0.01,0.01
"3683",18.4628184419125,33.2670292817056,1.75283506978303,36.9597509503365,74.9858593335375,69.605110026896,37.5203599920496,0.0127952700826406,0.01,0.01
"3684",57.8178318217397,6.97594995144755,5.57755606714636,38.8109604595229,56.3690557144582,1.11066189128906,37.3900569044054,3.82684560207582,0.03,NA
"3685",15.3221246320754,72.3800847306848,69.0985124092549,28.6785704083741,83.7198649067432,6.69814960565418,39.200038718991,0.00851512491224649,0.01,0.01
"3686",89.3335621105507,36.2571215489879,67.9717875551432,13.6759893968701,91.9854369480163,47.9229350574315,28.3238157629967,0.00506924606572797,0.01,0.01
"3687",91.9694211799651,9.08107054419816,47.1098253969103,87.4229420442134,37.9674998344854,23.367963032797,65.7951741712168,0.0344501593260718,0.01,0.01
"3688",63.078875746578,7.33979770448059,83.7111084489152,6.82683489285409,3.07313206139952,47.5680508185178,71.7070504790172,168.743696798108,0.01,0.01
"3689",22.8562795557082,90.8761078258976,84.0910081751645,26.6577357659116,68.4167377417907,91.3381687598303,29.1138911619782,0.0129397121801335,0.01,0.01
"3690",79.8556405585259,31.4675414701924,4.14014370180666,88.963062572293,32.735375710763,67.6800699904561,98.1729043880478,0.0274025589658667,0.02,0.01
"3691",5.23551811929792,49.2968105012551,95.6034013768658,65.658684563823,28.9872170658782,97.2159850178286,58.1716415705159,0.0383324806895695,0.01,0.01
"3692",4.92466343566775,60.2789390832186,28.1695533543825,74.1185164544731,13.775971182622,12.6119576394558,19.8953040177003,166.822940318201,0.01,0.01
"3693",71.4402393205091,30.0381919369102,6.85887965373695,78.4398956457153,74.6218940941617,65.2057391125709,38.8472411083058,0.0263786747858305,0.01,0.01
"3694",60.537010896951,8.40505384840071,86.69619995635,10.3003919124603,42.8353465627879,79.7107848804444,98.1995353009552,0.00242295539039092,0.01,0.01
"3695",69.3492501275614,87.4240618431941,57.3327117133886,41.1694249371067,39.7588732419536,15.1065489742905,77.8361590579152,0.0131328055882127,0.01,0.01
"3696",63.9864913886413,27.063730568625,30.8317185612395,46.4442427037284,1.28319784998894,10.4389023967087,7.1008886443451,782.60127203348,0.08,0.07
"3697",30.7700222358108,30.0515490351245,42.8016979014501,40.2318879961967,9.0698582585901,93.3327056001872,31.6603929270059,64.7447424050173,0.01,0.01
"3698",2.10774929728359,72.941300063394,2.96010812744498,6.47356305271387,59.389249724336,65.7632959075272,99.9906250974163,0.00107934008197122,0.56,0.01
"3699",51.001986511983,55.8640212519094,54.796995036304,90.2752727037296,86.1073684645817,57.8630080679432,11.5767873125151,0.112143077122835,0.01,0.01
"3700",46.8995157629251,69.1662794910371,40.0154123781249,35.0734591251239,17.2358353855088,31.1175604350865,18.8580540008843,49.5265406454764,0.01,0.01
"3701",64.3146311631426,24.3365014903247,4.09212643280625,93.2004311587662,4.99599787872285,12.5138228992,77.6597466785461,56.6888461426431,0.01,0.01
"3702",49.9583576573059,51.819244492799,19.3033890565857,23.6335159046575,4.79849244002253,64.7936851950362,63.7209576787427,57.5133869041648,0.01,0.01
"3703",76.6584997065365,17.8990479558706,95.9530382882804,95.5570547841489,56.7931018071249,34.2793952906504,58.2646380411461,0.0283729292116682,0.01,0.01
"3704",87.0295339496806,31.3222113763914,53.9524259744212,5.58375276159495,65.3886364307255,65.3110806597397,16.582618933171,0.0204127599714749,0.01,0.01
"3705",90.6883185962215,21.6742051765323,4.03983190190047,29.6986255794764,71.5578876901418,19.6690381970257,14.619254716672,0.0644063543203301,0.01,0.01
"3706",68.27582269907,27.2486918373033,6.89265448600054,40.8596405992284,8.8657773565501,21.9911439577118,59.7943808883429,9.44264305075634,0.01,0.01
"3707",43.7131732935086,85.7688218355179,61.8064691312611,58.736410853453,75.061357091181,35.9958715504035,66.6378176771104,0.0115682077082705,0.01,0.01
"3708",61.9567608227953,37.5087276566774,47.7661616634578,4.20413303654641,20.2648755395785,65.3084574500099,21.7904225923121,13.1999180570238,0.01,0.01
"3709",3.92172336578369,82.8848257660866,8.31439348403364,58.6983626009896,86.0902942251414,40.3893711976707,31.3191742403433,0.0210958964454944,0.01,0.01
"3710",15.5435461783782,39.6518778987229,37.7600675215945,70.5795688321814,69.7261994471774,17.709147464484,23.4029771061614,0.0416099699219691,0.01,0.01
"3711",78.3277612179518,45.5890528857708,35.4296558070928,73.0610525701195,26.7382989404723,89.1202516155317,53.0293883057311,0.0513343792566172,0.01,0.01
"3712",51.1878395220265,7.96072639059275,27.6509955292568,82.6516168890521,51.7603614367545,13.3476277114823,64.6760028786957,0.0242875052161416,0.01,0.01
"3713",73.8618899602443,70.7450266927481,83.4350848570466,76.6022197669372,41.197986737825,9.3637369107455,57.5054983841255,0.0317672926168009,0.01,0.01
"3714",93.5818833066151,21.1664181435481,32.845671242103,66.7144116712734,61.2837406108156,47.2210942069069,75.1386312767863,0.0142959168085344,0.01,0.01
"3715",12.9270948003978,18.8905427465215,83.9142595650628,48.2634744606912,45.7544138422236,20.248112664558,46.0106958867982,0.0224241306720773,0.01,0.01
"3716",15.5984712764621,3.73245554510504,9.89387042354792,15.6571416649967,65.4623772017658,62.7095709787682,50.0423179939389,0.00468415559980508,0.01,0.01
"3717",1.7849748255685,99.4935267372057,88.6513177538291,40.7873477088287,68.5420099878684,2.78568873181939,97.7083965437487,0.00601645946235005,0.01,0.01
"3718",52.5171644752845,50.4092419985682,4.49675063136965,97.0726515399292,9.85054008197039,38.9885027660057,24.4565294822678,114.572259381847,0.01,0.01
"3719",46.2123934412375,99.8104091268033,11.9746286654845,12.3855826212093,77.3929481394589,68.7731392914429,65.3598441276699,0.00241158322671027,0.02,0.01
"3720",85.7428182614967,56.8020370323211,6.02642521262169,7.4806542834267,69.0226214006543,90.3159520588815,96.6439215233549,0.00110994000407857,0.01,0.01
"3721",8.90784580260515,49.1143132327124,88.6131070787087,39.8581535788253,80.419442942366,59.5477575203404,84.8512049997225,0.00577230607987243,0.01,0.01
"3722",77.8846346307546,10.7062733033672,28.4587614703923,39.5242453087121,48.6751850927249,51.1700282571837,6.19792058132589,44.9178437689695,0.01,0.01
"3723",17.9089717101306,61.1338006099686,73.7957178615034,65.863872366026,48.3201632276177,78.6163171986118,33.7778663495556,0.0392677307836723,0.01,0.01
"3724",55.8262160979211,21.6868059942499,89.8007312091067,20.6264775712043,57.368130190298,78.156303986907,80.3046128014103,0.004421295782162,0.01,0.01
"3725",42.399277142249,29.7696564113721,32.2757761459798,39.5480110775679,60.1646505994722,82.5408123200759,96.633408870548,0.00673226422015035,0.01,0.01
"3726",32.544204662554,60.5958922533318,22.4933767691255,47.3703201161698,49.9121188186109,46.3013746077195,37.1197434375063,0.0249067461978909,0.01,0.01
"3727",84.9968073889613,68.6470858985558,42.0337973861024,7.64655331149697,55.4320163791999,33.5535422433168,95.3112617367879,0.00143218434946643,0.01,0.01
"3728",62.053399020806,73.2346878619865,81.147135887295,41.1174476146698,61.364440084435,40.5184119474143,60.980191337876,0.0108096098336761,0.01,0.01
"3729",85.2368780877441,44.2557255737484,56.0788195813075,13.5820044903085,54.4580784393474,95.5023437971249,93.1868111249059,0.00264792208881315,0.01,0.01
"3730",45.466754748486,47.7892928523943,25.6922439904884,63.3105396293104,37.5982152065262,11.3457663916051,17.4056356074288,3.29452504678892,0.01,0.01
"3731",90.418503805995,71.027278364636,18.3546267449856,1.95850925520062,28.026917995885,61.8630717741325,13.4809041861445,21.8455252027259,0.01,0.01
"3732",5.48170902766287,42.4949418287724,84.8641808144748,78.4053212963045,38.6959422146901,28.6235125735402,57.2631157701835,0.0347691084410613,0.01,0.01
"3733",96.9384083291516,25.3831907641143,94.5288105402142,93.4910640818998,9.74045640323311,68.3258695295081,41.6351028485224,21.4278161944351,0.01,0.01
"3734",81.6538449376822,36.7642505792901,39.3384676193818,12.7693073591217,6.52842554263771,18.4197931084782,31.595117575489,218.635917208187,0.01,0.01
"3735",62.3638013843447,43.6976287979633,35.3782376507297,90.3709539677948,77.1001254674047,60.1275073364377,86.9963246630505,0.0133193292762881,0.01,0.01
"3736",43.3494377415627,50.529201189056,87.0383272645995,43.6892335535958,54.9856808967888,43.3653060579672,52.4546260247007,0.0148618812920015,0.01,0.01
"3737",46.7891286127269,37.3000210151076,42.6160278962925,69.5055088028312,11.3641522824764,31.9952875375748,32.1661745663732,37.0355186123818,0.01,0.01
"3738",92.0037354808301,1.77163318730891,59.1821801150218,91.7867383686826,63.6499643558636,15.6378950690851,28.9394963532686,0.0482399659433479,0.01,0.01
"3739",74.4244148954749,93.6287592863664,5.30970173422247,0.7898521842435,87.9661452258006,44.0404938533902,49.5305430842564,0.000177742080422004,0.03,0.01
"3740",73.0345937889069,84.2245990643278,43.4777468908578,35.7607750222087,34.6427082782611,77.9116702964529,48.1681261677295,0.0210509335710699,0.01,0.01
"3741",96.2849729228765,13.7640994274989,43.9718364272267,75.2929095877334,19.7573282057419,39.3428277689964,85.4499200824648,0.0441760524418818,0.01,0.01
"3742",10.3655567625538,76.7527919029817,91.2776650162414,89.7514929063618,64.6906445035711,43.315171264112,75.5665922304615,0.0181180778609554,0.01,0.01
"3743",2.02196212485433,24.1116913501173,89.4177258713171,27.6983867166564,74.2252706550062,59.0443682158366,92.7345805102959,0.00397999560384007,0.01,0.01
"3744",13.1785232806578,40.4426221735775,39.2233221093193,49.8410246567801,88.1693932693452,70.2084058197215,63.5097327874973,0.00876223360382712,0.01,0.01
"3745",8.67069908417761,64.774878253229,76.3813453260809,51.1708498699591,87.9656958393753,91.0838279873133,20.5068323761225,0.0270554981018619,0.01,0.01
"3746",97.9352161986753,38.4777736151591,59.1035065706819,13.6584578314796,79.938789550215,2.29164257179946,52.8491974808276,0.00315697017612747,0.01,0.01
"3747",33.4343855734915,7.53855598159134,5.53697489667684,36.8779415730387,93.3667364995927,49.239620170556,54.0053275646642,0.00717861343841947,0.01,0.01
"3748",71.3095533894375,94.2094487370923,10.3114560712129,85.6610549148172,36.9985970668495,80.9805909870192,98.994976002723,0.0231535011579906,0.01,0.01
"3749",23.3938321936876,88.5835983790457,22.1400974784046,37.9171336768195,21.3702077046037,34.6856642747298,52.8137932764366,0.0503602274603561,0.01,0.01
"3750",8.26203864999115,48.4921830007806,12.045355187729,80.7904417393729,12.4529516324401,78.5371363628656,68.1063045049086,0.355246250650163,0.01,0.01
"3751",6.89358748495579,78.1707687536255,33.3552925381809,50.0669372268021,29.0116864256561,38.3511836407706,40.6375312013552,0.051458374963411,0.01,0.01
"3752",52.3736146744341,57.7919693198055,71.3004350895062,83.1117850961164,61.1711205914617,15.8257538452744,61.7972183274105,0.0216294057721079,0.01,0.01
"3753",95.8173328312114,28.1084994785488,69.9374412186444,99.7814618749544,27.4885716615245,86.1904663965106,80.9463044628501,0.0442934890263997,0.01,0.01
"3754",36.4801108604297,59.9747243337333,94.9810090707615,77.5567436125129,73.8154130289331,91.5344443405047,39.8959341458976,0.0256898028741175,0.01,0.01
"3755",18.7964067794383,14.1571968095377,21.4950490510091,57.5108357705176,87.9265310475603,62.0371868135408,6.69107693247497,1.95825025440694,0.01,0.01
"3756",24.6516179293394,8.21334170177579,53.3473004586995,5.76947666704655,33.3882065722719,30.2697021747008,83.506947918795,0.00204359655857743,0.01,0.01
"3757",33.148656738922,88.6101194191724,31.3597032800317,72.6552327163517,6.37490355875343,67.7964673144743,81.1349131399766,7.03054077210007,0.01,0.01
"3758",68.207719665952,41.4119126973674,62.2182252118364,32.466174243018,37.2356886742637,63.599993637763,90.4340509325266,0.00953528942002215,0.01,0.01
"3759",48.266950272955,15.4323637951165,36.3496760837734,55.8885127073154,6.50652227923274,44.2461039172485,44.9410064611584,77.4972521273646,0.01,0.01
"3760",74.0445273462683,81.2219588086009,95.4811433330178,67.6654245471582,42.2667291713879,46.3137369370088,2.75591167155653,246.911424414624,0.01,0.01
"3761",93.3935474371538,21.5800995705649,87.1660050703213,86.9149262085557,42.9659232730046,44.7294294834137,54.5866542262957,0.0363809833273851,0.01,0.01
"3762",71.1368661839515,3.78137638326734,79.0034188888967,27.734879613854,56.0681593138725,22.1756089245901,61.3703949842602,0.0079037488242855,0.01,0.01
"3763",64.9254277581349,2.81752864830196,37.5722740776837,49.6074784779921,2.41951951757073,93.6216706875712,15.7799630891532,809.424308376996,0.01,0.01
"3764",38.8615428470075,1.38349928893149,89.1173403942958,46.9996033702046,82.1498095989227,14.4627118250355,40.1510553667322,0.0136220988989701,0.01,0.01
"3765",71.0545139620081,86.7527736583725,11.5008510649204,20.8186857867986,90.1046924525872,12.3741606948897,18.2588017079979,0.0120932219270713,0.01,0.01
"3766",97.0468084560707,97.3487857729197,85.2731206454337,61.9551767362282,53.4482553601265,49.0820200648159,75.5785429850221,0.0151359114656791,0.01,0.01
"3767",40.6003069132566,34.3929821625352,21.5913475956768,21.948563400656,12.6941208960488,96.0650180000812,93.690014234744,0.0269899136080957,0.01,0.01
"3768",64.3100757850334,71.96565202903,34.8165484610945,47.1169288270175,41.1298350431025,71.5186330489814,42.5994019955397,0.0262987601570494,0.01,0.01
"3769",48.3551652636379,30.2494864910841,59.4068250851706,53.5028896760195,2.740124380216,48.3627791749313,25.7387900492176,608.26930119284,0.01,0.01
"3770",5.7282087393105,95.4030903987586,69.997971970588,49.334369879216,65.518584032543,96.0707285674289,52.0183505257592,0.0142018825108542,0.01,0.01
"3771",44.9530508834869,34.43999432493,77.5890958728269,96.1762185906991,74.7364259092137,39.0657567651942,93.6737804207951,0.0135893628013117,0.01,0.01
"3772",66.3972159149125,1.70823622029275,38.3600606583059,33.1667108926922,91.4335635956377,99.928370071575,26.4373457524925,0.0132058453914433,0.01,0.01
"3773",95.3195039415732,0.562777114100754,86.3078468712047,41.3330152165145,45.2306530205533,18.1619825074449,64.2085349652916,0.013666887902898,0.01,0.01
"3774",85.0464775459841,29.2304431786761,33.126012282446,72.8038958506659,63.7259554583579,51.2942052446306,19.5043193176389,0.0593332547158057,0.01,0.01
"3775",86.8635896826163,37.9477051552385,2.74437342304736,4.00144131854177,35.1694582263008,93.3462825138122,79.301629238762,0.00141700375204681,0.6,0.01
"3776",98.1693221023306,18.4566019335762,59.1903661843389,45.6296985037625,67.8086776053533,14.7625234676525,74.7241011122242,0.00887856855265746,0.01,0.01
"3777",42.6950739696622,27.4650773499161,42.2577715944499,65.0920078856871,3.82162481546402,99.0299843251705,61.236689449288,113.609955156053,0.01,0.01
"3778",1.48310400545597,4.74538330454379,35.2953907568008,60.2703992044553,26.5301564941183,32.4673084076494,63.4108691709116,0.0356120792190757,0.01,0.01
"3779",71.5065353550017,52.4351747706532,15.0619805324823,1.09194002579898,2.88853161036968,5.8745389804244,85.4979379102588,506.1958283774,0.01,0.01
"3780",65.1944817043841,20.6016388954595,80.9240721631795,98.6814657226205,97.8766223182902,65.3237618971616,50.6903600413352,0.0194992566520825,0.01,0.01
"3781",94.0418236423284,31.6069821128622,3.14769761171192,13.4785331785679,47.7847326546907,49.3202697718516,52.0139389205724,0.00532054105779193,0.02,0.01
"3782",91.8618750292808,56.8743792595342,38.4289416950196,82.9047193750739,16.8432191712782,61.5974597400054,10.8641223050654,165.884718376321,0.01,0.01
"3783",51.6973877791315,26.9832505146042,92.8861801978201,11.6827205056325,25.7307362509891,10.8845908893272,27.1045599132776,2.84441379536099,0.01,0.01
"3784",54.4614017242566,58.998102019541,45.3596088802442,41.8187437579036,23.2653866522014,31.6360959550366,94.6638700552285,0.0187889597763111,0.01,0.01
"3785",2.89403300266713,97.7932360721752,51.9668481312692,97.0189603278413,69.0226654754952,0.0501994742080569,97.5108738290146,0.000446997555635053,0.01,NA
"3786",2.19052822794765,10.8908837661147,97.2832799190655,0.33237892203033,36.3542800303549,37.6789495814592,91.0613872809336,9.99817964534834e-05,0.02,0.01
"3787",62.5491828424856,57.2711582994089,28.8117323303595,45.058528194204,64.1717610880733,94.8265265440568,2.84020523540676,96.8291110284131,0.01,0.01
"3788",38.1949238013476,84.5871307421476,99.0763878915459,75.4072586074471,78.6116258939728,91.090255160816,13.4784414200112,0.0810240655563439,0.01,0.01
"3789",94.1069911699742,23.1875403784215,77.2218227619305,83.685264014639,69.2326810443774,19.704954023473,82.777106249705,0.0144180165044558,0.01,0.01
"3790",55.825513205491,80.6081160902977,97.430031793192,25.4843733273447,52.5077293626964,56.4459322951734,30.1839459920302,0.0156804530272188,0.01,0.01
"3791",96.7935590073466,95.8838980644941,0.98087559454143,34.6105937380344,29.7857838217169,9.9734052317217,42.5808536820114,0.0354092324053017,0.01,0.01
"3792",52.0892231957987,80.6897555245087,70.7642031833529,67.3296592431143,36.0853854566813,88.5566159617156,41.9854269595817,0.0436560844500884,0.01,0.01
"3793",2.42707617580891,91.0628247540444,32.1160107851028,34.2005826765671,36.2569592660293,19.0747374901548,21.1291396291927,0.851695133191394,0.01,0.01
"3794",7.49689009971917,13.6006082873791,61.2709823995829,78.9892403641716,99.9403516761959,63.9510189648718,53.1221822602674,0.0145983346738818,0.01,0.01
"3795",95.5447945510969,66.7818397982046,86.506231687963,52.3716006195173,22.1605070866644,36.8914803024381,32.5674886349589,0.973148840180873,0.01,0.01
"3796",28.0907751759514,59.5615397207439,38.9536912785843,78.9132098434493,10.1825759047642,37.4724434921518,44.0253413980827,15.7271400514957,0.01,0.01
"3797",28.3788197208196,91.7652976699173,62.0429100468755,96.2491276673973,65.1463555404916,11.0410243039951,20.8729563513771,0.0700512030160515,0.01,0.01
"3798",76.4799904311076,20.2842747559771,73.9322777139023,0.717209628783166,30.8505276450887,3.10241805855185,41.497573023662,0.407892199424704,0.01,0.01
"3799",51.3199684210122,90.783200156875,67.0549661386758,0.0232221093028784,0.0512864207848907,5.23552808444947,71.7586322454736,792.92628027145,0.35,0.32
"3800",14.5158099010587,12.3513231053948,87.0569534599781,92.2652504174039,13.610363076441,70.3225242206827,7.74672806728631,388.049811730853,0.01,0.01
"3801",18.1624090997502,55.6558235082775,36.0753648681566,96.2028949288651,61.7730924393982,66.9339383020997,41.9936622260138,0.0362222492331946,0.01,0.01
"3802",8.58206399716437,39.315044414252,50.9296745294705,49.6263187378645,96.941806236282,88.0008396459743,73.4207949135453,0.00687821309486845,0.01,0.01
"3803",65.2675814228132,67.9858849849552,63.8157740933821,56.9417770719156,1.48605024442077,65.3498019790277,82.3737050639465,349.48176142246,0.01,0.01
"3804",7.2530630743131,71.482119243592,2.9946802649647,50.7758141029626,55.2889168495312,66.9921431690454,41.918770968914,0.021397771859191,0.01,0.01
"3805",79.1891199536622,55.1816653925925,81.7517193034291,43.4951855102554,19.7421800112352,66.956928675063,31.6630567889661,2.17712451700388,0.01,0.01
"3806",89.3138160929084,16.7731330730021,72.5305881351233,69.8692490812391,17.3389797331765,98.7722905352712,73.2348652556539,0.0584202617857601,0.01,0.01
"3807",22.9553282959387,10.6715739006177,76.369325327687,10.8289854368195,13.8055890100077,66.7676424141973,16.7266830569133,123.061199793278,0.01,0.01
"3808",56.243187491782,31.5788596170023,67.3266783822328,46.4105359977111,99.2567151319236,55.5808213539422,80.7125089457259,0.00572119710940374,0.01,0.01
"3809",96.5107781579718,62.9945472814143,0.604155380278826,78.2083314144984,58.1053604371846,76.2040172005072,42.3950498457998,0.031016460471824,0.01,0.01
"3810",61.4623573375866,9.94729900266975,55.9607843402773,6.07319925911725,37.6162411412224,77.954160887748,3.80206061527133,205.831810717582,0.01,0.01
"3811",55.5208403384313,62.06358615309,11.4153445931152,31.9310897262767,17.6615545758978,25.745545886457,59.2117295833305,0.0769671802169615,0.01,0.01
"3812",86.3599788630381,87.1225158451125,78.8913449272513,2.74250784423202,91.910056094639,95.7996035460383,70.421374309808,0.000417764255569754,0.01,0.01
"3813",38.922055833973,48.6195380799472,73.5337952850387,61.2358122365549,37.1095451992005,60.5617611669004,78.8143554469571,0.0206731159211411,0.01,0.01
"3814",78.5886507714167,38.8787792995572,49.2779709631577,38.5716044809669,33.3320527803153,85.069502168335,55.1673822570592,0.0206134295290408,0.01,0.01
"3815",5.27178032789379,45.1032226672396,32.0533540565521,48.8024955848232,31.2201770255342,56.9699931889772,34.1046960325912,0.0731283163137606,0.01,0.01
"3816",58.4355275146663,52.5057239690796,14.8951295297593,45.9833916043863,37.1218901127577,14.2951902700588,67.0182841131464,0.0182101798993474,0.01,0.01
"3817",93.7136814463884,53.5294673871249,67.8846599068493,49.9792928807437,57.5581596465781,17.7428129129112,3.49266128614545,123.763981976012,0.01,0.01
"3818",21.863796794787,17.7374466788024,80.3147899452597,57.2282412089407,52.2492069052532,95.8387336228043,22.125317947939,0.0565991043916498,0.01,0.01
"3819",34.6852836664766,30.3127706516534,21.8022974673659,14.526553126052,14.9897977011278,36.5615038201213,1.36445316020399,824.486454206444,0.01,0.01
"3820",19.5392285939306,47.6785976905376,2.11826849263161,88.2378272013739,34.7222106065601,97.7932436624542,39.4962430233136,0.0638743619939835,0.01,0.01
"3821",64.1001215670258,30.0153874559328,76.2641789857298,18.5821168357506,75.7681599119678,9.76675320416689,78.7172016454861,0.00307279968296832,0.01,0.01
"3822",98.6425578594208,62.0060309767723,96.7483094194904,5.48098732251674,2.09830629173666,8.41057372745126,65.480124601163,758.556283461978,0.01,0.01
"3823",10.8298421138898,42.8523461800069,75.3065957222134,79.8057087929919,63.2438377710059,15.1815388351679,70.1782034477219,0.0177201401752636,0.01,0.01
"3824",28.6637657089159,97.4120257887989,35.5010674102232,67.7678094478324,86.4403725136071,37.391606089659,79.3180762091652,0.00976050682296764,0.01,0.01
"3825",71.7283911537379,23.1318719917908,28.8843758637086,78.5728390328586,52.7038607746363,86.9988605612889,45.4224877990782,0.0321130278867873,0.01,0.01
"3826",62.1589587070048,46.3569141225889,85.5367465643212,77.165459189564,30.0322782248259,10.4972371133044,41.4069619961083,0.0734289431638771,0.01,0.01
"3827",80.187447485514,31.9399820175022,96.1832797620445,30.9603602159768,24.8196349013597,24.7982274042442,60.6443356256932,0.0207884773913702,0.01,0.01
"3828",17.8768384968862,74.9653075123206,65.6950091011822,52.1023464854807,29.4681539991871,40.4346650699154,72.5937058683485,0.0240244636498487,0.01,0.01
"3829",10.5760071659461,73.4007866354659,14.7388636367396,1.78457002621144,61.5451830904931,19.9682388221845,45.2509181806818,0.000626913223642703,0.01,0.01
"3830",89.2091652145609,63.3255190681666,42.6888562506065,19.2066168179736,76.438802597113,0.354935438372195,44.3201758665964,0.0396806558559088,0.01,NA
"3831",13.2457856088877,88.6160162044689,55.2864828146994,73.8677216693759,6.1717082047835,2.07915930077434,91.1905259825289,68.4591789721343,0.02,0.02
"3832",78.6250613629818,73.7192056607455,28.4848522627726,98.9797313231975,33.4282567026094,66.2077664630488,45.3581306152046,0.0641405235290259,0.01,0.01
"3833",11.0910456627607,35.6204224284738,34.4690564787015,68.840449070558,98.0412357253954,49.7768665431067,16.215175925754,0.0408727390107549,0.01,0.01
"3834",98.6183004686609,74.2440960835665,62.4813849572092,28.1903699040413,1.97637542150915,31.7000669427216,29.4226193800569,731.059029221626,0.01,0.01
"3835",15.6559395371005,18.7929342966527,81.1697156867012,64.4123838050291,77.884483197704,55.1457748748362,13.4974797721952,0.0804719468425633,0.01,0.01
"3836",64.0506515279412,3.08506796136498,57.1115272585303,53.58669499401,47.9370501590893,81.3027808209881,37.4133631121367,0.0291217979216868,0.01,0.01
"3837",80.6969430530444,48.0525447288528,22.1293411683291,20.1493713306263,39.4773764535785,38.6303578969091,57.4235048377886,0.008736000265381,0.01,0.01
"3838",52.9997496632859,31.2551786191761,99.3470553308725,10.1357673062012,55.5239549372345,85.9411458019167,76.3518351130188,0.00235964033476417,0.01,0.01
"3839",55.8690466219559,23.2067913748324,72.2521353513002,72.7663296973333,15.4838118003681,27.1913695149124,91.334900050424,0.0524880090992836,0.01,0.01
"3840",96.342936065048,80.3421354154125,12.3202113434672,92.7836791612208,37.0396990794688,49.9636282911524,51.5038067940623,0.0477157108350496,0.01,0.01
"3841",45.8415247034281,20.0658204965293,70.883785863407,61.8202068144456,37.4334707390517,55.9939303435385,97.908436995931,0.0166937945995266,0.01,0.01
"3842",93.0909707443789,29.0745552163571,87.6429155701771,98.7069224240258,10.6575213139877,70.1432488625869,30.2233769791201,46.7728705153836,0.01,0.01
"3843",66.1111073568463,33.3987596910447,33.8557230774313,14.6018874831498,90.4799091396853,94.8236606782302,99.6525052702054,0.00160331655012614,0.01,0.01
"3844",33.8894960703328,9.46588565129787,21.4583373628557,95.4767591087148,92.6427425118163,74.4721739552915,31.1962474603206,0.0320031871948601,0.01,0.01
"3845",59.5779948402196,62.7301492495462,30.1175995497033,19.4599311100319,5.36638621706516,79.6429208246991,90.1963669573888,9.51045576970208,0.01,0.01
"3846",12.6284561818466,77.5959736667573,29.4013193342835,75.2042399486527,22.7825437905267,21.2332482915372,25.4959150683135,4.99833704009142,0.01,0.01
"3847",79.6289681689814,79.1429592762142,94.6131575154141,52.0592244807631,87.1867647627369,12.1827453374863,33.2853666972369,0.0174073671656919,0.01,0.01
"3848",30.7167701655999,30.2081167930737,61.9951249333099,32.190674636513,62.4673881335184,0.604575756005943,86.9421337498352,0.0138798633288724,0.01,NA
"3849",99.5674915378913,3.57152887154371,34.9128152243793,10.3254881454632,94.6813565213233,40.3430471429601,65.8439096529037,0.00162933578419823,0.01,0.01
"3850",16.0894969943911,22.4086348665878,20.5992702860385,22.4863548763096,41.0150486277416,61.6601648274809,48.0393585981801,0.011182768427699,0.01,0.01
"3851",26.872452092357,76.2523063225672,20.2668749494478,97.993468074128,83.8962283916771,97.0005414448678,28.4166717436165,0.039706016941686,0.01,0.01
"3852",62.6319011906162,88.582652201876,57.6613811310381,25.9907722938806,75.4093130584806,36.5662935655564,93.2257830165327,0.00365756674491089,0.01,0.01
"3853",41.439069295302,74.3112475611269,28.5220433492213,61.4887919509783,72.7104998659343,65.0116819189861,3.33758951164782,51.5330505446661,0.01,0.01
"3854",40.6489071901888,86.5918918745592,64.0776063781232,93.2488490827382,80.157067021355,20.0593576766551,24.1217269795015,0.0463050128928968,0.01,0.01
"3855",29.6825205907226,67.4494756851345,94.5101096760482,96.397080575116,4.07266549300402,38.0851218709722,90.091525297612,36.4228797198141,0.01,0.01
"3856",80.3872401593253,1.60294072702527,10.7393090380356,39.5682997303084,54.3817560188472,31.4952741842717,18.9917624229565,0.219710482014544,0.01,0.01
"3857",24.9494603369385,53.9497009012848,79.2834335472435,7.4472164735198,82.0075978059322,78.8949327310547,26.3219866203144,0.00332438415751833,0.01,0.01
"3858",9.80818937532604,35.4422628181055,46.844362677075,64.3246313324198,29.6154970536008,8.14460655674338,98.5201963223517,0.0218146558188577,0.01,0.01
"3859",22.6259981514886,44.0267963102087,67.4388155573979,22.1029318403453,57.5938417343423,66.8961562449113,75.5561079597101,0.00501254680659194,0.01,0.01
"3860",28.7092381156981,83.0468419473618,18.3214165037498,82.4478136841208,36.7617205251008,99.8894721269608,62.7705368911847,0.035169305366461,0.01,0.01
"3861",74.9036813387647,90.4696397483349,32.5573633657768,84.9111363757402,52.199065242894,95.7573808263987,70.0827460037544,0.0228840264447209,0.01,0.01
"3862",9.07882831525058,18.9547251211479,17.4639937467873,68.2652583811432,44.0914806677029,4.78390008211136,75.9880839381367,0.0200891098287693,0.01,0.01
"3863",79.755428712815,82.9304141923785,86.2192157888785,26.3248955830932,61.5916003240272,18.8155556097627,16.6097972309217,0.0656212150096815,0.01,0.01
"3864",43.2486624689773,6.66940533556044,74.3757313815877,54.1572817834094,55.6143034948036,35.9233682975173,23.218567064032,0.0452712793282239,0.01,0.01
"3865",48.7366555258632,4.92365560494363,89.5287706516683,33.7885896675289,87.9696645541117,82.771810516715,98.5579791944474,0.00385392078264456,0.01,0.01
"3866",40.2655695565045,93.0998580530286,79.7621753299609,51.4974107034504,92.8020486375317,62.7537531312555,79.0966606000438,0.0069276829787911,0.01,0.01
"3867",34.590708417818,95.5519887851551,58.5885670268908,86.5940700052306,0.221062754280865,15.3713091043755,57.157524372451,886.725149292598,0.05,0.05
"3868",31.2958238180727,52.8765086550266,37.4877054477111,25.4326706752181,69.1050960216671,78.2895265379921,98.1290227035061,0.00371248672374591,0.01,0.01
"3869",55.1881482824683,60.9987767413259,38.0456956801936,67.0271843438968,78.2221693312749,94.9330287287012,38.1507942918688,0.0218860865602913,0.01,0.01
"3870",40.6024255091324,3.25271177571267,53.4048534464091,1.15572318900377,15.4995654709637,87.2723133768886,4.74390224553645,526.301545619934,0.01,0.01
"3871",21.3668542448431,79.6956817386672,28.3926693722606,83.570373011753,69.4602109724656,30.6320871692151,80.2620148286223,0.0148048826192851,0.01,0.01
"3872",70.3338120365515,76.4322861796245,32.835240336135,44.9515450047329,94.6975023020059,64.559561596252,8.23170421645045,0.262379180509695,0.01,0.01
"3873",83.6609663674608,3.07864984497428,50.697495858185,82.4517358327284,25.7401662878692,5.49126302357763,30.76378966216,21.8939850778684,0.01,0.01
"3874",1.94649705663323,88.0490308860317,44.0576085820794,29.1292593348771,62.1622231788933,50.680850376375,70.473486953415,0.0065560464280146,0.01,0.01
"3875",26.9734318833798,55.569230648689,19.5812702877447,82.1625738870353,12.2267340309918,49.9605131801218,75.9659307310358,0.214247487342539,0.01,0.01
"3876",50.3306929022074,42.3409343697131,83.7392356013879,78.4606642089784,6.26186670269817,90.5292620882392,64.3464962020516,21.1499235543073,0.01,0.01
"3877",99.8645512387156,58.1240858649835,40.9480506554246,5.22410366684198,93.4150577057153,22.4940214306116,61.7030421504751,0.00089173369102684,0.01,0.01
"3878",81.6276367055252,13.3126904023811,13.3366318652406,11.5766995819286,72.649712045677,65.8330661943182,2.45333311613649,102.257586188915,0.01,0.01
"3879",15.0735201081261,93.4512038948014,99.3847081437707,29.9267034046352,59.8689263453707,93.6632817145437,30.2046449389309,0.0160287593000763,0.01,0.01
"3880",97.8794439928606,13.1434729788452,90.4448356013745,22.8433775948361,43.4128772700205,9.57274395041168,34.9584865849465,0.0161836810543742,0.01,0.01
"3881",80.5146458325908,12.5838549574837,22.5944560486823,15.6581748044118,67.6497704116628,47.846206324175,63.1633013486862,0.00360665914695337,0.01,0.01
"3882",48.7396505894139,7.55662419833243,0.841814978048205,2.18296130187809,53.0771166086197,93.4708135435358,69.5940779987723,0.000582555742638106,0.01,0.01
"3883",59.7905660280958,20.2597016002983,41.2068040808663,20.6706877332181,41.1063597537577,49.1689328337088,74.8394057620317,0.00662975388072226,0.01,0.01
"3884",60.0255979923531,61.2885798793286,53.3716524485499,39.0636757016182,23.1692851986736,74.1643846733496,23.520345846191,4.45665256625565,0.01,0.01
"3885",45.0841559097171,64.7991344565526,7.83419953659177,86.295204074122,83.4514813497663,71.5231002541259,41.1581852706149,0.0245281224083381,0.01,0.01
"3886",96.2904725922272,55.8511715149507,41.912420024164,41.0676670959219,67.7148832939565,72.0163480611518,2.30771494098008,122.529549161473,0.01,0.01
"3887",83.4060924593359,71.7039571842179,51.883765636012,42.1567663550377,33.9900678722188,27.2220695624128,33.8877370813861,0.0486235822239319,0.01,0.01
"3888",69.4808876374736,70.248277601786,2.3118220968172,50.5344065837562,5.25124960113317,31.3442051876336,15.9912128234282,559.684860134269,0.01,0.01
"3889",17.5192301627249,40.5008899513632,63.3335853926837,69.5813286583871,68.443799065426,52.8904789593071,63.6698439484462,0.0157183688998335,0.01,0.01
"3890",84.340826398693,31.809851154685,96.4606751454994,86.5202232031152,55.2638164255768,64.2938323318958,26.4374783728272,0.0574772200034765,0.01,0.01
"3891",49.0939808310941,27.3799591697752,58.6105251451954,92.4404620658606,32.8439267119393,38.5732419323176,95.5343173118308,0.0291513684309093,0.01,0.01
"3892",3.11941774562001,33.1145696807653,80.2343735238537,13.4471216704696,23.8742185756564,23.348723561503,63.8059374177828,0.00930623625806206,0.01,0.01
"3893",16.2983206799254,1.80818934459239,14.7585084894672,45.0130829820409,34.0101985726506,55.4781235055998,36.1472142627463,0.0589198632237935,0.01,0.01
"3894",7.68111576326191,44.702601316385,44.9657504446805,16.7884671362117,68.9118508249521,30.8375166496262,82.9767282819375,0.00290068605680887,0.01,0.01
"3895",62.5434082467109,60.6707194587216,98.1188050704077,48.4002308687195,61.0966100823134,34.0580265037715,39.4998203264549,0.0195566899320286,0.01,0.01
"3896",10.2282770676538,59.5784599194303,68.1915888097137,41.59399648197,81.9160773884505,74.4692069478333,94.0124564338475,0.00534382274579232,0.01,0.01
"3897",55.6345605757087,20.1704673469067,83.9269989635795,89.680700446479,24.830030836165,59.5647639594972,2.73687583394349,468.175192644738,0.01,0.01
"3898",69.6785555919632,24.3439843645319,65.0239827809855,86.9387010810897,81.7440895596519,91.6984377428889,30.4713484365493,0.0337900903942855,0.01,0.01
"3899",3.04315467365086,71.6559905325994,97.104119299911,17.4876024248078,12.9395343596116,75.6549962796271,35.6262476416305,11.6314955160567,0.01,0.01
"3900",87.2570422012359,62.9385292995721,11.9449944933876,10.6007724069059,32.1889485698193,62.8146620234475,37.6773244235665,0.0141673287892958,0.01,0.01
"3901",89.5989711629227,28.0729107558727,32.7183052664623,57.4952085502446,44.1667839419097,25.3854242619127,36.7981483461335,0.0345802646426845,0.01,0.01
"3902",68.7070158543065,54.7354727517813,10.3820442920551,60.988859529607,69.1514804959297,83.1683851545677,28.2688283594325,0.03013468581944,0.01,0.01
"3903",62.8851070301607,32.2369985282421,40.4412047471851,43.502173316665,45.1095307245851,26.3170295627788,46.0186132928357,0.0205089821150918,0.01,0.01
"3904",33.2805693848059,80.8841307880357,9.51888337731361,21.3623653864488,47.5086048711091,50.1924767158926,43.852634401992,0.0100256991697093,0.01,0.01
"3905",87.0158839039505,32.2762947762385,26.862768526189,92.8473406936973,43.0321423104033,95.9723463049158,60.9162509208545,0.0348465284892926,0.01,0.01
"3906",75.0358323566616,75.5972855491564,46.5125068789348,78.517837706022,88.4877094998956,23.4847634797916,58.3097743336111,0.0149590671191074,0.01,0.01
"3907",17.4861507024616,2.80014523304999,53.9416486397386,36.6596344858408,5.72560108266771,22.3303768318146,23.7484899582341,599.942753470378,0.01,0.01
"3908",32.0644015679136,1.20231641922146,78.2526594819501,86.336856149137,75.2459652721882,52.3048135917634,90.4564827913418,0.0124799711314918,0.01,0.01
"3909",49.5356967439875,32.3603658936918,59.3845611205325,48.9381706342101,89.9826017441228,75.408723950386,22.2977597266436,0.0233432470235994,0.01,0.01
"3910",64.5494396332651,51.8012624233961,78.4412535838783,38.8692690758035,53.4601329592988,97.6954775629565,13.7189418775961,0.536769564361866,0.01,0.01
"3911",57.5114964740351,28.5167599795386,30.8317947201431,69.5186038501561,79.9948482308537,50.9070938453078,93.2854189770296,0.00921612703849249,0.01,0.01
"3912",7.77312538120896,90.9249109914526,66.0350595833734,23.0035646352917,66.1447953665629,21.7504245229065,71.619224967435,0.0047883927795613,0.01,0.01
"3913",6.39661375898868,58.4794652881101,79.295918950811,1.86186097562313,0.0636004144325852,35.1505608297884,11.6933296434581,950.122205286558,0.31,0.28
"3914",48.6286130500957,94.7215740568936,92.1426606131718,64.4413478905335,65.8174139913172,6.19693896733224,41.5437214775011,0.0229970881062885,0.01,0.01
"3915",1.93485342897475,44.0914302598685,16.7134044924751,57.6952776638791,0.784393306821585,26.713652908802,89.3642551964149,824.559562516714,0.01,0.01
"3916",14.3104486400262,99.7469584224746,39.9154373910278,29.6098622260615,84.0132565004751,90.9332530805841,94.364272733219,0.0036956625998408,0.01,0.01
"3917",47.4224095232785,11.3238153746352,45.2761503634974,70.1805516844615,51.5112505527213,59.3482738593593,55.8287074789405,0.0239690000394417,0.01,0.01
"3918",80.532723874785,89.5958403591067,39.4063624087721,20.598184177652,77.40937480703,37.4164965003729,14.7600895259529,0.0247931993837918,0.01,0.01
"3919",66.4928645594046,93.3283995138481,97.386225243099,99.5082984212786,97.5034845294431,63.7926412979141,20.722067495808,0.046980131950874,0.01,0.01
"3920",29.5009705936536,17.7473335526884,38.8176075415686,5.35120638087392,96.0147655336186,62.4579298309982,57.2068731067702,0.000957324898867639,0.01,0.01
"3921",26.5432047657669,16.5247389581054,18.5142692411318,87.9626491805539,76.7438407288864,78.0591800808907,48.4066691249609,0.0231968230901163,0.01,0.01
"3922",95.926740532741,12.9239994566888,51.4655735343695,5.99697751458734,70.5358976498246,51.5003087697551,20.4525323817506,0.00455274752542647,0.01,0.01
"3923",0.891801458783448,95.4413843341172,65.4916394501925,39.946078765206,2.5949478847906,74.2379745468497,92.6696929847822,113.544187929051,0.01,0.01
"3924",30.2574707195163,59.2454824363813,49.9781245132908,64.811238925904,97.1418524393812,76.3814872829244,22.5385942030698,0.0283429443910754,0.01,0.01
"3925",63.5241341544315,58.6218670476228,1.01534966379404,39.6204852964729,61.4470111439005,59.6677816007286,84.223724482581,0.00756582773583925,0.01,0.01
"3926",76.6805784543976,24.0575167350471,87.3911427566782,11.717069381848,60.8368336223066,0.792870041914284,34.9101488478482,0.159318723410214,0.01,NA
"3927",9.25709116272628,86.2347627058625,52.8852563118562,98.3331808121875,82.0755488472059,18.1057042442262,45.2493669930845,0.0259008938675991,0.01,0.01
"3928",43.1443693116307,86.4845715230331,3.64350231830031,30.9268075274304,77.0543404622003,69.6111446712166,68.2675886200741,0.00579437007524753,0.01,0.01
"3929",94.0789507003501,96.7060284921899,76.4152371091768,35.187820577994,63.3462425554171,44.6281345793977,97.0198791241273,0.00566666168986592,0.01,0.01
"3930",98.9137258147821,85.2133998414502,20.1408369466662,1.68523997999728,11.4618747029454,85.3826227132231,42.3007308039814,8.52451012350297,0.01,0.01
"3931",59.3079775804654,22.4862039089203,23.385470523499,12.1152208419517,90.3361949138343,77.2208052920178,39.1554003348574,0.0033395518291424,0.01,0.01
"3932",11.4322661189362,28.1923797680065,53.6561989691108,7.1636363863945,96.9618250383064,98.1896373676136,50.6091666175053,0.00143141012901509,0.01,0.01
"3933",95.7742921542376,8.48407964222133,71.451350627467,57.9222687054425,59.4211503397673,40.0903017260134,21.86186441686,0.0461279775986132,0.01,0.01
"3934",7.68803937826306,60.3469734312966,65.7109953695908,17.6716323476285,2.01515757944435,53.1606541480869,6.71837490517646,876.831571111748,0.02,0.02
"3935",68.7294755363837,65.2633768040687,64.7284141276032,15.2188229374588,95.5359424464405,25.6500227376819,23.8430380355567,0.00641130624569111,0.01,0.01
"3936",90.5860307160765,16.8701378861442,89.0571537194774,19.0770646324381,84.6245570573956,9.69135542400181,6.83440763968974,5.31315856552391,0.01,0.01
"3937",43.9270249567926,80.9667978668585,95.2001411933452,95.7126094726846,89.4066679524258,12.7582292305306,66.6682165581733,0.0158126451236684,0.01,0.01
"3938",34.3917260877788,8.60492326319218,77.2597142029554,52.4378812639043,17.9473437834531,37.5206382013857,16.1730066640303,81.5651881614704,0.01,0.01
"3939",93.3133127866313,91.806908370927,53.6018670070916,96.947976318188,69.5915004471317,81.5748655702919,26.9060608465225,0.0499249163267791,0.01,0.01
"3940",49.2628673091531,23.6309134634212,47.7680538082495,77.0866439910606,39.3981749424711,46.4365615742281,27.8654180699959,0.0889981350576789,0.01,0.01
"3941",99.6356988791376,86.8718313984573,41.1190106766298,14.546186896041,8.71393419802189,37.6096232328564,78.8400165038183,1.43918150533822,0.01,0.01
"3942",47.0776087604463,55.0569709856063,76.152265816927,61.472102580592,20.0695053674281,74.2389281978831,36.3144156290218,0.833947063940808,0.01,0.01
"3943",92.7146770292893,18.958327267319,70.212693978101,75.7309360429645,96.0521883796901,37.1512647951022,55.5160181596875,0.0139439760541273,0.01,0.01
"3944",53.0575098004192,80.1730514038354,41.4016116410494,35.9377808403224,58.9787096949294,24.7748566325754,16.6846861131489,0.0896202407170782,0.01,0.01
"3945",11.1851247260347,46.8393952818587,66.3266068557277,39.4600393949077,37.9044242901728,81.7807717481628,36.2419376615435,0.02907712097611,0.01,0.01
"3946",80.0694870296866,39.0580410603434,14.9550208821893,15.3532406315207,83.7771120248362,45.3773803310469,27.2529424168169,0.00648627876439628,0.01,0.01
"3947",6.74983458593488,3.44759647268802,87.2251834254712,60.7718997634947,31.0776899801567,64.5907182479277,53.9951677666977,0.0357194552337347,0.01,0.01
"3948",61.9216951075941,44.2865118850023,92.0131070772186,30.8731727069244,64.1433420125395,35.1676947670057,19.9122970225289,0.025767201015669,0.01,0.01
"3949",56.992136919871,68.6257184483111,28.8084569387138,85.1594538195059,36.4500518888235,17.0052849920467,42.7872398402542,0.0536709432928591,0.01,0.01
"3950",66.455460852012,76.9075563410297,87.1486759046093,72.7436067303643,28.2134933397174,81.3385881017894,26.2862763600424,0.675040626033444,0.01,0.01
"3951",72.4803290097043,91.8140040244907,86.0020579537377,97.4669625982642,29.3170941527933,23.6505436478183,10.1685638073832,60.5040807227772,0.01,0.01
"3952",65.1442520553246,28.7204494467005,50.2726822858676,36.9660254335031,94.0044004935771,7.09103036206216,11.4087584195659,0.0991682545382068,0.01,0.01
"3953",13.9074404491112,86.5938229719177,63.7047199998051,37.5731778331101,36.1036227317527,64.0955723589286,68.1011933134869,0.0150601581993243,0.01,0.01
"3954",4.16741499211639,73.1048450805247,94.8409395525232,13.0142636364326,81.3919107196853,92.4274707678705,54.0124512976035,0.0029063536283537,0.01,0.01
"3955",6.68687156867236,96.2757618166506,33.5831900592893,16.6544593637809,44.3227476673201,22.2878096159548,16.8062253156677,0.790663265084232,0.01,0.01
"3956",48.1484565185383,26.9667166285217,86.9767214404419,66.2705176742747,20.4417436616495,74.774901336059,13.497008359991,66.32524445906,0.01,0.01
"3957",16.0362465539947,81.8746355362236,3.41827068477869,96.2436194065958,98.1635784031823,3.48408250138164,37.0855445740744,0.0257280113014334,0.01,0.01
"3958",30.0849249353632,14.7852451074868,35.1192597299814,53.8538107415661,93.6468746280298,19.5383022306487,24.2525523761287,0.022757806076983,0.01,0.01
"3959",62.8024966688827,7.75065436027944,47.2432219889015,46.2797544198111,43.711787997745,55.6164339417592,8.98084298241884,21.1210699676539,0.01,0.01
"3960",21.5128355659544,65.3095011366531,87.9994200309739,72.3855275427923,73.7203866709024,9.88568339962512,66.3229053607211,0.0145755261104441,0.01,0.01
"3961",86.3321004901081,48.5814476851374,90.6239186180755,21.0395053727552,94.1754813538864,81.2616206938401,16.4178098086268,0.0129338888135069,0.01,0.01
"3962",31.7483420250937,93.3174587087706,84.8565457155928,0.236919615417719,29.6062262263149,29.9178447807208,72.660708008334,0.000109418976256296,0.01,0.01
"3963",64.7645071381703,16.6465947404504,49.9346008757129,94.6716863662004,98.8331121159717,49.3673304095864,14.7933357860893,0.0609858999914299,0.01,0.01
"3964",36.0849833814427,97.84313486889,22.0529049634933,29.7133703250438,24.8026254819706,50.3324920544401,18.7580346828327,10.0903835560812,0.01,0.01
"3965",4.39433457795531,97.3917052149773,88.9057040913031,45.9734912030399,90.9745377255604,30.1159949507564,51.7522522713989,0.00957816301848285,0.01,0.01
"3966",45.4735020874068,54.8300108872354,49.8386384919286,97.023634519428,52.1950470283628,39.8310059681535,54.2279422050342,0.0336554361715171,0.01,0.01
"3967",28.666599933058,82.983532268554,70.7896994194016,90.9102217527106,99.4193490128964,10.8600366394967,20.2036850387231,0.0431116822008177,0.01,0.01
"3968",19.9389955727383,99.5550833875313,10.3176042204723,52.3193719331175,84.92510644719,65.394847560674,11.3991620251909,0.0860828739230263,0.01,0.01
"3969",84.931689617224,42.4992170650512,11.3966125529259,2.40579794626683,24.5824221055955,97.7297968463972,72.1112019615248,0.00136247670527584,0.01,0.01
"3970",26.4770718291402,24.780861241743,24.4191950885579,1.86709880363196,76.8333963118494,18.8910108059645,68.1633859174326,0.000351249757670628,0.01,0.01
"3971",41.0426450893283,91.0418120212853,56.9238155847415,45.0256543233991,62.0491838315502,93.529634620063,16.8876141309738,0.0599647956374016,0.01,0.01
"3972",63.5321508860216,87.3594357166439,16.5948880836368,40.216845087707,27.3457124596462,7.77655548881739,87.694691773504,0.016580494408416,0.01,0.01
"3973",78.9384214906022,41.135413874872,68.5261267703027,92.4757951870561,88.9407325536013,3.19696117658168,8.00349675118923,14.3630593380249,0.01,0.01
"3974",71.5147984679788,53.9563461905345,52.9953598976135,93.3831976493821,99.4435159955174,40.8484417945147,11.1766600748524,0.0860232016272816,0.01,0.01
"3975",0.322137586772442,59.4995483988896,46.1003553355113,29.1183256311342,11.8378698825836,20.3108187066391,33.07580484543,44.4433592584786,0.01,0.01
"3976",28.8601458771154,16.7729843407869,10.3784488048404,41.9029680779204,55.8321957010776,15.5063288286328,72.5675870198756,0.0101987677818771,0.01,0.01
"3977",81.5704880515113,7.62171049136668,74.9510869849473,59.3436477240175,72.3877577809617,18.3202390559018,7.01978232245892,8.86314011740527,0.01,0.01
"3978",74.401109945029,34.2458493076265,69.483002088964,85.9598673181608,91.0309447208419,83.8426501490176,6.90122919622809,1.10827373329644,0.01,0.01
"3979",71.1430111434311,69.7107665007934,80.6283373618498,50.3786491462961,55.6619844399393,21.9466312788427,2.85591338761151,171.50828431448,0.01,0.01
"3980",95.9430338349193,62.8593492554501,57.8912948258221,7.06651983782649,68.3830862632021,11.4839917747304,9.15826226118952,2.62894512041272,0.01,0.01
"3981",5.13486568816006,99.0949248662218,26.5747479861602,90.4066463932395,94.1264759050682,21.6359445592389,61.156356218271,0.0154514852206565,0.01,0.01
"3982",61.5681918337941,70.6988246645778,9.00769275613129,65.212076716125,52.0220038713887,97.8997138794512,8.95905906800181,6.87706412068497,0.01,0.01
"3983",6.4371892483905,27.0560842705891,66.4263512007892,64.6759523078799,93.7441318761557,21.7575301649049,75.6420024204999,0.00899691612821926,0.01,0.01
"3984",14.715092163533,96.451582829468,74.913256498985,26.7572960117832,8.29544146545231,7.49950518365949,50.3130153054371,80.6322669960821,0.01,0.01
"3985",11.5705847973004,90.1646460173652,79.7154026571661,22.5543472217396,43.2006200542673,24.7322210343555,20.2335037523881,0.228026454837022,0.01,0.01
"3986",18.8810137333348,12.6785189611837,20.7763907732442,30.5036202771589,15.5465243384242,15.6880138674751,89.3401372944936,0.0265204366393168,0.01,0.01
"3987",24.2555399658158,69.9126771418378,95.5260777613148,77.9671120457351,67.5466432701796,53.1072823097929,53.830426861532,0.0210493385225884,0.01,0.01
"3988",61.3465945003554,92.317246645689,66.3016345119104,28.9942987496033,93.238211190328,56.4962283009663,28.9873727830127,0.0103695478440567,0.01,0.01
"3989",65.1070093270391,31.8002154352143,97.8873828426003,84.629712998867,50.1307680271566,2.56275329738855,12.7271763281897,197.794251032782,0.01,0.01
"3990",34.6347598358989,19.5267456350848,73.7552673555911,74.4662877637893,5.91890066862106,77.9813193948939,19.2718677222729,369.112591756501,0.01,0.01
"3991",77.6838224614039,21.1313164094463,78.017533547245,89.0738599235192,35.283326683566,9.23884289804846,14.4974914379418,17.4928374411668,0.01,0.01
"3992",22.5628204410896,25.0312743009999,31.6394686233252,37.0459270663559,89.1741906758398,40.5199805274606,42.6126238657162,0.00952392153687471,0.01,0.01
"3993",96.6292907716706,7.60417417623103,34.0228421613574,94.6087969234213,57.6648712391034,71.1310638813302,42.2477851621807,0.0379275186968164,0.01,0.01
"3994",63.5999240446836,89.4353872165084,50.281338696368,22.8165755979717,51.9367703935131,87.7437473041937,84.2686387943104,0.00515228599226843,0.03,0.01
"3995",21.4547817129642,4.19795350171626,15.9425731282681,26.0240651899949,58.3711136132479,45.8591835806146,43.8313994091004,0.00994049743266657,0.01,0.01
"3996",2.75943141896278,4.01405955199152,7.35414088703692,89.9455035338178,92.414784617722,98.7658620579168,34.6010241657495,0.0273309073090778,0.01,0.01
"3997",29.5911900000647,38.5825801640749,70.9577979287133,15.6929075717926,60.9530959744006,74.8490913072601,23.7656268756837,0.0108317073567194,0.01,0.01
"3998",38.7355681974441,11.8725907988846,57.6697012875229,39.7307856241241,61.4132880698889,34.6947623416781,98.9766686921939,0.00646755818739127,0.01,0.01
"3999",17.4323265673593,10.683098458685,5.02865114249289,7.74851972237229,25.3959106048569,28.3825057558715,39.2772103194147,0.120871883099368,0.01,0.01
"4000",8.93621256109327,70.799914910458,30.5525284260511,25.3251355374232,44.0104922279716,9.16160026099533,10.276184277609,29.2925980021616,0.01,0.01
"4001",9.04474498238415,84.5005979994312,65.7745895907283,29.8380616586655,2.44949092157185,65.0894584832713,36.0233173705637,494.936551914544,0.01,0.01
"4002",17.7379976958036,66.9849018100649,6.24072174541652,44.8034716304392,98.0937745422125,81.492274440825,25.7645820267498,0.0170648012468825,0.01,0.01
"4003",81.277188914828,83.4801109042019,76.8818064127117,82.0813103346154,66.0549024818465,96.4278146158904,76.3206597883254,0.0160704483963506,0.01,0.01
"4004",27.8566399822012,39.1567001584917,58.2512403838336,87.5204255571589,64.0953852096573,6.56159950885922,99.1776476381347,0.0136170696377128,0.01,0.01
"4005",46.8386583263054,6.95804923307151,35.9279702184722,95.6993161933497,84.8219917155802,45.8153274608776,33.7586315581575,0.0324415804515045,0.01,0.01
"4006",93.0659926496446,60.931761842221,61.5683402866125,68.7379264738411,92.6172578707337,4.75107338279486,72.7018772391602,0.0100573989940014,0.01,0.01
"4007",14.9448485579342,37.1881516184658,11.9147403398529,20.5755387432873,98.5026110196486,92.7867566002533,32.79098123312,0.00618158890814147,0.01,0.01
"4008",19.3253460107371,77.0692455116659,43.099300772883,39.1535326372832,3.83838380221277,9.50272851623595,72.004914842546,220.790861642233,0.01,0.01
"4009",57.5523811159655,38.8578437268734,99.0241633262485,54.5888911467046,2.0821307785809,29.1947456309572,24.8447386547923,812.175772555663,0.01,0.01
"4010",86.4253668114543,83.5205034352839,94.3005128530785,95.0491745723411,39.0932055888698,30.5010184412822,31.3400377752259,0.0807940028898274,0.01,0.01
"4011",23.1187982717529,54.2455171933398,24.2173745529726,58.3994046552107,89.2938852543011,49.566446361132,80.4852782282978,0.00802571382337938,0.01,0.01
"4012",1.45905814133584,97.8776516858488,60.143792279996,11.47570470348,65.4272806830704,59.9516833899543,8.08630001265556,3.62649382066462,0.01,0.01
"4013",66.8238292215392,94.203150132671,46.0892803734168,65.8579014008865,15.4728230787441,98.982372530736,98.1973989633843,0.0431917163269407,0.01,0.01
"4014",43.2063055457547,69.3380444310606,74.8666842700914,59.0314922388643,58.4139846032485,84.6886990591884,58.0972643336281,0.0170992759750145,0.01,0.01
"4015",69.740343070589,57.607200415805,85.2668630657718,23.8779755542055,99.9385272618383,46.5732688549906,49.5317372959107,0.00472742163648927,0.01,0.01
"4016",32.7990002231672,51.9437663722783,4.28591403178871,24.2731318343431,51.7977010924369,51.6574422130361,49.3467594729736,0.00930754906937568,0.01,0.01
"4017",51.8436463782564,84.7646599169821,72.3941513337195,85.9103327384219,50.2919795224443,59.5663181040436,80.2636042702943,0.0210198377204113,0.01,0.01
"4018",17.5626337062567,46.1745449109003,18.9956529065967,16.2986133247614,56.8724723067135,57.8103707404807,60.6085783103481,0.00465149591813529,0.01,0.01
"4019",43.6880940338597,97.5664264522493,44.2044171504676,39.8295804858208,65.0924927089363,53.1941238790751,17.0166459633037,0.0455348602313009,0.01,0.01
"4020",80.7061542058364,20.7478910451755,35.9841078752652,60.4298043763265,85.4595877928659,88.7330059194937,99.045497388579,0.00706726756771737,0.01,0.01
"4021",32.8114917734638,5.93060159590095,9.98394235502928,89.1155324643478,36.7129897465929,81.167874368839,53.3095603343099,0.0446969303828548,0.01,0.01
"4022",82.3642305098474,88.4275496937335,42.6833913428709,19.2956943530589,7.34225406777114,59.0638198424131,18.035966088064,298.975601353892,0.01,0.01
"4023",62.783514871262,89.5664651645347,80.5592308752239,91.7567187454551,77.8045763028786,10.8758891932666,53.7626714678481,0.0215269085213291,0.01,0.01
"4024",49.2605450097471,49.7917318483815,94.802922103554,1.39820841141045,89.7543826373294,81.7956861341372,75.9239451959729,0.000202490036383925,0.01,0.01
"4025",41.9134761672467,72.4907394731417,88.9860555296764,9.56137711182237,63.6484925169498,83.7359318509698,34.1793440515175,0.0042703956169776,0.01,0.01
"4026",25.5968758603558,51.8506495980546,73.8430706784129,91.7999633122236,41.4403070462868,15.8288166159764,68.2021207176149,0.0320017779842166,0.01,0.01
"4027",94.1424179123715,87.7069742418826,22.8027988923714,32.3716138489544,66.0195304546505,69.5467148441821,28.8737353170291,0.016418511573417,0.01,0.01
"4028",35.6576755642891,76.8504112726077,7.62979255523533,18.9134382875636,62.6690200064331,34.3102466780692,2.84765246324241,118.916460628962,0.01,0.01
"4029",70.0750614050776,92.6243650726974,47.8106507100165,50.3775587305427,35.9039723174646,61.8166101397946,31.4503338420764,0.0553087047609214,0.01,0.01
"4030",6.21611021924764,46.7444203328341,61.8322586175054,87.1170091908425,58.8435397483408,81.3901286805049,66.9189383042976,0.0217965839115253,0.01,0.01
"4031",28.8199057104066,45.0469299918041,86.5936220157892,56.6751207457855,16.5799903683364,21.2829001247883,95.050919870846,0.0359101620430003,0.01,0.01
"4032",59.102109959349,63.1711265072227,74.2344178026542,3.29775747377425,45.7791156601161,75.7347991457209,8.04277544375509,19.6005102723057,0.01,0.01
"4033",88.878425443545,39.8157089482993,9.33173219673336,6.24901407863945,61.1120480112731,39.4151504850015,56.6925759194419,0.00177249808775187,0.01,0.01
"4034",81.7165577318519,17.2363509424031,28.610148653388,19.3402837729082,29.4802014483139,70.140337664634,92.2453753184527,0.00703526360623612,0.01,0.01
"4035",17.1123966109008,17.1521050389856,42.8177286637947,73.7876754952595,24.0947159472853,72.3559620557353,4.0438090916723,361.606056394289,0.01,0.01
"4036",46.0989009356126,43.3616446331143,22.3655411042273,38.8982046628371,13.8989056926221,20.855350419879,66.9066324131563,0.223655328627463,0.01,0.01
"4037",48.2796953525394,46.6575597645715,10.8801826834679,21.2705092737451,18.061187909916,61.3049264531583,47.0075878081843,0.273584663354305,0.01,0.01
"4038",16.0792637150735,21.2277532322332,75.12463608291,43.3302754769102,82.8430857043713,52.9505773913115,99.8450179817155,0.00518501783690178,0.01,0.01
"4039",70.4691642895341,23.6070703715086,97.0396861433983,81.2303164741024,43.9093622146174,66.0818404285237,93.6803895048797,0.0195345595884988,0.01,0.01
"4040",48.1893470743671,49.4207311887294,38.0492456955835,5.16172805801034,67.9683200083673,56.0793283395469,25.8666189620271,0.00284635492847383,0.01,0.01
"4041",66.8366380501539,1.72087615355849,4.06438829377294,20.2630253974348,80.1775029394776,50.1671717502177,27.2609284380451,0.00893454034902224,0.01,0.01
"4042",2.22344095818698,89.4555108156055,3.80895864218473,32.3349168756977,98.5003537265584,67.0557800447568,32.4161698110402,0.00982372295544842,0.01,0.01
"4043",1.3446991564706,85.6344072846696,7.61743201874197,16.1285641603172,68.2829487370327,24.4916381314397,92.1037783380598,0.00253685354848835,0.03,0.01
"4044",90.9113606438041,66.1563330795616,16.95852575358,39.2692806664854,33.2719090394676,19.9065307853743,96.8541209818795,0.012060750508625,0.01,0.01
"4045",24.6092584682629,72.3038627998903,78.7330949911848,24.1770452121273,24.2806259077042,51.6761631704867,19.1178682027385,10.443340768606,0.01,0.01
"4046",3.23023479431868,46.252926858142,69.6144797373563,29.841221566312,60.110169975087,77.1847488358617,21.9417918473482,0.0232542367241516,0.01,0.01
"4047",38.6635691160336,42.279179347679,70.6684464355931,31.9644825765863,74.6473484439775,55.2819975651801,99.0671807900071,0.00427866258825636,0.01,0.01
"4048",40.6276060501114,67.248282302171,92.5472805742174,59.9879780085757,35.2881548693404,62.4368036398664,4.52362333890051,171.439758434032,0.01,0.01
"4049",28.9655641652644,16.717220726423,57.4543056776747,76.4404849382117,40.0523982243612,67.603133013472,61.1788418143988,0.0306894610326081,0.01,0.01
"4050",82.3737428290769,20.0359798967838,90.0523260468617,24.2384812328964,64.5475042285398,88.3567201904953,98.3993558911607,0.00377703568288602,0.01,0.01
"4051",10.1211474277079,48.7059951527044,29.7635570866987,56.9901344133541,79.5156759209931,75.3288557985798,2.74442012887448,61.6435914590234,0.01,0.01
"4052",92.1921144006774,6.52959030121565,80.2637688582763,92.289752070792,8.98043492343277,10.0309594534338,83.9022627333179,4.0239650557449,0.01,0.01
"4053",0.0632334500551224,30.4523073835298,26.8483328167349,1.37084082234651,80.7989629451185,74.2692566942424,58.323714020662,0.000286412814492476,0.07,0.01
"4054",45.9605031879619,53.2890524715185,14.6808944409713,4.95206881314516,14.7593583213165,74.754789005965,75.2965460997075,0.0227231995733015,0.01,0.01
"4055",92.9583372315392,37.2355542611331,52.6542975334451,78.381858416833,0.320386397652328,43.8594384351745,92.3414685530588,912.160761986833,0.01,0.01
"4056",19.0274589229375,97.0462528988719,63.3756989147514,68.4476315509528,0.968535477295518,97.1987667027861,56.1135437339544,652.742626652754,0.01,0.01
"4057",40.5957230133936,19.2973679397255,43.2702032150701,63.8408844359219,9.17168036103249,47.5217188475654,2.5648248847574,848.116615259665,0.01,0.01
"4058",81.5128379268572,92.6562879933044,84.5201679039747,77.9928616248071,18.5495142126456,28.7725541973487,83.6738704470918,0.0499327105528979,0.01,0.01
"4059",29.751349426806,7.20211477018893,71.1629073135555,88.0873168818653,94.4473277544603,89.7103517083451,87.5862679444253,0.0105227974959567,0.01,0.01
"4060",26.2617722852156,87.7059201011434,83.444210444577,26.4843995915726,17.6578313810751,62.3381988145411,93.6310886638239,0.0159329368101423,0.01,0.01
"4061",79.202329996042,5.60234156437218,39.531027013436,26.847363775596,46.4815132785589,32.2593503631651,58.6104230489582,0.00968258838109522,0.01,0.01
"4062",45.3280818415806,58.2095433725044,76.7933768918738,45.6767044728622,73.7831345526502,5.08614785503596,57.9477112274617,0.0104882850871,0.01,0.01
"4063",15.1917318813503,69.4233796326444,61.0841657267883,31.9854579400271,46.6471438994631,10.7203069841489,27.3154659662396,0.0325567508272789,0.01,0.01
"4064",46.1867410689592,60.6877610785887,15.8095132559538,80.8678440051153,82.7683571027592,55.8768799062818,85.4959461372346,0.0112953730596163,0.01,0.01
"4065",50.4649410489947,22.0867587951943,41.4733385667205,55.031136632897,97.9204919887707,0.823999801650643,27.0746568683535,0.0954812903503292,0.01,NA
"4066",19.8123982176185,28.5470396280289,20.6988665973768,39.7500102641061,17.1283363597468,31.3968716189265,26.1323080630973,17.0169219897287,0.01,0.01
"4067",35.3063517250121,20.1993137830868,32.7265543397516,71.1407334776595,37.5704702688381,8.91123933251947,93.2895592181012,0.0200701062917721,0.01,0.01
"4068",86.6942736553028,34.5269708894193,95.5960169900209,77.5597095023841,84.9149031564593,44.9562960071489,86.5353322820738,0.0104313027025716,0.01,0.01
"4069",4.24488496500999,38.6125528486446,4.8308729659766,96.7388042248785,42.1692376723513,11.8148554349318,60.275030718185,0.0374342977141624,0.01,0.01
"4070",26.3120425632223,86.8000054731965,14.6479453658685,33.992676762864,90.2701620478183,25.4383063642308,66.0359232919291,0.00561701582007321,0.01,0.01
"4071",22.1371678169817,27.0516922697425,63.3733681635931,53.914361121133,7.06073774490505,83.8503500446677,41.92928399425,62.5473932613944,0.01,0.01
"4072",23.5176952555776,11.1097632907331,38.5709322988987,28.9445349480957,28.6504575284198,74.2804090492427,62.7419876633212,0.0158752796941116,0.01,0.01
"4073",98.9819340407848,33.7571851443499,43.0148457642645,86.6315794643015,59.507767460309,52.0125051261857,71.2443982483819,0.0201492748610856,0.01,0.01
"4074",71.2754675187171,11.1058421898633,79.4988789595664,43.3927157428116,7.24548315629363,48.2150743482634,88.6519682593644,2.85749153505835,0.01,0.01
"4075",32.6847047312185,90.5622534221038,13.6070283828303,54.9704880453646,63.7496647657827,16.3587311049923,8.32952845375985,5.61698291607829,0.01,0.01
"4076",29.5494898688048,66.3805107818916,56.9129579467699,87.5362062361091,92.6498960936442,73.821761412546,25.4216186702251,0.0357569960079262,0.01,0.01
"4077",92.4093043198809,27.7228329796344,44.7967350948602,52.6032980764285,53.7153903162107,56.9764496991411,52.2524909349158,0.0183879297483614,0.01,0.01
"4078",88.3815782610327,56.7030732054263,76.4346916927025,21.5119857341051,25.9567119181156,92.6130914594978,23.8901770673692,1.99503249295789,0.01,0.01
"4079",79.2679618345574,94.1217005718499,13.2603479316458,93.9082476077601,70.9596087690443,24.2688526166603,53.8330216426402,0.0241341012024707,0.01,0.01
"4080",71.3086516829208,29.4606482842937,15.7410749234259,56.5064870519564,32.9189954325557,87.3183568473905,79.3961392715573,0.0213506035750725,0.01,0.01
"4081",82.3419268708676,24.9919301364571,52.0652597770095,98.4371971804649,25.4942376632243,75.0024739885703,10.3294828673825,70.665535863041,0.01,0.01
"4082",25.0980594893917,35.5454260250553,95.4463838832453,85.0354716880247,75.7746083196253,38.7392341857776,40.8758052159101,0.0267903615886067,0.01,0.01
"4083",2.62352277059108,54.2480434291065,95.219771633856,48.1270842486992,8.41539071407169,74.1564640775323,41.3974047871307,37.6357756829713,0.01,0.01
"4084",17.3443500651047,42.613782803528,99.2474877042696,12.7165558515117,15.8080668188632,32.5514308176935,33.2665433641523,7.64639975389515,0.01,0.01
"4085",78.3070092322305,74.6564917266369,64.8056241683662,0.823892117477953,4.92577513214201,78.9546636864543,19.1001783590764,428.870431892996,0.01,0.01
"4086",75.8201326243579,4.79085720144212,41.7733276728541,1.09341426286846,96.0341920144856,71.9099793583155,79.9763208255172,0.000140984347950452,0.04,0.01
"4087",48.2181094354019,99.5661429129541,3.51163130253553,61.3967141136527,38.8680680189282,34.5706891035661,73.5745571088046,0.0211815476745764,0.01,0.01
"4088",78.3429421950132,45.9688911214471,8.63305020611733,79.9843085696921,7.81356634106487,34.4126394949853,49.3252114625648,29.9300917467622,0.01,0.01
"4089",72.2081564366817,95.4896963899955,4.90599081385881,2.62362489011139,31.3636608654633,93.3831681031734,62.6468019094318,0.00131738543620088,0.01,0.01
"4090",58.8616776047274,38.7660885928199,82.8521721996367,6.03397560771555,82.1896344190463,16.7760212207213,73.3632810413837,0.000986659439285228,0.01,0.01
"4091",83.4878717781976,10.1798328338191,94.6617244277149,36.5700067952275,73.5071022296324,85.4295800440013,33.50490629673,0.0144115941610621,0.01,0.01
"4092",93.9830034039915,99.685793556273,22.3532161442563,95.807778951712,55.8646857272834,44.4689434487373,13.0913563538343,0.654756878182467,0.01,0.01
"4093",49.0376312751323,24.2762607289478,53.4297374309972,19.0974181750789,32.9960191389546,0.447729462757707,53.1345378607512,0.0492786237224225,0.01,NA
"4094",96.2253720732406,12.7009729621932,98.2370255514979,31.5326941898093,72.4721786798909,3.13090835697949,91.2456573918462,0.00464517962974915,0.01,0.01
"4095",33.0547855235636,89.3024056218565,4.22551499214023,63.1736993324012,23.3543342212215,55.9127529151738,91.1254823207855,0.0293634450267104,0.01,0.01
"4096",63.8988055987284,83.9844775851816,66.1110373912379,97.4769468186423,74.4339174125344,12.7822084352374,45.0679964385927,0.0284194755355777,0.01,0.01
"4097",46.5863216435537,64.2629755660892,91.9049802934751,69.1999062430114,15.0353866862133,67.7499720826745,74.7303563402966,0.0769648397923568,0.01,0.01
"4098",61.4540205104277,81.8240431370214,77.9073402052745,47.2166262799874,3.01027316600084,44.108465895988,37.2641994152218,406.220639354675,0.01,0.01
"4099",63.9430089853704,52.7334737824276,7.36953434534371,42.0493058627471,66.9204903300852,22.8532879147679,89.8056050296873,0.00691917017099757,0.02,0.01
"4100",25.7453527767211,2.6255733333528,34.1710945824161,54.5900232624263,20.3442676458508,2.51034817192703,32.1236457210034,35.6945591522534,0.02,0.02
"4101",64.2877420410514,4.57878015004098,67.1711848815903,55.2500791847706,21.4990939246491,36.4650557748973,49.561476148665,0.122708178225093,0.01,0.01
"4102",12.9848663229495,49.3060603970662,34.6576158888638,9.81704492587596,77.9112874064595,37.8164326539263,92.9103747243062,0.00134161947954774,0.01,0.01
"4103",4.1360019473359,83.3483475260437,86.7337191943079,49.2662089411169,31.4684822224081,8.80913503933698,62.6065857475623,0.0246221775427521,0.01,0.01
"4104",18.4581548674032,53.2069960841909,6.59692741464823,71.3454130105674,90.6108089955524,70.3798256581649,27.8853991534561,0.0272581936726317,0.01,0.01
"4105",1.995371398516,8.11212174594402,31.992622022517,59.376182151027,94.0116279758513,10.5259775649756,82.9856687923893,0.00750243624824613,0.01,0.01
"4106",44.7177959373221,61.8357036728412,31.9655746221542,59.0593577129766,72.0536946784705,2.37497191410512,20.1268496923149,0.284523832353262,0.01,0.01
"4107",50.4656723467633,80.9559399262071,17.2745587071404,13.7205231934786,51.0945061221719,71.3942889589816,55.9834172716364,0.00471245604876755,0.01,0.01
"4108",90.4701299732551,71.2991610402241,10.5725810164586,83.1324636237696,26.2830815510824,17.545354180038,98.4972665086389,0.0317884004787025,0.01,0.01
"4109",46.0938708856702,42.9517077282071,73.340026056394,30.3209866397083,52.9013037215918,17.871470679529,85.6092895613983,0.00661547704345844,0.01,0.01
"4110",62.1880738297477,14.6419310709462,5.53007160779089,50.682934327051,50.1755921402946,51.679698145017,29.8976479796693,0.0330975397435455,0.01,0.01
"4111",96.8228250276297,66.7592261685058,95.6276874057949,95.9749308880419,9.06707055401057,45.5794237088412,4.78032021783292,706.952387255656,0.01,0.01
"4112",27.7046718401834,98.2790869660676,25.4515125881881,37.3093793401495,13.4526421083137,1.61372243892401,74.7583815595135,20.3282469249275,0.01,0.02
"4113",51.5184631338343,99.0151106845587,94.2255364730954,8.78374744206667,43.8316047890112,34.5678465440869,88.2870773551986,0.00224419660060583,0.01,0.01
"4114",82.1398005820811,36.6592206992209,63.5320168919861,56.0689786449075,92.514099041,72.7026846259832,1.07790380716324,163.271931641757,0.01,0.01
"4115",23.9814995555207,19.6523580001667,91.1567732924595,90.1554404292256,73.273219820112,98.2723990222439,67.2712623141706,0.0180185477329011,0.01,0.01
"4116",99.2838839301839,65.4300385620445,42.8131578490138,53.6206380231306,11.1241103382781,84.384218766354,19.2007820354775,124.648757242274,0.01,0.01
"4117",11.7584235733375,2.23920359276235,19.7071618167683,80.3100381512195,97.5518668303266,61.6505379555747,48.1227393494919,0.0167405826034098,0.01,0.01
"4118",77.0755590172485,95.47204002738,76.930005592294,48.7574244849384,94.2988096736372,47.4335392471403,46.4890622068197,0.0108869471262926,0.01,0.01
"4119",78.7098757456988,57.0211796090007,49.8513377038762,0.0916094053536654,96.9047149177641,90.0729550048709,71.7480104649439,1.36770344489408e-05,0.05,0.01
"4120",75.5244885571301,11.6656766273081,79.548763227649,34.0579126030207,83.6748998379335,6.04936005547643,56.1037740902975,0.00708594967644551,0.01,0.01
"4121",12.1683038072661,57.1842855075374,61.6328085539863,63.0146262934431,82.2522494709119,39.1555552836508,29.3795980978757,0.0252151997804874,0.01,0.01
"4122",80.2637601271272,55.7745807105675,67.1622991329059,97.9652011301368,47.2764492966235,30.321019468829,51.0113015305251,0.0398358716000495,0.01,0.01
"4123",2.94081014581025,63.618887681514,99.870715639554,78.1453480478376,12.5212066806853,19.0803668228909,13.6129644233733,326.020427472118,0.01,0.01
"4124",47.2510265186429,85.5007579317316,34.0761535800993,98.6484154360369,92.9454900557175,42.27265403606,56.442689942196,0.0184758833466818,0.01,0.01
"4125",40.0121866492555,49.7312221676111,89.7118500201032,77.6426215423271,81.1518479138613,59.6867398126051,49.9166944297031,0.0187880701790541,0.01,0.01
"4126",33.6088039446622,99.8501911759377,41.4856055518612,44.1171349491924,58.8603430893272,61.2626296002418,79.6065296279266,0.00929836227852174,0.01,0.01
"4127",68.7509646173567,61.5122146438807,93.0967465275899,86.7238075239584,6.16018993314356,61.6050167242065,74.4276056764647,12.8000088966188,0.01,0.01
"4128",57.3881097137928,44.6665679570287,41.6965638054535,17.2560686478391,19.534459663555,75.0569232972339,38.4194316808134,0.641075309671114,0.01,0.01
"4129",23.4090241603553,9.42605542950332,0.821244344115257,51.7394529422745,95.6034698989242,17.6411101827398,28.7171815522015,0.0181990228950137,0.01,0.01
"4130",97.6045496296138,6.82316501624882,68.1305042235181,27.9751823982224,81.495459517464,52.356769470498,21.2668232386932,0.0154458206785279,0.01,0.01
"4131",79.3586054351181,6.8827900569886,91.2339516915381,67.5017661880702,22.6530329557136,73.0590966762975,4.92461260873824,332.84850155954,0.01,0.01
"4132",92.6974675618112,77.6202418841422,12.2380348155275,80.2891300292686,62.9832389531657,80.3226336138323,80.1510525634512,0.0157084487648505,0.01,0.01
"4133",15.8756475197151,58.9432281209156,9.59994697477669,94.9740343028679,19.0926859620959,12.0984587585554,14.1536073293537,151.627775300099,0.01,0.01
"4134",62.0957371778786,85.9720485983416,21.3982754386961,32.2147412691265,78.7653009407222,20.2712252968922,40.8597657689825,0.00977168572162702,0.04,0.01
"4135",13.8455096166581,72.3855840507895,14.3255413044244,57.737217657268,22.2057288046926,28.6764935590327,79.2185191763565,0.0324529566955805,0.01,0.01
"4136",20.3236624831334,90.046982630156,16.4281465811655,85.408937279135,38.5170567780733,20.3536696499214,96.942082978785,0.0226395783040684,0.01,0.01
"4137",48.3401295728981,56.7370972596109,0.471117766574025,17.2953604487702,37.74566242937,82.2646371088922,25.2327234949917,0.0851822128149505,0.01,0.01
"4138",27.6195201091468,15.0763789424673,75.2560096560046,33.2394194090739,24.3374000536278,4.77141162846237,20.94955323264,100.35755696892,0.01,0.01
"4139",36.0370520036668,43.8588292803615,13.7082625180483,47.7099698735401,66.3543011294678,60.4064958402887,18.1786074535921,0.0421189005124326,0.01,0.01
"4140",65.9817082574591,54.5876536751166,33.2563887350261,22.078846860677,44.5738122798502,99.9542387900874,73.079040646553,0.00668636445076473,0.02,0.01
"4141",11.5646406076849,50.0583894783631,60.7818590244278,89.9068610044196,2.17309866566211,82.1344605879858,77.6365941390395,221.792500654037,0.01,0.01
"4142",47.8546329075471,58.0040089087561,41.9002938084304,49.1766796214506,39.8449668427929,61.5196842933074,67.602289817296,0.0179901745054987,0.01,0.01
"4143",28.0856824247167,55.8816029224545,19.3524863338098,36.860237410292,59.7228263504803,43.3631959138438,62.1277471538633,0.00977644323222403,0.01,0.01
"4144",72.2025783499703,83.9228929253295,47.7642921032384,56.1718815471977,43.8270045444369,45.1478110160679,1.72206328716129,355.138437135696,0.01,0.01
"4145",42.1480705961585,97.0933937234804,82.5639895163476,7.76119253132492,39.5619530696422,48.0604296550155,17.6446322584525,0.889235622392323,0.01,0.01
"4146",26.6886934405193,21.5779541293159,11.8897785665467,45.3661827836186,77.7453446062282,82.8525204909965,85.9657842200249,0.00670941330581449,0.01,0.01
"4147",97.7536241756752,57.5850517023355,85.731100756675,93.3308661449701,80.3228084230796,67.573479283601,29.1918299160898,0.038482222000445,0.01,0.01
"4148",8.74789636582136,14.9262722115964,5.22934780456126,0.900909281335771,20.2825656626374,32.2150783613324,85.6274304445833,0.000595913146471679,0.01,0.01
"4149",6.20709462091327,30.3942326689139,94.5380011806265,75.4372065886855,85.851983516477,59.6340372459963,71.0339771816507,0.0121951921535562,0.01,0.01
"4150",8.05523423478007,36.9446754455566,39.7686889395118,29.1641859104857,9.18351979926229,49.0973652573302,73.5714863752946,1.76466918883013,0.01,0.01
"4151",12.8736928105354,73.4611693304032,24.0827292669564,11.8147698463872,79.8007943900302,0.116713671013713,86.1600591801107,0.00208815159732368,0.01,NA
"4152",22.0526577206329,62.0367123279721,70.3559096436948,1.10506655182689,22.4470257991925,89.580698334612,22.0353882526979,7.15292658536617,0.01,0.01
"4153",82.3785393498838,70.0443535111845,40.8000794937834,16.8287058826536,27.2081709001213,59.0859534451738,30.1141110016033,0.309970367645938,0.01,0.01
"4154",85.3050470352173,53.4664623904973,23.929288960062,81.9133138982579,84.0775711694732,48.7369606969878,13.4618534706533,0.0754208484836454,0.01,0.01
"4155",25.6286192918196,20.3558187000453,18.0809622630477,57.914393208921,5.62985157594085,6.13315014634281,66.9628499308601,198.808530725894,0.01,0.01
"4156",50.6530088139698,4.16059333365411,15.3661592630669,85.9519300516695,26.8876280402765,25.3968395059928,93.8388937618583,0.0336907912441214,0.01,0.01
"4157",84.6833233721554,62.3614112846553,36.3706345902756,47.4645504495129,2.33009639196098,35.0645144004375,17.0030980370939,844.071266380909,0.01,0.01
"4158",87.7549890195951,24.7366354800761,31.7998554557562,81.768684508279,0.829868507571518,53.2280436716974,86.724437540397,599.433821223017,0.01,0.01
"4159",16.6281214216724,7.42007815279067,48.5455147689208,86.469629756175,47.8816659655422,49.7606568736956,95.643068337813,0.0186784265620804,0.01,0.01
"4160",45.2027568360791,39.6861627465114,97.1723441034555,73.5237848944962,34.7355046542361,48.6758493352681,7.99652531277388,59.2878188025269,0.01,0.01
"4161",86.3664640579373,71.9075789907947,73.4293813817203,56.3694237964228,16.1452756030485,67.7115689963102,28.0023650731891,11.8610805469036,0.01,0.01
"4162",5.68761227186769,9.99734485521913,96.1258603259921,16.1159191979095,33.4595607593656,13.2230278104544,16.8302603764459,13.2994871833481,0.01,0.01
"4163",51.6439050203189,53.3989771269262,71.1509756976739,61.4584774011746,35.4210554854944,45.1238475274295,95.1682196930051,0.0180405921696734,0.01,0.01
"4164",29.575158143416,66.0539799369872,4.92962289135903,83.9560398831964,47.6921832421795,29.8441716236994,4.842459410429,90.0701771631798,0.01,0.01
"4165",42.421311349608,30.9436334762722,59.9890013691038,16.321464208886,37.7787625882775,64.5948474295437,5.08519827853888,125.098777775097,0.01,0.01
"4166",66.7301937472075,96.7160508502275,95.8942026598379,98.2246337691322,89.924190659076,33.1838346784934,23.8289547851309,0.0439874337601924,0.01,0.01
"4167",57.1573969908059,99.1472551831976,49.4044560240582,94.8521011741832,94.0440429141745,36.4634060999379,2.96706294175237,31.8118541130533,0.01,0.01
"4168",3.6233690334484,44.6932424325496,95.2972067520022,8.00350827630609,1.71885865274817,66.1867175484076,99.443603749387,231.818313669332,0.01,0.01
"4169",97.3393343389034,62.2669346863404,51.0820180410519,90.6550864921883,27.3677536286414,83.7439340539277,44.4952196441591,0.0781263254233227,0.01,0.01
"4170",11.4778641378507,82.9727343050763,79.0742434095591,19.2594207124785,57.1628083009273,6.08105245046318,92.7174299722537,0.00359268248718914,0.01,0.01
"4171",7.23796070087701,49.5231366017833,50.4313146229833,76.7054786672816,22.3312033573166,37.5382319092751,12.7547598909587,70.3697095781687,0.01,0.01
"4172",78.5769316367805,14.1076433006674,51.4588156947866,67.4917214317247,63.6238043196499,20.8313338225707,64.1377347754315,0.0162743898127523,0.01,0.01
"4173",35.2773375110701,47.9260015301406,98.9513213513419,83.5659546079114,82.0651555433869,35.9677784377709,11.9789729593322,0.119407813776644,0.01,0.01
"4174",91.4820647099987,98.8886257400736,83.1716997316107,70.4448700649664,99.4574325159192,43.4033106314018,65.9481303067878,0.0105786722090778,0.01,0.01
"4175",91.965019912459,16.6978929657489,30.3574272198603,30.7865333510563,35.2527435403317,41.4499908685684,51.6805617371574,0.0165971358888202,0.01,0.01
"4176",32.6721641467884,82.1379222208634,57.2574398014694,62.3950771056116,70.2734480844811,97.7868748363107,21.024023112841,0.040567792814476,0.01,0.01
"4177",35.8963894890621,32.0383342448622,75.1729756360874,96.676956047304,77.6461467612535,42.6016309531406,55.6217805482447,0.0219846409114662,0.01,0.01
"4178",23.0307345511392,36.6566696902737,91.0317068686709,3.48997928667814,5.56917614303529,64.5535070681944,36.0664324834943,163.106084637789,0.01,0.01
"4179",67.1763116959482,77.3591148667037,74.7380043845624,17.3778689466417,82.8337781364098,96.3787448126823,11.8668899172917,0.046155408260684,0.01,0.01
"4180",93.4151575900614,72.417121916078,22.0661570085213,54.9873735290021,49.323745793663,40.6574081163853,67.6378269679844,0.0162415268455291,0.02,0.01
"4181",9.90245982538909,22.2502361983061,49.4738718494773,76.3287672540173,27.3530763806775,71.7058309819549,97.3619174445048,0.0283677221254103,0.01,0.01
"4182",94.1762632457539,32.1452606702223,58.0289242556319,96.2380732409656,24.0785401314497,35.8180206036195,16.2992157507688,23.8390957533883,0.01,0.01
"4183",76.647648611106,67.8284424357116,73.6587005900219,62.9693877883255,45.3105535591021,73.7343829823658,10.6794884661213,6.42441162523643,0.01,0.01
"4184",46.1928508942947,75.3069686470553,82.8993567731231,8.49431005772203,54.2409018613398,19.9372911127284,36.6511720698327,0.00416193550797532,0.01,0.01
"4185",15.5605080071837,89.1500571975484,85.3103864472359,30.3083368809894,5.3453718777746,95.0710503384471,91.9575895182788,8.64350945403702,0.01,0.01
"4186",99.9561772681773,53.5196385346353,80.6422339053825,12.9510755185038,18.4093519346789,77.8455767314881,82.3976726271212,0.0087467360175634,0.01,0.01
"4187",66.3186059566215,2.00266556348652,9.40443642903119,60.5520567856729,37.0594542007893,44.7192716412246,83.6298686685041,0.0192951475297609,0.01,0.01
"4188",17.2005751403049,13.321832055226,23.1370668392628,16.8524357257411,27.6909206528217,4.83505788724869,41.3062663050368,0.495113537712598,0.01,0.01
"4189",5.55947609245777,25.2257520798594,17.3768219538033,63.9877105830237,23.6079366877675,38.4445620700717,6.26453002914786,262.133377977124,0.01,0.01
"4190",81.2805118272081,54.17186236009,79.9659037031233,76.4245374128222,50.7862168829888,41.2759660976008,30.7011142605916,0.047640447281594,0.01,0.01
"4191",92.0508762123063,25.095319095999,86.3577302312478,24.6288161724806,41.0670289536938,67.232881905511,85.0785430520773,0.00696598502844406,0.01,0.01
"4192",82.5035855174065,11.1404485534877,11.6552002029493,19.5783132687211,38.2938419468701,72.5606132065877,86.3231288967654,0.00585463547772106,0.01,0.01
"4193",49.6832146076486,17.416037293151,76.1705357348546,89.5782871637493,23.0100467801094,15.2000815141946,46.4844916248694,0.153203491372587,0.01,0.01
"4194",79.1211008327082,48.2923031784594,32.0124882040545,43.0509981233627,29.3474073987454,82.3218774748966,49.6327831642702,0.0294812976247573,0.01,0.01
"4195",86.7909117834643,97.5700421025977,28.3035339787602,96.4059168007225,56.0403538169339,90.5533999670297,82.7070162864402,0.0205511898002936,0.01,0.01
"4196",71.7863464029506,93.2993790600449,98.5142089659348,90.1837958721444,73.3125823782757,90.4887356795371,76.0016098385677,0.0159744931415205,0.01,0.01
"4197",88.9698004582897,86.002335161902,82.3470355942845,8.37155936751515,66.1589499097317,47.904957504943,65.9488204866648,0.00188989726614247,0.01,0.01
"4198",65.4494624584913,63.9553678920493,72.7452964987606,0.698636379092932,19.1901101963595,93.951532873325,95.5953365424648,0.00038914988457459,0.01,0.01
"4199",96.5338046429679,48.4175116522238,27.4258462712169,50.6451522931457,55.2640553796664,2.44844406843185,11.7296827258542,149.823923695362,0.01,0.01
"4200",80.3250767756253,13.270970294252,55.3433761931956,78.8184379925951,94.3721175892279,2.56361258216202,95.4882996156812,0.00854393642563592,0.01,0.01
"4201",81.3450171379372,12.0972743723541,82.5958518544212,30.9844127856195,24.4196174200624,82.6565521536395,99.9701257096604,0.0125635603613375,0.01,0.01
"4202",68.8223778037354,75.9023394202814,52.1103319711983,50.6084760185331,82.8780221752822,13.1167265353724,47.9222547262907,0.0124787713173155,0.01,0.01
"4203",51.1242692591622,66.6698105866089,25.4123368300498,99.8141877586022,46.2844904512167,32.7646468533203,41.4264943916351,0.0508338852659007,0.01,0.01
"4204",35.6771066319197,0.568293710239232,37.7933980198577,13.2256276207045,4.86828398425132,8.59712022356689,15.9630780108273,476.662671322395,0.03,0.03
"4205",13.1270070094615,1.88790401443839,1.56753989867866,92.6008167909458,16.742377425544,28.7607551552355,18.8608998199925,137.029506985327,0.01,0.01
"4206",42.479421524331,82.3421935085207,78.8902861531824,60.4291724739596,67.9825298255309,25.3874852554873,13.6663047829643,0.146348798890818,0.01,0.01
"4207",72.5427307887003,62.0409438852221,46.9214527634904,60.4453420266509,42.6058240700513,77.1869834046811,77.6055245660245,0.0180479962092868,0.01,0.01
"4208",0.858816062100232,11.7778913117945,16.6789662325755,36.7409953847528,81.4699127571657,42.5530672771856,81.0743135632947,0.00549340258080314,0.01,0.01
"4209",10.8636321267113,1.28310101572424,48.4581123106182,95.0929866638035,40.5330278677866,83.2406303146854,35.59381342493,0.0671106776822838,0.01,0.01
"4210",87.2648673364893,90.0524604367092,34.1457220260054,6.71327081508934,19.3001185543835,85.0208623567596,81.7184065468609,0.00436317686812606,0.01,0.01
"4211",61.5638038842008,7.02535430900753,32.2956099407747,91.480901511386,78.7223161198199,36.9728080695495,89.0190599020571,0.0129012567526933,0.01,0.01
"4212",27.2216437617317,72.5195077247918,70.3974915202707,66.4542742073536,20.1798453694209,76.0586939286441,68.7818255508319,0.0482865019363328,0.01,0.01
"4213",66.8289808556437,1.56998552847654,71.2749666534364,94.8998538311571,61.7472389480099,30.3809922654182,98.5368484864011,0.0153538204828285,0.01,0.01
"4214",9.23374546691775,40.5739088542759,45.2875978546217,14.7167266346514,6.39956602826715,74.5936800027266,43.9131275517866,73.3804812403427,0.01,0.01
"4215",48.83607479278,19.8177499463782,26.3646144187078,96.7714020749554,70.6511005060747,1.19108185172081,94.5459482492879,14.0026063870032,0.01,NA
"4216",31.5086532151327,32.3260268662125,56.9831124972552,37.1566653251648,16.1421595606953,80.2015475695953,83.7876707781106,0.028938705998548,0.01,0.01
"4217",51.3643214711919,17.4218283966184,27.9361995868385,28.9493128657341,9.50124871451408,11.6993990726769,35.6063144048676,97.4951474952385,0.01,0.01
"4218",88.49084333051,67.7975764730945,54.1519888909534,35.3901177179068,49.329085717909,2.20812412444502,22.1691379556432,9.48652156045033,0.01,0.01
"4219",51.3180007692426,49.6191137004644,17.4818761879578,23.1201404705644,39.6920671220869,16.0345270298421,39.2511063022539,0.0148276154753353,0.01,0.01
"4220",63.4068353800103,92.2796214232221,0.0175018096342683,51.5055257361382,45.9266004385427,2.84401408862323,6.0814114054665,50.6152301885015,0.02,0.02
"4221",47.2781681921333,8.48049155902117,31.4798155799508,72.4898926913738,38.5520162293687,93.4034663951024,16.5922787273303,1.93894746959902,0.01,0.01
"4222",78.1719823833555,32.9526704037562,52.7978838421404,7.23454768303782,63.9527324587107,11.113874707371,17.0131020015106,0.046205500851521,0.01,0.01
"4223",15.0346367619932,16.1263816524297,82.7560466248542,74.2501579690725,51.9064662978053,2.13712677359581,2.6228416711092,59.1676203278782,0.04,0.04
"4224",52.6689451886341,62.7585782203823,82.2647895896807,87.3892593197525,51.7072852933779,32.5160244479775,7.96010585036129,14.7542361226962,0.01,0.01
"4225",33.8402948807925,11.8643958587199,72.8084682486951,70.0591193279251,69.2351602716371,24.1358430823311,9.59160989150405,1.76922964596041,0.01,0.01
"4226",52.9563834425062,29.9323460320011,11.4876843290403,86.9135034270585,25.1145141897723,1.47037492133677,15.2317276457325,68.0496011966035,0.03,0.04
"4227",75.8926534093916,22.5480241002515,43.232634011656,83.014573995024,93.4354490600526,4.00845590047538,86.9672530796379,0.0100677565211081,0.01,0.01
"4228",35.585779719986,5.08658727630973,92.5839031115174,75.784699828364,48.9385676337406,9.69163568224758,51.8909854348749,0.0290788502122838,0.01,0.01
"4229",56.948270322755,38.5205705882981,88.74140183907,73.0856738053262,29.0197490015998,62.6928304322064,4.29654789622873,258.259985696956,0.01,0.01
"4230",39.4470014376566,39.1262263990939,33.6708275834098,21.8279990367591,91.5770056191832,65.8857689239085,34.7030172357336,0.00667566139558909,0.01,0.01
"4231",0.520288408733904,49.1864331299439,50.6586689967662,84.2750136042014,90.8872680272907,46.8388916924596,60.1649913704023,0.0151582141041527,0.01,0.01
"4232",96.9738546293229,31.750179734081,42.9636524058878,25.8397717494518,60.940456064418,35.3292993968353,75.3798908321187,0.00555061853857447,0.01,0.01
"4233",17.237745015882,42.3460019519553,6.58167637884617,63.0384351825342,88.2347333943471,55.0453055184335,69.6669723838568,0.0101098199868319,0.01,0.01
"4234",7.37396324984729,11.6267544217408,52.3725410690531,66.8539510574192,66.6768154129386,74.4709188351408,74.19042668771,0.0133316258838037,0.01,0.01
"4235",76.3007748639211,6.55874046497047,91.6233620606363,11.8121093837544,75.014663184993,52.5825122836977,16.3979921955615,0.0147702236469751,0.01,0.01
"4236",17.5891695078462,16.9892717385665,21.8190972227603,71.517724962905,46.73229502514,75.7511577336118,33.3743143361062,0.0447244164838429,0.01,0.01
"4237",46.4647851185873,91.3261230336502,45.717945531942,16.9943894026801,56.1506807571277,13.5861522750929,60.9169985866174,0.00488748841703394,0.01,0.01
"4238",8.22671810165048,84.9811926018447,86.4665431668982,31.388308503665,54.7957771224901,27.8624064521864,84.3898712191731,0.00670739953642865,0.01,0.01
"4239",73.4393492573872,84.6048218430951,86.066535464488,48.5746845370159,71.7638729372993,83.1120742717758,96.4802226983011,0.00694328370922878,0.01,0.01
"4240",88.6121475836262,6.30722509231418,83.0703275511041,4.25357008352876,73.4083215938881,71.5027092257515,6.60343670751899,6.24299780172112,0.01,0.01
"4241",21.9265242107213,96.4579598046839,75.0724650919437,24.9297226080671,86.0545176547021,31.2766872579232,82.0289266761392,0.00348873754302845,0.01,0.01
"4242",58.48231066484,67.2077358001843,34.7166624618694,79.583060531877,59.2763735214248,28.0691341264173,96.2057869881392,0.0138106869068808,0.01,0.01
"4243",58.3073784364387,58.902195119299,90.7512641279027,53.7207389017567,97.3260302795097,67.8120880620554,81.3172678463161,0.00670459994865147,0.01,0.01
"4244",10.9534067334607,20.0402168789878,34.2148463707417,74.229091196321,8.89274957589805,16.5665506152436,59.3189790844917,14.2715200479834,0.01,0.01
"4245",23.7807139987126,59.2147906776518,7.02069969847798,81.901725474745,51.070443331264,96.1398281157017,65.7451699720696,0.0240271437485308,0.01,0.01
"4246",81.3132759882137,17.9925002623349,15.8341707428917,55.1583253545687,56.0131187085062,53.6773138679564,58.3368986146525,0.0165942618105223,0.01,0.01
"4247",93.7387552345172,80.777515983209,59.5779295312241,98.8037896808237,32.7605548780411,65.1470826705918,67.7408622810617,0.0438728288020466,0.01,0.01
"4248",33.4382299799472,4.63687214069068,8.9534888509661,91.220522695221,89.6131046349183,18.0060875602067,84.115347918123,0.0119421845239811,0.01,0.01
"4249",43.8281763112172,25.0845947070047,86.8068324867636,69.5526981726289,8.79297556821257,62.4406246701255,52.5465028593317,13.036317937489,0.01,0.01
"4250",37.4320647446439,85.6620519654825,53.3814483322203,36.8274608859792,49.9956803163514,55.5146139347926,65.539039648138,0.0110699804442745,0.01,0.01
"4251",94.5546788396314,59.287859336473,86.681243730709,16.8471582466736,38.5254135821015,70.3011566074565,28.4936154959723,0.0310126309725881,0.01,0.01
"4252",80.9811149258167,33.9047373505309,90.1685816468671,54.7851747833192,69.3638257682323,11.6150983376428,21.6915100812912,0.0354225634633191,0.01,0.01
"4253",59.2657378874719,26.0519493138418,21.4448615210131,87.51368036028,67.2167063690722,41.1312178242952,44.7846416616812,0.0284339122226382,0.01,0.01
"4254",40.31237938907,77.7220861753449,96.2599809514359,5.24951131083071,52.4786286754534,38.0648090038449,85.8473826432601,0.00115166138912635,0.01,0.01
"4255",97.8791571920738,86.4673367934301,11.3495711470023,89.9564097169787,35.7130182674155,66.5415839059278,8.78614061512053,37.2134490226542,0.01,0.01
"4256",21.2438160553575,36.3539538579062,61.2491631647572,37.7528819721192,96.5542990947142,74.848846369423,91.5789025137201,0.00422298814172681,0.01,0.01
"4257",56.2860515434295,39.4884217297658,28.9498139871284,62.5776280416176,11.459291097708,38.6488198768348,38.6309721274301,16.363681953557,0.01,0.01
"4258",31.5383737208322,51.1204465758055,28.0783705180511,24.8123827856034,3.88707423117012,58.8910512859002,50.709270965308,171.641427970983,0.01,0.01
"4259",73.4975113300607,46.5951692545786,13.9856554102153,51.047949353233,54.3995285406709,81.4750699093565,17.8249387303367,0.0986939373052058,0.01,0.01
"4260",65.5537505168468,25.4494118038565,28.017501719296,21.1663546971977,74.9560636701062,56.7478945944458,77.3706771200523,0.00360300526396314,0.01,0.01
"4261",37.7671728143468,67.7088122349232,99.1661674808711,58.7006649002433,52.6575838914141,27.4937179870903,90.4761125333607,0.0121837641987546,0.01,0.01
"4262",66.4448492927477,75.4245101939887,17.0121674658731,75.7103906711563,65.671127801761,46.353831444867,20.9501375677064,0.0533788387392079,0.01,0.01
"4263",50.7164502283558,28.6277888808399,61.5321409422904,94.3374087801203,17.5135990837589,52.7193916961551,23.7890121992677,18.8673874752099,0.01,0.01
"4264",18.5382191324607,78.565224353224,3.72747485525906,21.7865356476977,47.1716593252495,93.40231991373,77.8730196878314,0.00585585149354177,0.55,0.01
"4265",84.6964743919671,44.3077087402344,15.7257661921903,73.6890660133213,16.4946007076651,73.5049871029332,81.9003763608634,0.0556009581092856,0.01,0.01
"4266",61.7616484407336,58.2272900966927,67.0863133156672,19.3688262719661,10.5122793000191,46.286617196165,62.1704782126471,1.94142202889542,0.01,0.01
"4267",41.3634827360511,92.0570418937132,45.8053241251037,30.6599616771564,53.5217592259869,93.7601074110717,5.29785044491291,40.0181984788685,0.01,0.01
"4268",48.1554181082174,39.9662032257766,20.5981825944036,30.2291925530881,19.7984642582014,64.8580649867654,37.9658927908167,0.678376234159973,0.01,0.01
"4269",6.47972426377237,71.965354308486,42.5697237951681,26.1413765372708,78.3694107085466,8.50296220742166,36.9225316680968,0.00879291717196699,0.01,0.01
"4270",55.7595794089139,46.3197011267766,68.2014630176127,64.2472678329796,39.2928580520675,74.9517051503062,55.4693041369319,0.0289540101336062,0.01,0.01
"4271",0.818159314803779,36.1554118571803,92.1351085416973,76.9170807208866,99.3664362467825,31.0112232808024,35.5894222855568,0.0211468912394932,0.01,0.01
"4272",9.44191999733448,7.65501533169299,93.9927261322737,96.0649108048528,26.1774497339502,62.8966935444623,29.2907276190817,0.894385560734695,0.01,0.01
"4273",18.981768656522,35.6669117929414,96.2255993392318,14.0213669277728,52.9043755726889,80.974560463801,8.70925399940461,7.7523857855715,0.01,0.01
"4274",59.1750201769173,10.9025911660865,30.3004400338978,6.76339727360755,34.5698394579813,65.2261041803285,49.9872980173677,0.00388941422111534,0.01,0.01
"4275",38.6136143933982,12.8898502327502,29.0126256411895,68.786392128095,98.6284663435072,36.8476568954065,17.7335234824568,0.0372444730023093,0.01,0.01
"4276",25.1366128679365,65.8088662195951,14.0813820296898,4.97050951234996,2.04408990684897,1.94290627259761,67.6709437742829,375.263653292911,0.06,0.06
"4277",41.0453669726849,72.9574253316969,37.8153217257932,85.9904576092958,62.3307498870417,66.2979164393619,99.6269878000021,0.0137094943772746,0.01,0.01
"4278",48.7592855934054,41.0293626366183,56.6690165316686,34.0852284105495,12.1063625207171,1.88167116139084,78.5078407730907,173.071284255035,0.01,0.02
"4279",82.7244878746569,35.0887742126361,20.7443580729887,7.62013080529869,58.101420965977,11.1646347213537,4.04139696620405,121.577073641403,0.01,0.01
"4280",38.9311927603558,63.3325624046847,39.8734331596643,19.5186479249969,97.3465100629255,35.8887628186494,95.5429594265297,0.0020766671280734,0.01,0.01
"4281",76.4666366623715,61.9387596845627,68.8060459680855,82.3593557113782,86.3093096762896,84.6405740827322,41.0043233539909,0.0227162360338638,0.01,0.01
"4282",69.1193368053064,74.9948336509988,74.931053374894,19.9689050670713,2.43404405191541,66.3857649546117,43.2876699604094,405.493014348724,0.01,0.01
"4283",7.56196398288012,50.9163059061393,59.2946761986241,19.7188010206446,66.9966724235564,66.618198947981,85.6450186576694,0.00339667533859673,0.01,0.01
"4284",81.2485627597198,70.0556480325758,60.0926155224442,49.427892267704,68.1476598372683,75.1760521670803,99.0223081316799,0.00725111291478875,0.01,0.01
"4285",13.6355861322954,75.6974624469876,98.3191360253841,11.8626975221559,29.5246740104631,65.8417329424992,98.3048260910437,0.00404582017103018,0.01,0.01
"4286",40.0069083552808,47.7465947624296,96.6957602184266,35.3093311889097,62.0401299325749,22.8244925150648,79.7046770807356,0.00704938849927553,0.01,0.01
"4287",79.6633563935757,69.4136986043304,49.7095313854516,98.6852481262758,66.9342007022351,86.0264122718945,84.679905208759,0.0172072428970079,0.01,0.01
"4288",56.9192219525576,92.1161031117663,25.7509610848501,79.9695502733812,50.7800039136782,11.4373185671866,9.01086761150509,16.3602866374387,0.01,0.01
"4289",68.021886004135,5.65672093071043,65.2203082805499,80.9050486190245,92.8345328662544,90.2617553947493,89.6547202952206,0.00960785499910004,0.01,0.01
"4290",28.4539639716968,28.5433679120615,22.4165147403255,26.8369457451627,37.8530849236995,60.414742352441,47.5492493016645,0.0146225288735344,0.01,0.01
"4291",39.403138612397,72.9824085487053,84.1152761597186,99.1616179933771,5.08311113808304,74.95304744225,25.2320107771084,313.322625481509,0.01,0.01
"4292",20.3740485943854,68.3748371200636,63.7973442440853,9.98899196274579,48.3835833612829,35.6226481264457,69.3493996746838,0.00293445301580385,0.01,0.01
"4293",91.0947692580521,57.534496858716,45.5025456380099,42.8510761586949,67.3204923747107,85.0501520792022,16.7191438842565,0.0448072574426919,0.01,0.01
"4294",53.4146491670981,93.2237090542912,39.6435479400679,29.0757199982181,15.6232848530635,4.08374883700162,52.1107083419338,6.12667727493364,0.01,0.01
"4295",13.5799747193232,55.8290763059631,44.5579356513917,9.92418956011534,60.2937120944262,40.6569249462336,60.0093227578327,0.00269770166164813,0.01,0.01
"4296",84.6827860921621,29.0690947324038,30.4351702798158,92.9459847975522,50.3864402184263,97.2441096091643,38.7767400126904,0.0463768544129377,0.01,0.01
"4297",58.318155980669,54.9164753872901,29.5145184500143,76.2048814445734,45.0133403996006,42.8155133733526,56.8391914712265,0.0292685096558733,0.01,0.01
"4298",79.0213297121227,74.9701767228544,80.01648792997,57.7794393990189,70.3403149964288,58.9283044915646,19.9724103789777,0.0397385273496161,0.01,0.01
"4299",87.6337120542303,57.5456262333319,13.1758028408512,91.5612156502903,51.4926639152691,2.604665979743,4.8374985344708,87.2511050291633,0.02,0.02
"4300",5.02275095786899,80.9804809512571,9.83219433110207,23.2508720131591,2.95004812069237,44.3860300350934,2.52921690698713,869.79447029012,0.03,0.03
"4301",86.2288732081652,42.7083026850596,23.774191387929,89.9907169863582,76.7080756369978,91.0109682707116,17.9126635659486,0.0627390020161174,0.01,0.01
"4302",76.9770809682086,91.9375231256709,84.834063379094,42.5839593401179,99.3886508047581,73.6478887731209,89.8107407381758,0.00471787118115374,0.01,0.01
"4303",65.2043489506468,16.7197831440717,45.3712612856179,78.7679628236219,60.030257795006,55.291974870488,74.7820871882141,0.0173115044157819,0.01,0.01
"4304",84.7052889410406,77.5762727484107,18.3730783872306,79.4221498770639,89.1172831645235,63.4052608627826,14.6829542471096,0.0580266181975386,0.01,0.01
"4305",45.8350713830441,83.7995052104816,46.2565769208595,27.8748142533004,57.8716507181525,11.41614431981,95.4342491924763,0.00499383274401158,0.01,0.01
"4306",11.2197434995323,27.8635627124459,19.9573379708454,68.8138828147203,31.606870982796,99.3894633837044,29.1471881791949,0.178404665516088,0.01,0.01
"4307",89.4127527950332,47.6493030320853,9.40545946359634,47.7151834405959,48.2307524420321,9.83278939966112,6.55272991862148,71.6545000659127,0.01,0.01
"4308",83.7810372700915,73.8728880416602,81.7047078395262,25.1420798711479,94.5922338403761,53.0353452078998,68.5884006787091,0.00381912683631779,0.01,0.01
"4309",24.9325308017433,38.9503476442769,49.5962646557018,70.6904831342399,56.7105288850144,91.8896725634113,91.8175973696634,0.0134290702746605,0.01,0.01
"4310",66.8274147436023,9.02490043081343,22.0034325495362,21.8828921206295,53.9017747389153,90.4766658321023,67.8590425522998,0.00589513452843755,0.01,0.01
"4311",65.7705506077036,37.1697896858677,35.6280092615634,3.15767640713602,34.5594816841185,58.8845358695835,21.0935772862285,0.705459541000976,0.01,0.01
"4312",69.7205822216347,9.26694106310606,53.7657704902813,83.7880060542375,28.0835722340271,93.5020746430382,59.603958344087,0.0493088020814636,0.01,0.01
"4313",26.6066732350737,38.3750882931054,6.30367924459279,84.6083628712222,89.6334233228117,50.9106237906963,60.9496154589579,0.0152363618641265,0.01,0.01
"4314",58.3520086016506,22.1424913732335,32.2055337484926,45.6777746090665,79.2216310277581,24.0793869597837,49.076085886918,0.0115106474416019,0.01,0.01
"4315",78.2137454487383,77.0402173744515,57.3176448233426,39.1411158721894,25.9595733368769,39.369059400633,66.3558217929676,0.0224285278540307,0.01,0.01
"4316",54.2287639575079,57.2870659874752,19.4741848390549,35.8252953505144,97.0041782828048,58.8494543451816,73.3346217079088,0.00496809546911495,0.01,0.01
"4317",34.407460433431,64.6018360741436,33.7014756165445,68.3453118195757,76.1608376400545,19.6422153618187,87.2348809614778,0.0101690672778103,0.01,0.01
"4318",11.0771817620844,70.1386718079448,68.9484041184187,12.5456629088148,47.2022330388427,14.7736688144505,58.224830031395,0.00448671995734267,0.01,0.01
"4319",92.0499861473218,53.2129420666024,72.4960955558345,38.6837357422337,16.2214780692011,78.0633160378784,37.3016820289195,2.65212543608818,0.01,0.01
"4320",68.1201619794592,20.6035138107836,10.8124441700056,94.3459936184809,35.8039406593889,49.9536867719144,96.9830505084246,0.0268917546346384,0.01,0.01
"4321",16.4885477395728,76.1119394563138,95.0022094883025,47.7783398237079,30.172684090212,21.1238469462842,80.9705973602831,0.0193142817767625,0.01,0.01
"4322",69.8934753425419,73.7691122572869,18.2426946703345,7.03558067325503,57.2838338790461,9.44698138628155,21.9776205020025,0.013639865724264,0.01,0.01
"4323",60.5290671112016,58.9134972076863,39.8332190467045,76.5729120932519,78.3723604865372,27.5556447915733,3.21393019985408,53.1937196451092,0.01,0.01
"4324",56.2484993366525,28.3431419869885,58.2677699625492,38.6870542075485,27.4183875648305,69.1882366780192,47.4179789656773,0.0319355770775386,0.01,0.01
"4325",82.3033692780882,12.2279526432976,19.0618736436591,19.5008201524615,21.7445157235488,0.410794350318611,67.7591793937609,0.0927638101331112,0.01,NA
"4326",91.054429137148,75.8743442129344,47.753354976885,78.7367527838796,38.7966197915375,37.1274242410436,19.4542195880786,0.641893413532164,0.01,0.01
"4327",68.0417016381398,30.5177356814966,99.1540300659835,36.7671215208247,57.4271454242989,38.7250301428139,18.5502961743623,0.0569424870782628,0.01,0.01
"4328",93.4707161970437,97.9644380742684,35.1100139552727,73.8149220822379,33.6856473004445,70.7220417913049,25.3747601527721,0.262709275085097,0.01,0.01
"4329",73.0754849268124,33.6516099516302,93.9369428902864,50.2405912615359,36.3758652238175,64.7847637999803,30.3701984928921,0.0610710771028485,0.01,0.01
"4330",4.51017660088837,22.3321749363095,41.7726780520752,28.7913433508947,67.9554347880185,34.3207371421158,30.4697039769962,0.013462350203724,0.01,0.01
"4331",80.802369536832,14.0869949944317,99.9840019503608,16.8886676197872,10.3053190745413,37.6916275592521,55.2957672160119,5.60226778784979,0.01,0.01
"4332",21.118624554947,49.6392028173432,38.7046815594658,14.9845878593624,51.0456593940035,95.9613805171102,68.3514433214441,0.00423267594436705,0.01,0.01
"4333",86.2927226582542,92.3188837710768,50.9404319804162,55.4155139718205,60.678662522696,33.5819648578763,28.5113680409268,0.0309739614259164,0.01,0.01
"4334",44.3923145765439,47.978643537499,26.6964697279036,49.0457373438403,89.1341214766726,51.1606374755502,33.9292779099196,0.0157522025986907,0.01,0.01
"4335",73.93754622899,55.1701120100915,83.8832374662161,6.85265921056271,87.5291186384857,38.2312782807276,56.5010433783755,0.00136128584807136,0.01,0.01
"4336",91.4462949614972,89.7913255030289,34.4483701977879,27.9168988810852,90.6205383129418,40.2359991334379,96.9377008266747,0.0031453472933814,0.01,0.01
"4337",62.6642927294597,0.668025715276599,85.3258536430076,58.6020058486611,76.3166365213692,21.711955871433,92.5275998190045,0.00800336010952513,0.01,NA
"4338",61.2655804725364,80.2197915967554,66.7722635669634,8.34953389130533,33.670579502359,93.3792530326173,90.6067224219441,0.00270751910128976,0.06,0.01
"4339",27.3240764858201,63.7467903085053,37.9502413794398,94.6294284891337,3.99451744742692,79.413299378939,76.9958543824032,55.3441849523833,0.01,0.01
"4340",10.0252608535811,41.5268446551636,25.9295196272433,48.9977191900834,84.9926511757076,40.7051001209766,61.8417733348906,0.00917293087146197,0.01,0.01
"4341",31.1363259563223,24.0233442047611,10.4589072521776,10.3103976231068,46.4301045285538,10.9865866601467,7.85471829585731,51.5884093398134,0.01,0.01
"4342",17.4401079770178,25.2867460250854,22.4124905420467,93.4373641153798,85.1786525454372,93.4688040055335,56.6042688442394,0.0190419541898004,0.01,0.01
"4343",89.5251277135685,71.925754705444,22.2549695055932,22.0921494066715,71.1043496849015,86.8275373475626,84.5106153516099,0.00363340264174374,0.01,0.01
"4344",3.88114368543029,74.5988686103374,42.6413555396721,13.1854971637949,67.1970553928986,70.1186735415831,1.11888945102692,271.546758957707,0.01,0.01
"4345",3.46437497064471,61.7000631988049,30.2528995089233,91.8075583642349,33.175093238242,28.5306022036821,12.7186470665038,18.9507192952804,0.01,0.01
"4346",60.1915143430233,43.4285091469064,53.7864367710426,14.3151333555579,66.2812246475369,76.7459829570726,99.5415712473914,0.00214799086858421,0.01,0.01
"4347",40.4075030935928,92.917050793767,43.7917400617152,28.7499597994611,87.198899500072,97.4466684972867,11.6569890407845,0.0464113703377355,0.01,0.01
"4348",9.43441067356616,3.78912696614861,46.7235424090177,57.4860269902274,29.1657362598926,64.0388795174658,49.3179297540337,0.0409419969170846,0.01,0.01
"4349",33.5286719258875,89.8266033967957,75.6177854491398,17.7097346400842,97.8947387076914,76.2077841209248,46.1269686697051,0.00383848843723346,0.01,0.01
"4350",19.3107148865238,91.2663795053959,7.63674776535481,18.4804506134242,25.2985431114212,58.4221797995269,36.1471221316606,0.137196582234476,0.01,0.01
"4351",65.3387056430802,31.9290269631892,40.2868552366272,14.0674706781283,0.614287913776934,35.8009423362091,54.4430830981582,923.587425351684,0.01,0.01
"4352",19.9252978432924,76.7138607567176,50.914530036971,92.7300908835605,34.3737088609487,22.0554674277082,6.09629922546446,144.753836950999,0.01,0.01
"4353",20.9809831809253,96.2289278861135,4.91403236519545,39.8290222045034,34.0648817131296,89.31391146034,22.2873487975448,0.505266528373618,0.01,0.01
"4354",98.0324368923903,16.9015027349815,55.8997418731451,17.5508760614321,75.1487615285441,11.2805597716942,42.7906157681718,0.00532642670222654,0.01,0.01
"4355",23.4731821343303,64.8752587614581,50.7583237718791,45.0987051939592,80.150941805914,32.9408721998334,42.2473165439442,0.0130092338946749,0.01,0.01
"4356",13.6169432196766,49.1785377962515,7.61605312582105,65.1668086647987,18.4778564609587,56.9889101199806,82.6415618648753,0.0424946840986538,0.01,0.01
"4357",91.9392341980711,54.9967617494985,75.0329347560182,58.9822963345796,28.6873972509056,3.53558126371354,60.0052885711193,0.0353715956118552,0.01,0.01
"4358",82.457715482451,2.31861537322402,85.2067046100274,90.6708137830719,71.4791855541989,27.9976350255311,53.4809569362551,0.0231559718637937,0.01,0.01
"4359",77.867778413929,62.2003097087145,47.4430987378582,90.1289690518752,70.9479467943311,71.8957899603993,83.4444489330053,0.015043007083874,0.01,0.01
"4360",52.0179547136649,54.2597521329299,43.0664474377409,20.3393272124231,68.8892875332385,58.6480185622349,38.739595352672,0.00742919669668092,0.01,0.01
"4361",86.8293089326471,26.1748251738027,35.4657836025581,49.7357404790819,54.7550576739013,21.8799620633945,67.6244164118543,0.0132331781609925,0.01,0.01
"4362",83.5733605548739,58.0520872026682,58.3375553833321,53.4361076774076,7.37423454411328,92.095850338228,11.5462913643569,448.960882705199,0.01,0.01
"4363",76.6134154982865,22.7656024741009,26.0379505809397,1.88178608659655,51.0663650929928,78.9299318799749,16.4910389110446,0.196788404687935,0.01,0.01
"4364",17.0181063236669,48.7518620677292,75.9195764781907,26.4891519211233,42.1986827161163,41.8547436362132,90.9065588377416,0.00682923601019229,0.01,0.01
"4365",29.128655185923,83.0811474006623,78.5203102743253,23.9098571008071,15.7116667833179,31.4190408680588,87.9395549651235,0.0186967845357626,0.01,0.01
"4366",73.4029409242794,23.5444492893293,89.247515401803,35.4341082274914,68.2941948529333,72.0682353246957,68.3216067031026,0.00748296080184799,0.01,0.01
"4367",60.9849936561659,11.2333143828437,18.9953022869304,71.5972710167989,3.25463030021638,7.16195323038846,80.7929154951125,399.841247746382,0.01,0.01
"4368",15.1655170833692,42.040702351369,15.2801257092506,40.3296796837822,29.249960440211,52.6226561749354,25.3545730141923,0.745304294550552,0.01,0.01
"4369",13.2523248437792,74.7616918059066,65.1425811694935,62.1109815081581,53.4967690939084,66.9777845731005,40.7737317960709,0.0277926034922453,0.01,0.01
"4370",55.5522663751617,75.5031604319811,93.2643290841952,10.1590613368899,48.2638192363083,29.5920955948532,46.7316406778991,0.004409331914204,0.01,0.01
"4371",86.168477544561,94.4983072578907,64.8998936871067,14.242157083936,97.8471369249746,75.0857447739691,34.4343434786424,0.00410881954780834,0.06,0.01
"4372",0.702852220274508,8.32525505684316,48.3907725894824,65.3183633461595,22.7544167777523,95.5658016027883,1.57103666570038,646.360652025516,0.01,0.01
"4373",0.343563430942595,43.1703921174631,42.5976797239855,5.27867872733623,16.2856423761696,32.6602634973824,7.5880840420723,398.109905155304,0.01,0.01
"4374",12.6538293669,95.2036819187924,60.2049622684717,85.2171230129898,63.8051309389994,38.3797944290563,38.1957914214581,0.0340726151298564,0.01,0.01
"4375",99.1071705240756,65.2042665053159,78.3389679156244,23.7776135327294,94.2088210722432,2.24574019666761,88.5515215806663,0.00280550990035107,0.01,0.01
"4376",53.6472441162914,63.6657520662993,81.4403558382764,59.2474777018651,85.292831948027,87.6504812156782,34.1353903058916,0.0197689921045465,0.01,0.01
"4377",99.3530431762338,2.99986829049885,78.1214718241245,31.8853986216709,62.6598121598363,5.99100587423891,60.3527888655663,0.00814245125266108,0.01,0.01
"4378",26.007466041483,90.8219593111426,71.4935818454251,96.5659969253466,49.2020534118637,89.2009504139423,80.439860955812,0.0240985483815242,0.01,0.01
"4379",76.9866582239047,93.1381675414741,23.9737697178498,73.7424583407119,92.3339368076995,50.9210288058966,16.9652711600065,0.0445481548572383,0.01,0.01
"4380",64.7110212827101,79.9815228208899,4.10400191321969,44.8672298807651,13.4930099826306,7.88628533482552,8.92165878321975,581.546704225321,0.01,0.01
"4381",36.1125616822392,94.5390060311183,61.1786116147414,17.7406848175451,93.1766737019643,66.2020616466179,45.6376370973885,0.00408231120109869,0.01,0.01
"4382",60.8302932465449,0.697789969854057,45.7458319142461,99.6078390395269,47.5913571659476,32.6854022219777,40.3167570009828,0.0508316416350891,0.01,0.01
"4383",97.2171555738896,76.1258232872933,69.9982603546232,53.7168835988268,79.0404707426205,84.8511926596984,74.107846361585,0.00904807503289993,0.01,0.01
"4384",29.6124784043059,56.6515299724415,64.0210750745609,16.0825191065669,3.79510244820267,56.5045749302953,12.7545205643401,715.114115286339,0.01,0.01
"4385",8.50147334858775,29.5427097240463,77.8591983951628,60.8124047052115,27.8495682636276,25.9161375230178,75.9868181310594,0.0283573988705105,0.01,0.01
"4386",33.8744965847582,51.0240350849926,37.2701946413144,30.0274646142498,52.17569116503,94.9777519330382,58.4202393190935,0.00968511867211623,0.01,0.01
"4387",93.4393035247922,20.0770617229864,42.8732814732939,29.4100731378421,79.971238411963,83.4333383012563,51.5833581332117,0.00699302443893332,0.01,0.01
"4388",54.1552118724212,59.6124220639467,80.0777015741915,76.8983900779858,62.4753058422357,96.4545467402786,79.2456644587219,0.0153378174773332,0.01,0.01
"4389",82.5127156451344,48.5342130064964,16.8852652190253,0.983950053341687,15.0754754664376,36.767696775496,69.8305179364979,0.0403723974297226,0.01,0.01
"4390",88.8022491009906,81.9166095694527,6.86106234788895,2.82767235767096,29.6431532129645,77.6421059388667,98.7930396804586,0.000956332524358677,0.57,0.01
"4391",85.0011479342356,60.0058462703601,96.2221110006794,15.8662963891402,30.7624068809673,72.0133337425068,95.8633983973414,0.00532441537454312,0.01,0.01
"4392",42.7289834013209,78.4193666651845,40.1623841142282,64.1561479773372,12.2956469887868,74.2318884469569,93.7509259441867,0.0670828968928249,0.01,0.01
"4393",78.8055366836488,78.2149521633983,81.0529123293236,70.559425605461,88.2675917586312,88.5635495185852,40.1659845840186,0.0194174768793042,0.01,0.01
"4394",45.6738660112023,50.6790801649913,49.2413729429245,85.7869932195172,86.3562664715573,11.6147185210139,60.5597532354295,0.0161306807689974,0.01,0.01
"4395",19.4150763563812,93.4248127043247,65.5274485703558,26.4314799336717,50.7231174968183,90.9718668553978,25.5571646615863,0.0215065117940806,0.01,0.01
"4396",86.5668348968029,98.9871915429831,20.5192548688501,92.2040232690051,48.0775829171762,80.6772346608341,43.8502763397992,0.0427608908988669,0.01,0.01
"4397",66.8454463826492,77.3477771086618,68.8630271004513,38.0721843568608,73.6930635757744,42.1004306524992,84.8020640201867,0.00602067941603489,0.01,0.01
"4398",37.8825456602499,87.1606589527801,90.9101074328646,53.7893381901085,86.1628739861771,44.9337032157928,83.4184726467356,0.00739418497505491,0.01,0.01
"4399",60.2663773810491,42.7381672197953,51.1113850632682,95.9340780042112,82.0022001862526,42.6045009633526,49.3567684432492,0.0232293355983772,0.01,0.01
"4400",94.8749443050474,74.6815358288586,29.9652847461402,0.123181845992804,32.3967088013887,32.9792995704338,76.9413217203692,5.02987789733533e-05,0.21,0.01
"4401",79.5310127548873,33.8789571076632,21.4351697592065,7.7180506195873,32.7691379934549,41.3770342012867,98.9193557063118,0.00235712935253922,0.01,0.01
"4402",54.0208883583546,98.4687176067382,58.8053390616551,94.9192312546074,91.4672337472439,87.3788628261536,55.9900576015934,0.018208686451815,0.01,0.01
"4403",7.97667880542576,5.72118768468499,82.7342579839751,43.1906535057351,41.7463252553716,71.9621882308275,7.80093586072326,42.6877711629003,0.01,0.01
"4404",51.6565225785598,94.8313986882567,36.7928906809539,14.0861077234149,59.1080013662577,84.8245680565014,95.510644861497,0.00246923315541294,0.01,0.01
"4405",25.4823283525184,21.2355165043846,74.9438566388562,71.2121062446386,82.7062958851457,11.1745403381065,3.07869319804013,89.1959565292584,0.01,0.01
"4406",81.2527402071282,89.6856150124222,19.4529700558633,88.8550568837672,45.3294843202457,66.2131429649889,53.9606456412002,0.0356650728061349,0.01,0.01
"4407",44.712993176654,60.5322296265513,63.3682241896167,57.8672484960407,77.045251429081,18.7122677918524,56.3171699875966,0.0131008243044954,0.01,0.01
"4408",42.9504611762241,23.8433037186041,58.62467053812,46.3761308928952,82.9336501425132,5.78140702564269,93.2851782534271,0.00591770954603131,0.01,0.01
"4409",22.1578316995874,18.1065208511427,14.1641592839733,86.3019610987976,64.9883527308702,89.6154417656362,64.7547439672053,0.0201944572150473,0.01,0.01
"4410",42.1598033048213,10.5467273155227,25.8314087055624,65.7681782497093,20.002355822362,52.832335466519,41.7301472276449,0.465756195178082,0.01,0.01
"4411",60.1330396020785,24.2800265550613,85.5262384749949,13.3412851952016,34.2775478726253,5.11648505926132,23.5798687906936,3.46208994015666,0.01,0.01
"4412",45.7242914708331,45.0641077477485,77.557123801671,87.9870793316513,61.1471387790516,3.53941880166531,14.1634103609249,4.46107350958887,0.01,0.01
"4413",1.08059418853372,67.1112529234961,61.9655795162544,50.9074481436983,2.66993811819702,55.134703963995,73.7680385354906,187.643153850343,0.01,0.01
"4414",71.7523104511201,75.6982395192608,92.1992379007861,46.3749056914821,69.7892485419288,19.2242057528347,84.0046563418582,0.00781499166432565,0.01,0.01
"4415",88.8900806661695,26.2479345779866,55.1125358557329,35.0615566130728,24.4065931066871,94.2987856920809,76.1828643968329,0.018621988255779,0.01,0.01
"4416",89.4896208541468,49.9461299739778,54.0459011215717,31.0774557059631,84.1590921627358,36.0795688815415,25.8416562341154,0.0137559877774289,0.01,0.01
"4417",98.194096586667,41.7992241447791,49.1300190333277,99.3613362312317,84.4404917676002,66.2097579799592,85.2298596641049,0.0136450362880364,0.01,0.01
"4418",27.6009459747002,83.4098413586617,64.4399296026677,48.5060455277562,51.2091376353055,68.0620091268793,87.8470556577668,0.0106650581702681,0.04,0.01
"4419",79.6296567190439,27.7788530569524,64.7709757555276,29.8547837650403,73.6382262548432,56.1658911406994,7.53651841077954,2.70724577441081,0.01,0.01
"4420",80.1846609683707,66.8902622768655,38.2267779670656,96.32387093734,56.2894413014874,66.7980562197044,36.0198714770377,0.0462245622017485,0.01,0.01
"4421",46.1321820737794,99.8748359968886,12.9008671967313,89.9685594951734,37.3596250545233,60.7024642406031,99.1017539519817,0.0240570592873747,0.01,0.01
"4422",84.0304933255538,72.060645930469,88.2281808182597,13.3658107835799,47.8122350526974,80.8731361525133,50.085318274796,0.00547183426439959,0.01,0.01
"4423",95.4018554184586,72.728101327084,30.8401740621775,40.6085773836821,14.3229841021821,35.0992517080158,24.3953685741872,37.8539975901033,0.01,0.01
"4424",7.27639738470316,42.24430215545,17.5249018007889,87.2494537383318,38.6182062793523,34.6197566250339,14.0779678709805,5.23295666376291,0.01,0.01
"4425",5.21388622000813,9.43429425824434,43.8932863296941,93.7615387840196,19.0160324797034,54.9822754226625,81.4175992039964,0.0602884653883671,0.01,0.01
"4426",17.1209563501179,47.6776053197682,43.6377004021779,75.8049567230046,82.201509620063,65.1768079260364,10.3682150132954,0.207452388522432,0.01,0.01
"4427",96.3952382560819,8.03594200406224,71.2345163337886,21.3806617772207,13.0664338357747,3.06281014345586,34.7058449871838,257.857565206361,0.01,0.02
"4428",80.9288821183145,22.8513837093487,23.3629688853398,55.0400777021423,11.2612484022975,87.2901901835576,3.28865165356547,685.72568728088,0.01,0.01
"4429",77.1140147000551,21.6219627996907,17.7588959923014,50.4506966331974,84.0898372000083,80.537765356712,72.4373497534543,0.00816912582577581,0.01,0.01
"4430",70.4420501831919,59.9768795073032,68.1755226803944,34.6150800818577,97.0766874030232,85.2524685440585,20.1344353845343,0.0168727444330855,0.01,0.01
"4431",99.4204871589318,20.0057186186314,35.4530801996589,7.11949630640447,50.3367695491761,72.6509960833937,34.9221314536408,0.0039624253554067,0.01,0.01
"4432",21.5573287103325,21.3873893721029,23.8784447545186,28.6597294732928,78.3741808729246,78.3836347050965,15.3654205380008,0.0268365109251731,0.01,0.01
"4433",46.4157450012863,4.74990727379918,55.6312610628083,88.7337309075519,12.7748312894255,3.53380343876779,81.984927249141,17.6194350635914,0.01,0.01
"4434",66.5937094716355,61.1701128073037,41.4625448640436,39.9286445230246,45.9355697734281,4.12841918878257,92.6772309467196,0.0092727208783571,0.01,0.01
"4435",78.5532881505787,86.5210904739797,22.7064181817695,77.6014917297289,86.2860559485853,58.2844389835373,21.5819924836978,0.0398301744045665,0.01,0.01
"4436",92.6103173755109,19.9454925023019,11.6320338100195,45.3070562565699,41.4567251456901,99.3742347229272,90.8600804163143,0.0118969380822703,0.11,0.01
"4437",31.4129362115636,39.0302467858419,46.4497536420822,77.0309870596975,42.602789378725,21.342285303399,99.417347391136,0.0180029128403777,0.01,0.01
"4438",12.943934998475,14.4884540466592,68.6698580626398,40.4122321633622,31.6557364072651,91.1905142478645,61.4041721215472,0.020460246242396,0.01,0.01
"4439",87.4929683981463,51.1700285132974,98.3726548496634,1.54787593055516,50.4636516794562,62.908957968466,63.6123314732686,0.000474797422102598,0.01,0.01
"4440",63.0196725949645,46.515775937587,31.3407405279577,30.0115979276597,26.9261533161625,19.8388406774029,7.30373479891568,180.427110579638,0.01,0.01
"4441",41.2622834555805,11.0046617221087,12.0073695201427,54.1133699938655,44.3833629367873,33.1771554425359,12.533153872937,5.19338664458258,0.01,0.01
"4442",81.0204983688891,67.1078897314146,35.3352016303688,84.3123361235484,52.4855290306732,80.0587235251442,63.8486365322024,0.0247709521987784,0.01,0.01
"4443",20.6886606058106,67.7873946493492,96.5514219598845,97.6586498552933,15.5295877251774,96.4994065230712,93.030925327912,0.0675076898562517,0.01,0.01
"4444",98.5424228012562,90.3323125327006,73.2310143299401,73.2090921374038,32.36001834739,73.7257468514144,81.0905974823982,0.0275583650967829,0.01,0.01
"4445",33.8900502771139,53.9985867217183,48.8252411829308,73.1212025508285,61.1330366693437,47.6333661004901,55.1059514982626,0.0213171096766684,0.01,0.01
"4446",89.7367344237864,53.4398913849145,35.2977753616869,3.43358931131661,42.6281213294715,15.0590704055503,38.7205001665279,0.0021660159615038,0.01,0.01
"4447",19.729429972358,68.0421573109925,1.39466372784227,42.8069604793563,87.2415350051597,86.7831365671009,88.1119357887655,0.00550615663987836,0.02,0.01
"4448",69.495291612111,75.068765389733,16.9779352610931,94.2145243752748,16.6032169479877,64.979613898322,60.954515542835,0.138774019887399,0.01,0.01
"4449",76.8786110216752,13.4835732635111,94.3574734730646,61.5094827022403,92.7936136256903,43.7311308924109,27.4595313239843,0.0232734075272384,0.01,0.01
"4450",16.2115693790838,7.75265058036894,76.4741200022399,83.489401335828,35.2658069226891,39.1387037932873,17.1621063258499,3.98864793295004,0.01,0.01
"4451",78.8573650643229,95.9856076631695,16.4692061021924,67.722412198782,96.5348682366312,73.267858941108,69.1491438774392,0.010000382950099,0.01,0.01
"4452",34.4049138016999,83.004864375107,30.5302049731836,37.7586932154372,43.2179348776117,26.7885346431285,92.0373764354736,0.00939020050254732,0.01,0.01
"4453",55.3918919060379,49.6750514255837,41.9177536386997,27.4014323251322,48.2011293526739,76.5280267922208,41.1435307469219,0.0134908075443893,0.01,0.01
"4454",43.0591624462977,67.297074617818,38.4582522558048,59.1636122437194,46.6154744615778,49.9505330109969,5.66400005482137,57.7806354780701,0.01,0.01
"4455",29.1304471436888,76.0391880525276,16.2396777421236,83.1950250081718,0.802433444187045,70.0368314515799,90.2629546588287,571.192806674259,0.01,0.01
"4456",5.62968417070806,88.00587519072,81.5050569362938,41.4569558110088,58.15691978205,61.8927070638165,69.3127049366012,0.0101376504322573,0.01,0.01
"4457",69.6680075954646,43.8433974049985,61.0322723630816,20.3627433860675,44.4304576842114,19.5893476717174,77.3040783125907,0.00585157913590553,0.01,0.01
"4458",9.88258887082338,30.188380763866,20.0026138219982,14.4771844381467,2.11025683674961,45.4875401221216,63.6561403051019,355.571316436658,0.01,0.01
"4459",92.6819758955389,43.9718098146841,79.0283191017807,30.7450972264633,86.9874118361622,99.8591083334759,26.2751470087096,0.0129573786936105,0.01,0.01
"4460",97.0099287107587,93.1300121592358,44.667482865043,95.1669037807733,27.2766004549339,81.434134603478,98.8487023860216,0.0349419216114784,0.01,0.01
"4461",89.5935455104336,43.2006870163605,42.0561299892142,51.5446479432285,95.1821284601465,63.5043159127235,87.4467713059857,0.0061222743841443,0.01,0.01
"4462",49.8844297137111,75.2866897732019,14.3458705162629,16.8248795205727,78.8079075748101,55.895573599264,92.3786875791848,0.00228624629711498,0.01,0.01
"4463",64.270416717045,84.3353817006573,91.5706337429583,71.3396713836119,14.1637132968754,4.95081120170653,92.2839881852269,0.0837219862125262,0.01,0.01
"4464",25.7333203684539,23.8573563285172,48.7550107296556,5.89185385033488,81.9985603448004,91.7610651347786,91.1086853593588,0.00078001658895492,0.01,0.01
"4465",29.6087842201814,65.605706977658,68.9597535412759,48.8983772927895,78.0148953665048,78.9078834699467,51.4653129735962,0.0119459445855294,0.01,0.01
"4466",64.0005993889645,59.9008980905637,14.2606135923415,7.38067443016917,89.1967059811577,81.9339249981567,13.6143398005515,0.00865211536624561,0.01,0.01
"4467",30.3885155590251,27.3633008124307,58.2071668235585,64.3846284830943,52.3201242554933,26.7443005926907,3.72552133630961,129.911643935851,0.01,0.01
"4468",22.8174031944945,2.45666736736894,92.699315212667,17.5720206694677,10.2584857260808,29.0054061682895,0.837065163068473,685.803823060204,0.03,0.03
"4469",60.9442058485001,96.5177396778017,58.107972680591,64.5262385252863,9.44340731948614,82.2228787932545,20.8001076476648,150.119228969096,0.01,0.01
"4470",69.0583331976086,46.4218619279563,85.0217127706856,93.0231646401808,25.12242263183,75.7884729420766,19.2204373655841,8.19328987706522,0.01,0.01
"4471",46.3414595229551,34.2472351854667,95.4180564032868,87.1100935386494,11.3258741796017,67.9262697231025,74.7890371596441,0.377676484304284,0.01,0.01
"4472",56.8558585364372,35.385545133613,22.7088718442246,28.6134162452072,93.4043911518529,76.7746215686202,94.1622238373384,0.00321887236942457,0.03,0.01
"4473",8.7894722353667,72.0284648938105,31.3564753625542,23.8196485443041,5.58573724702001,36.0279227606952,12.5513165723532,646.778999985968,0.01,0.01
"4474",7.37867676652968,58.0315437400714,4.88779211882502,10.5769697576761,22.1131830709055,56.6384067060426,19.9748924933374,13.5470009986703,0.01,0.01
"4475",32.9207178438082,2.11606188677251,39.21756176278,37.4104296090081,43.709562974982,71.52452878654,20.7544477190822,0.307868681434475,0.01,0.01
"4476",0.916274590417743,81.8159931572154,87.8964391537011,95.0234858086333,35.7146358350292,78.6512687569484,70.4569890163839,0.0372323717232123,0.01,0.01
"4477",85.2812586119398,14.5235259784386,27.4936641333625,12.3030442046002,67.1031564474106,46.9128255499527,24.3110637878999,0.00734097778476558,0.01,0.01
"4478",29.0543246548623,23.6487032845616,45.5440070480108,68.9163632225245,63.510558125563,48.1640961021185,44.208961352706,0.0239988175494207,0.01,0.01
"4479",35.2352353511378,28.5603214986622,59.2995663406327,59.0118873631582,38.4569060988724,4.11999821662903,61.1440655775368,0.0246528118887226,0.01,0.01
"4480",14.9850930087268,98.4928967198357,37.4130943324417,70.0565723702312,53.7642918527126,79.6875224914402,66.0632794722915,0.0194295758703938,0.01,0.01
"4481",21.6776200337335,43.2139219017699,62.3453377746046,10.5005632620305,56.3650981290266,37.6049308804795,73.7627031980082,0.00249148633777359,0.01,0.01
"4482",20.0158427236602,20.7451450405642,58.6805017432198,81.3239793526009,39.7941444767639,67.5319392699748,79.5132000464946,0.0253792689206641,0.01,0.01
"4483",10.461868182756,44.0816205460578,50.7846302352846,25.8591734571382,69.6943448856473,56.3686807407066,23.2659606961533,0.015369562567241,0.01,0.01
"4484",12.207876611501,4.83416588976979,96.7506476212293,13.8345323968679,26.5059906756505,37.176583474502,24.1833280073479,3.87737064610937,0.01,0.01
"4485",38.7148806126788,37.2319040354341,71.9287221785635,2.3980971891433,87.8561334684491,2.1156026981771,16.2257618503645,1.43364030915683,0.01,0.01
"4486",6.06560972519219,35.375944385305,71.7070466140285,79.3963077478111,45.3230866463855,2.75495320092887,44.8442278895527,0.0407778363733875,0.01,0.01
"4487",55.3460089256987,85.4918271070346,23.0853097978979,99.1686244728044,61.5390761988238,17.3231330234557,99.6845060028136,0.0160039628249646,0.01,0.01
"4488",1.18247014470398,94.386905268766,58.6025878088549,81.5323708346114,56.1917409067973,1.94143566768616,39.0960192773491,0.238840420643136,0.01,0.01
"4489",65.1978282257915,4.57643531262875,9.7999511519447,63.4092399850488,88.9444584492594,65.0500620016828,70.5980397528037,0.00995329258106317,0.01,0.01
"4490",62.9412466892973,94.9517583241686,72.3430186742917,64.7543897852302,5.9111220529303,23.9873553160578,84.1050060931593,11.4016054425,0.01,0.01
"4491",40.1230809278786,82.1159822400659,26.6642984934151,50.6976651959121,31.4685730496421,98.5994949238375,52.6923364726827,0.0300678713308665,0.01,0.01
"4492",30.6705616880208,56.5433562500402,97.3333780886605,0.936778075993061,68.6702276114374,6.4432589802891,57.4446810409427,0.000233109637869734,0.01,0.01
"4493",37.2995758196339,75.2915472956374,19.7162841446698,10.8029187656939,14.4679253222421,42.8146238671616,59.7767371917143,0.245581096465396,0.01,0.01
"4494",30.8123668422922,30.4519708734006,2.91292497422546,66.4840718265623,35.0458968430758,74.8438901966438,17.869116156362,1.9862588542983,0.01,0.01
"4495",69.3221362074837,88.5843125171959,72.49152995646,69.7914683260024,41.2056326633319,59.8263244144619,39.2530022421852,0.0421682191126779,0.01,0.01
"4496",78.5268837818876,55.5094066075981,97.585978009738,83.6063437862322,33.3308110479265,60.3384457761422,39.5676835905761,0.0638427931348388,0.01,0.01
"4497",31.5206461818889,67.8434769390151,48.5899874940515,4.34421054087579,86.5078735165298,16.6656944202259,80.7642753701657,0.000614062668572643,0.01,0.01
"4498",12.1916269883513,7.91559705976397,16.0140647320077,16.1490397062153,97.1383590484038,49.1938984487206,81.7308611236513,0.0020087848553114,0.01,0.01
"4499",11.4924616646022,13.8650566106662,88.5825272416696,22.6056650746614,73.0778590776026,37.4369219643995,62.9483604570851,0.00483373491020486,0.01,0.01
"4500",69.1707610152662,45.3666330315173,78.2818139530718,67.5035340245813,18.8790473388508,55.9281366411597,15.5173824168742,57.8519623115037,0.01,0.01
"4501",99.1039335960522,84.9161525722593,30.8352800086141,15.6324998475611,71.9366427976638,64.6517656277865,44.0991619834676,0.00481835744455114,0.01,0.01
"4502",89.8524538846686,74.3558042682707,94.6201363345608,87.6318623078987,92.8481201408431,80.3634165786207,58.5773464525118,0.0158406556387611,0.01,0.01
"4503",16.5079512400553,66.1145552294329,18.8511787448078,8.64101494662464,55.3327259607613,62.3345819301903,73.5509106190875,0.0020947413760647,0.01,0.01
"4504",63.1440664641559,91.2369734374806,25.2000528853387,14.6535652456805,78.1088614137843,1.31029305048287,51.9637676887214,0.00394461868163643,0.01,0.01
"4505",75.6070808507502,61.7906362749636,18.7947280704975,7.20196855254471,39.6019136998802,8.07903539389372,1.71605343930423,237.136418560385,0.02,0.02
"4506",60.8182024210691,44.1384610254318,61.192760290578,61.6126080742106,84.4064506469294,75.7519292412326,56.3872730126604,0.0127187321000215,0.01,0.01
"4507",86.4531039027497,65.9043049206957,78.3529130741954,66.2705928320065,51.334001054056,47.1155529841781,61.6763214347884,0.0205958884733792,0.01,0.01
"4508",77.3846583208069,90.1192154502496,34.2482827138156,91.985674854368,9.12724332883954,96.8814459862188,27.8308882610872,83.9659681030325,0.01,0.01
"4509",90.1398343965411,2.38465454895049,18.3483473956585,21.4534728322178,82.0442693773657,18.5159643413499,25.3567752661183,0.00990625374415396,0.01,0.01
"4510",90.6369318021461,70.2932262560353,60.0690399529412,93.8079450745136,4.92380294017494,18.272063229233,92.5727779977024,19.7951099469798,0.01,0.01
"4511",34.6425728639588,55.2840298041701,84.2212712857872,38.0654628621414,23.6111280275509,68.567928345874,52.994964341633,0.0341616068872653,0.01,0.01
"4512",12.0289634913206,15.0503061013296,83.6497861193493,39.4505718024448,2.88228818681091,44.1677138675004,28.1531898770481,597.768788439537,0.01,0.01
"4513",49.7304540593177,65.8182111568749,85.9448020579293,24.8286162735894,53.7083704257384,48.1705397134647,98.3220799127594,0.00465393578916637,0.01,0.01
"4514",7.49901842791587,75.324986432679,88.4789626812562,0.173841416835785,14.3321698531508,52.4830909678712,1.43043515272439,806.626142117038,0.01,0.01
"4515",37.7578099956736,47.6892370032147,96.0782861802727,45.1645615976304,94.4723225897178,16.8758864980191,77.390760788694,0.00609467264656088,0.01,0.01
"4516",55.9618007624522,80.6821382604539,69.3240751046687,21.3063232367858,80.0720504950732,10.4178039822727,60.6551988050342,0.00431412190867592,0.01,0.01
"4517",26.8020234070718,64.567873836495,12.0133995544165,79.2480265023187,32.8510821331292,31.2609557295218,76.5108427032828,0.0311218877201835,0.01,0.01
"4518",94.2346660420299,18.3543892577291,16.9877762906253,91.0606359364465,39.2310173483565,52.3786997655407,83.8565977290273,0.0273518708314118,0.01,0.01
"4519",57.6109991641715,74.1205064347014,69.5181456394494,83.6423225933686,82.3145863367245,15.6653218204156,88.293653796427,0.0113765209699639,0.01,0.01
"4520",82.9558231169358,12.6596810296178,8.37366315536201,36.544296820648,79.4387523783371,70.0704311719164,94.9964450206608,0.00479159218194282,0.02,0.01
"4521",20.1141280820593,80.5692875059322,23.1234542559832,17.2391128726304,22.9585528140888,11.385707417503,72.8608523029834,0.0103576114212121,0.01,0.01
"4522",75.9113054489717,60.8978580217808,26.7566548893228,79.3438424123451,23.6435914412141,57.8981580445543,10.9567700885236,74.744756661022,0.01,0.01
"4523",46.1338252294809,1.51309610810131,48.9051269832999,69.5611604256555,57.5674993684515,32.8124249121174,72.4049261771142,0.0164030732355316,0.01,0.01
"4524",90.3647975530475,48.0916235828772,78.7508199224249,71.0725835291669,39.259720989503,22.3608546424657,41.7510299012065,0.0424584464538807,0.01,0.01
"4525",63.0453489022329,27.7527580270544,48.3896913472563,84.4916955800727,8.33493534009904,98.4830379486084,59.8871354945004,8.29176380938385,0.01,0.01
"4526",71.2112446315587,10.4655229253694,86.6091350559145,16.3034866796806,12.5382306054235,10.9120093751699,97.3796896403655,0.0490221919403927,0.01,0.01
"4527",64.0497763408348,57.1333266561851,5.45569008681923,1.40034509822726,46.2692311732098,68.6297353589907,84.9216444883496,0.000353170391208778,0.73,0.01
"4528",3.38695256505162,53.0436818255112,22.0686461543664,43.2640616083518,85.456636431627,57.5891330372542,39.7076486144215,0.0124361546635174,0.01,0.01
"4529",51.16400658153,90.3880466707051,11.3968236139044,43.9406457124278,70.1045390916988,25.7940841838717,73.7339010694996,0.0083866032973752,0.01,0.01
"4530",34.4023219775409,49.0616167662665,95.2063444536179,82.7151285717264,46.5808713808656,94.8978552594781,52.3231044877321,0.0332992025774823,0.01,0.01
"4531",27.2838721517473,18.931518541649,21.0680388612673,11.5029230015352,2.50811409205198,96.4959635632113,4.51731630600989,953.968594818299,0.01,0.01
"4532",22.0721608959138,66.264126659371,63.805041089654,52.7851827442646,61.1993335885927,82.9479220323265,48.1759039917961,0.0175386224641776,0.01,0.01
"4533",24.53473941423,5.55871999822557,87.2397402767092,2.25330856628716,68.2330066571012,88.4456118103117,66.8829135596752,0.000486119061227546,0.01,0.01
"4534",62.7978229895234,45.8785915747285,0.696370797231793,90.0433364789933,60.8324142871425,24.7773697832599,65.4845253564417,0.0222623416195304,0.01,0.01
"4535",67.4620536854491,49.9208237975836,31.6661121323705,61.3317577634007,9.60650488268584,79.7937558963895,31.3053587917238,55.4393614187385,0.01,0.01
"4536",52.903309953399,1.39105578418821,17.4939520889893,39.577567554079,98.6633588094264,68.2503130054101,32.2958327364177,0.0120286409606057,0.01,0.01
"4537",46.4906018925831,53.4727656515315,45.230489759706,18.0859100772068,7.32141695916653,78.1335114035755,81.6420145099983,3.12075208395486,0.01,0.01
"4538",35.705096158199,6.49701170623302,87.1762725757435,92.5124579109251,96.1386785842478,99.2648433428258,14.3374436767772,0.0635756810493026,0.01,0.01
"4539",12.5053358729929,5.14640042092651,26.3672364410013,70.0120750581846,47.2185555379838,34.5931323245168,33.9202564908192,0.042853705632965,0.01,0.01
"4540",38.0565373925492,49.0209373179823,27.9702414991334,4.39531677402556,50.8105161599815,91.3169176550582,42.9821935482323,0.00196719117868114,0.01,0.01
"4541",16.7148852953687,74.2827566573396,55.5084334220737,39.7944176569581,86.7111857281998,33.3868634421378,99.2677435744554,0.0045765967584196,0.01,0.01
"4542",76.8896380672231,50.2770579187199,78.2984180841595,1.98093606159091,5.2937617059797,18.359859008342,43.546190392226,174.597034581388,0.01,0.01
"4543",54.4070997508243,60.7952897669747,90.4045166680589,54.3730902485549,15.5452118022367,36.1693280283362,92.5314472289756,0.0382682559106888,0.01,0.01
"4544",32.0244149770588,30.7772896718234,44.1115895286202,86.2394713563845,68.4496195288375,93.6492335982621,53.9376741973683,0.0229318376736494,0.01,0.01
"4545",53.4741517389193,6.52574989944696,94.6464436827227,53.7982940906659,18.6138633871451,87.6068879151717,10.3565152036026,163.970672342558,0.01,0.01
"4546",17.516012256965,12.9302357323468,62.1951477602124,88.5149708483368,57.0517823332921,44.3941458361223,81.3883881783113,0.0188241312803831,0.01,0.01
"4547",31.4126156968996,4.32213598396629,31.9484567269683,11.2876662285998,57.0748913800344,83.1194250844419,15.2020475128666,0.232648279371986,0.01,0.01
"4548",10.6191988801584,95.7185354782268,45.4248765716329,43.9081609481946,13.9143314678222,72.7183853276074,58.5642142919824,0.392181797194137,0.01,0.01
"4549",62.9313871497288,34.8838053876534,29.903742717579,55.9065329143777,10.7838315889239,70.2063753036782,48.2585951685905,6.79186653875759,0.01,0.01
"4550",21.9099324196577,2.47246844228357,4.8484914470464,25.1316674752161,16.35996918194,63.8901509810239,31.5213463967666,12.8457652738192,0.01,0.01
"4551",38.6690576560795,36.3674211315811,63.8387006008998,25.8848464349285,1.83609693776816,8.2600393332541,4.99052058439702,702.530933048134,0.1,0.09
"4552",8.32556933164597,98.6353360349312,21.448811609298,35.4536070022732,19.2156582139432,77.5727497646585,21.4180365437642,17.0605957849721,0.01,0.01
"4553",64.0588035807014,55.2438477985561,81.2786321854219,26.297776796855,1.24203432351351,76.6943057766184,12.0768612483516,950.609520167054,0.01,0.01
"4554",21.9596262322739,39.3537237774581,42.5319164292887,85.1600628113374,6.35257048998028,23.5819982131943,45.4639084869996,95.254101739612,0.01,0.01
"4555",34.154419763945,89.7095412248746,76.175390696153,57.9380427487195,7.42526857648045,77.0108503988013,31.9822434801608,104.587147940516,0.01,0.01
"4556",54.024606756866,66.8504555243999,63.5523558128625,6.11224602907896,74.2548496695235,95.7787887891755,60.4052563663572,0.00134045875758859,0.01,0.01
"4557",87.6697081141174,81.6012378549203,22.0919349696487,35.6924961088225,99.7549167601392,53.6870672600344,45.5412083072588,0.00768762824541221,0.01,0.01
"4558",44.352237181738,16.9463239843026,38.022168003954,93.7214532168582,36.5368074271828,75.6828746059909,49.3786500766873,0.0509329301733738,0.01,0.01
"4559",93.0932407965884,22.1547149354592,45.2757357154042,80.9180006850511,55.6285325670615,73.0493320617825,79.0506846504286,0.0181694049263455,0.01,0.01
"4560",21.8388425186276,72.4401413230225,78.0738376779482,85.5969331460074,69.2391268443316,44.3274461664259,57.8721754485741,0.0209968429726359,0.01,0.01
"4561",83.6250195046887,43.4892773628235,49.3346137925982,66.4793143048882,17.4624828854576,33.8573532644659,21.5951215475798,29.4177805214923,0.01,0.01
"4562",79.4476447859779,63.0192038137466,36.0099534969777,81.5855965483934,21.4665063424036,90.4290738981217,84.4367102021351,0.0444988053461299,0.01,0.01
"4563",36.7999373469502,76.0839210124686,88.9284190954641,24.1309569915757,90.0342936860397,65.1824508560821,78.2331912312657,0.00338237435427024,0.01,0.01
"4564",77.4735781829804,81.6615116083995,16.6375749045983,24.7936446219683,17.8155032685027,45.1458443654701,92.9366168798879,0.0149026146452407,0.01,0.01
"4565",32.5106630567461,30.6637173751369,94.287272868678,67.4517553532496,99.370932765305,8.14408503938466,69.7359337937087,0.00957496733585735,0.01,0.01
"4566",70.4958491958678,78.0845310539007,28.8807983510196,42.6480834139511,38.4357205824926,56.8220231216401,13.4960896568373,5.07765727315218,0.01,0.01
"4567",90.5466511147097,9.75863432977349,75.2969458466396,95.3153241425753,16.6055916342884,22.2240501083434,38.1839325418696,4.17542238366953,0.01,0.01
"4568",97.6453677285463,6.30326310638338,45.352923637256,48.3038732782006,94.1622948972508,37.0827300706878,56.7181379534304,0.00887914564183827,0.01,0.01
"4569",40.9979430725798,16.7783646378666,85.5684836395085,54.8170326510444,73.2586814789101,48.8964074291289,66.6164466179907,0.0110614318725193,0.01,0.01
"4570",18.764671171084,14.9734167382121,35.5980700347573,34.4761139014736,18.5877463780344,38.4697820059955,53.1145464628935,0.132861311874991,0.01,0.01
"4571",58.4363749017939,44.962819875218,9.18310238048434,31.9318383932114,91.5680651552975,96.104625868611,98.3912982279435,0.00350853084542234,0.01,0.01
"4572",40.6113046687096,30.2103159250692,59.751050081104,73.2854183763266,67.8666774882004,57.0614955853671,0.429392233490944,406.692952359424,0.01,0.01
"4573",59.6075813286006,57.7976092463359,47.9527543066069,35.5033680563793,85.4599082609639,40.8493703696877,46.5926715405658,0.00872819170431704,0.01,0.01
"4574",38.114284328185,87.3080111341551,47.0354502554983,70.2125461539254,36.5590567234904,80.1262099761516,44.387100613676,0.0424011378472293,0.01,0.01
"4575",79.0029792580754,86.6847504395992,11.5963840624318,36.0357597470284,88.1061152787879,53.4290804294869,42.3087803414091,0.00944366427971358,0.01,0.01
"4576",33.64973065909,42.724794591777,16.1482329946011,60.0928506813943,64.2574434401467,90.6062147812918,25.1297523034737,0.0358651209466,0.01,0.01
"4577",38.1893998710439,40.9373024711385,51.0726326610893,17.1903918730095,83.765125204809,18.9726413693279,4.08215050119907,25.9551358786374,0.01,0.01
"4578",36.9792354060337,97.3519653081894,11.5954307839274,45.2728296862915,28.8028178503737,9.29209031164646,7.01489634811878,284.908313534128,0.01,0.01
"4579",8.10222320724279,43.6912673292682,32.5360018061474,18.0297116981819,34.7401743521914,7.01617165468633,97.7714131353423,0.00525261019048058,0.01,0.01
"4580",84.089486207813,16.286434000358,64.9823816260323,39.5066200289875,89.8869116324931,73.7029359443113,63.4728570934385,0.00681537701675342,0.01,0.01
"4581",68.6229608720168,10.175792966038,67.4713524058461,57.1137942839414,42.6709395134822,19.158173003234,30.5749901104718,0.0487018717824015,0.01,0.01
"4582",61.0128376167268,81.8516175029799,26.9228464923799,12.8075329586864,57.6775955036283,20.8816297352314,65.9608259797096,0.0033159368984388,0.01,0.01
"4583",96.6548979980871,35.3609718382359,20.2583340927958,37.9173651803285,95.6339800963178,35.2423463249579,55.3421588381752,0.00703624868764878,0.01,0.01
"4584",23.1839160667732,73.1822121888399,75.4541943315417,77.0568663720042,83.0846783705056,35.1226986851543,58.4927236195654,0.015587240663461,0.01,0.01
"4585",43.5629832558334,92.5242414465174,96.6807130491361,26.7307133646682,56.7048818338662,39.6548462100327,78.0697512440383,0.00596115927001045,0.01,0.01
"4586",85.0962406024337,23.6492723226547,33.1916975788772,16.6920896386728,19.5716328686103,36.095929495059,1.96200760547072,676.700461037031,0.01,0.01
"4587",71.2570298463106,89.9914480978623,59.0617104899138,17.1885987045243,10.7825975865126,11.5111767081544,58.6114476202056,4.73644063069341,0.01,0.01
"4588",46.681583346799,83.9884843211621,29.6540599316359,46.5082731563598,24.8306780587882,48.8559512421489,72.1980496076867,0.0256087114836291,0.01,0.01
"4589",93.600156577304,44.8017426067963,8.68691054638475,77.048482443206,96.6027736663818,50.868013757281,71.8195207184181,0.0109522615990629,0.01,0.01
"4590",16.4701936999336,28.4057111013681,19.3225430324674,5.56357735767961,36.4680592669174,82.1691013174132,85.5691022239625,0.00176223899547546,0.01,0.01
"4591",83.8277234695852,85.9090951271355,61.7063789395615,77.1904231514782,47.5278961472213,68.5077867237851,72.0581954810768,0.0222298327027657,0.01,0.01
"4592",71.9239537371323,87.3819567263126,30.3215986117721,64.5526602398604,17.434068210423,43.0122081656009,69.6610603947192,0.0593249940060816,0.01,0.01
"4593",6.47779479622841,52.3040457628667,37.5887846574187,29.5079133473337,51.2176906457171,82.7397504122928,36.5851858165115,0.0153348246652958,0.01,0.01
"4594",95.3393698437139,93.8966080080718,23.8480654079467,12.8867565188557,0.843829032965004,61.9235742138699,91.881547938101,541.276382439345,0.01,0.01
"4595",39.3402402289212,56.4633478643373,39.4808820215985,60.9307712875307,45.1645095832646,39.7697716252878,62.2640737798065,0.0213235268018601,0.01,0.01
"4596",65.2755463961512,70.6631960580125,85.5638580163941,98.6838284414262,99.5579197769985,85.800674231723,73.8141796085984,0.0132481563636954,0.01,0.01
"4597",19.3773991893977,8.82979296147823,91.0671971039847,1.69604830443859,93.7727826880291,89.232257544063,36.0367997083813,0.000488079060215287,0.01,0.01
"4598",28.1694254372269,89.9391015293077,17.7939493907616,92.0377164380625,74.6018071426079,11.2505905795842,17.4193237675354,0.0709951084603962,0.01,0.01
"4599",70.5697001656517,17.1579833142459,1.73849223647267,47.4642195506021,96.31940680556,17.7997497841716,50.6170739652589,0.00954337355190098,0.01,0.01
"4600",27.2729087853804,10.1994063472375,23.2800125842914,53.4416680922732,67.1217505354434,80.2213767077774,31.7549809115008,0.0243046694293848,0.01,0.01
"4601",34.0183888794854,59.9971521645784,13.3599707391113,21.085612103343,33.4828977705911,87.8019833238795,13.3139915531501,10.3352964825821,0.01,0.01
"4602",5.33062070608139,37.468845397234,39.9099189555272,54.7534903744236,94.0145643427968,72.4466492189094,82.2464048862457,0.00699554544318482,0.01,0.01
"4603",43.2599034626037,79.5050655724481,99.5159907499328,9.85208358615637,93.5297395568341,87.2597879497334,28.8479282520711,0.003528824751404,0.01,0.01
"4604",67.2135737724602,67.7888118894771,67.525586951524,1.7830767435953,79.5051035936922,76.5779427019879,16.2412595935166,0.00284192446321229,0.01,0.01
"4605",24.2724600480869,95.7987234694883,47.1010071458295,90.1477458886802,92.2725004609674,57.1070253616199,75.1916566165164,0.0128220472149727,0.01,0.01
"4606",93.7122632283717,69.8618662776425,88.4357618633658,76.5736891655251,35.1722163148224,38.4695877088234,5.54165684152395,131.431254092456,0.01,0.01
"4607",0.584242003969848,76.2038531480357,83.3058051299304,92.6916988333687,42.4531908007339,4.71446528099477,71.401750901714,0.0301295041968479,0.01,0.01
"4608",4.6212054323405,34.6628258237615,31.3426416134462,30.6482639396563,17.9866263410076,74.0889095235616,65.3929068008438,0.0362955416366638,0.01,0.01
"4609",89.2605228349566,18.2278722990304,17.9202131228521,35.2937877643853,78.8913923315704,21.9834401970729,80.0318513065577,0.00551924018600885,0.01,0.01
"4610",71.6329799033701,96.5636766748503,47.3359103081748,37.5405179336667,64.0702225500718,85.8952260110527,14.2381984973326,0.111194583915107,0.01,0.01
"4611",60.0964304758236,2.83240862190723,30.3255671402439,30.676212743856,11.7193332174793,89.6729555213824,32.1851879823953,37.4161749192299,0.01,0.01
"4612",53.4890971146524,28.1501218210906,91.0906357225031,82.2329602902755,4.90197411272675,19.9728493811563,13.4377356152982,793.889393437548,0.01,0.01
"4613",98.579776333645,78.0819681007415,8.59081503003836,7.31028341688216,36.4289752906188,47.1008871914819,3.45943085849285,238.62771501717,0.01,0.01
"4614",22.4935567239299,42.9685672977939,8.55951718986034,98.5480560688302,52.1238624118268,99.6524924878031,95.1527374796569,0.0196626953911071,0.01,0.01
"4615",16.764066927135,35.0096207577735,85.6372168986127,73.1506429845467,28.8264092989266,56.0994022525847,52.0259934244677,0.0482645912965145,0.01,0.01
"4616",26.5505549497902,69.9101918842643,69.9155485257506,69.3985958816484,27.0105623872951,56.0478700557724,26.2123185442761,1.00025227947036,0.01,0.01
"4617",84.0236002346501,41.4436847670004,20.5586947500706,38.4559208527207,68.1200970895588,59.4683785457164,46.6451633023098,0.0118480931646557,0.01,0.01
"4618",78.6940600723028,47.4892034661025,67.9317084141076,80.3979549556971,56.571051501669,61.5644501755014,28.0968533596024,0.0489520422215744,0.01,0.01
"4619",52.2476422833279,90.1128231547773,80.0523996818811,82.4259526794776,26.6090075718239,80.4603043710813,29.746635328047,0.459554260967939,0.01,0.01
"4620",40.9615428652614,43.9876835560426,45.8777455845848,21.9204205088317,93.8487911131233,72.8078090818599,55.3084184182808,0.0041480402753728,0.04,0.01
"4621",7.53368807490915,80.9863584116101,46.6378688113764,78.9658302441239,34.5075636170805,42.9488660767674,59.5905835041776,0.0377679140247725,0.01,0.01
"4622",53.7235928000882,85.2387978928164,42.8372753085569,92.2458556015044,20.5585160758346,56.3697049627081,69.297709595412,0.0646150805669927,0.01,0.01
"4623",67.2390649095178,22.9637409094721,61.8576938286424,7.2492697974667,0.0953390030190349,78.5635890671983,44.8382140137255,966.900705222602,0.03,0.03
"4624",66.6039832402021,53.7000571610406,6.97233872488141,63.8507625786588,88.869735551998,98.8997806096449,67.2536400379613,0.0105263573210087,0.01,0.01
"4625",66.1628325935453,56.1971987830475,97.5599257042632,10.1232298417017,96.6300211846828,98.0405494803563,64.5728438626975,0.00159750777179101,0.01,0.01
"4626",93.0748980725184,1.39333647675812,85.6835130834952,8.67870659567416,61.2921532941982,42.6811776123941,20.3405897598714,0.0274355486942297,0.01,0.01
"4627",54.0199427865446,52.840412966907,65.9614179981872,65.9332551760599,71.0194492014125,70.7532676402479,65.2563932351768,0.0140109950233868,0.01,0.01
"4628",84.8814009223133,33.7015830213204,65.5553214251995,80.540713830851,46.8173316912726,48.2733783544973,23.3290242729709,0.0894178898753556,0.01,0.01
"4629",28.8568863179535,13.3724925573915,38.7944408459589,22.5723225157708,51.2347420677543,48.2355592772365,0.587501912377775,494.869619748502,0.01,0.01
"4630",22.494408627972,53.9456682978198,36.6395173827186,37.5242922687903,90.2918285224587,14.5051348488778,58.5049349348992,0.00698233021834435,0.01,0.01
"4631",42.2690461855382,47.3954623099416,28.5005053505301,43.1938997702673,90.6726064626127,9.71108544617891,71.4283178560436,0.0065745870230321,0.01,0.01
"4632",56.6270635696128,49.3176906136796,29.0564091876149,58.7666405597702,41.7243200587109,12.5858925282955,98.0799978133291,0.0142130056486739,0.01,0.01
"4633",54.7160220798105,56.0571426292881,29.2958531528711,93.1992386700585,37.8180676139891,75.8495823713019,41.2838304881006,0.0584482697956506,0.01,0.01
"4634",15.535446559079,73.9030037773773,73.4667955664918,15.1110573671758,85.2226072223857,6.92202325444669,28.1152772484347,0.00608598814083452,0.01,0.01
"4635",38.6944212252274,29.1810291353613,9.37431058846414,46.4830270968378,10.887122922577,94.7855370584875,67.2094330191612,0.883744162724915,0.01,0.01
"4636",84.7394284326583,23.1249686097726,74.9885769560933,31.0376533074304,23.1352635659277,88.0612259265035,40.7098873285577,0.126924389632331,0.01,0.01
"4637",48.2523107668385,30.6714499602094,12.4893319560215,74.9001198913902,44.9117776239291,65.1937761809677,51.234552799724,0.0319264785772533,0.01,0.01
"4638",59.3356223776937,91.9259903486818,24.7001611627638,74.4403066113591,9.89666096866131,16.6273062117398,81.5061735687777,0.74073464229259,0.01,0.01
"4639",95.3276658197865,26.813773997128,1.18289913516492,13.8836602913216,59.0250749606639,74.0282522281632,39.027813798748,0.00587645899798468,0.01,0.01
"4640",74.2972140898928,22.3678551148623,62.5571903772652,64.5835666451603,41.6226104600355,4.31294806767255,80.6233290815726,0.0189636934321188,0.01,0.01
"4641",19.9388378299773,55.0050280056894,77.6722430018708,8.64354271907359,47.7498575812206,53.1769848195836,57.6919364510104,0.0030842189734742,0.01,0.01
"4642",36.2976495176554,97.9467405471951,53.5897191846743,25.1727477181703,16.7100079590455,41.5205410216004,12.1827414724976,147.458280463369,0.01,0.01
"4643",34.6633285051212,75.977884279564,74.095446174033,2.37217745743692,88.0439155735075,54.5118796871975,28.5797614138573,0.000910841059311475,0.04,0.01
"4644",90.5113068176433,76.6175786266103,94.0023686736822,24.3772580754012,26.4175152173266,31.8258081097156,22.5750565063208,3.10493155088453,0.01,0.01
"4645",62.4302620766684,38.2253091549501,35.5357011547312,35.8180884504691,48.9263615105301,27.7781629236415,72.8723031003028,0.00990894338424805,0.01,0.01
"4646",44.0073567908257,52.5506687117741,68.44076088164,12.1131750522181,7.71990306675434,79.2178556323051,62.6005968544632,9.50367121460907,0.01,0.01
"4647",57.6742017408833,33.0854094820097,22.5390273844823,77.2926096571609,93.1270387023687,32.0335421245545,31.4755496568978,0.0255530793793462,0.01,0.01
"4648",9.24251929391176,71.3900140486658,15.8716328442097,45.1677987119183,3.94882005639374,76.0634793899953,43.6700776452199,210.488512451878,0.01,0.01
"4649",39.8717252537608,20.9537644870579,18.2694358984008,3.52963879704475,60.8909948263317,12.2435691067949,47.5888815708458,0.00119252577129018,0.01,0.01
"4650",13.6890522902831,79.5668548671529,61.3937378162518,38.35279638879,94.263046537526,80.3372582187876,51.4532577712089,0.0077564612282408,0.01,0.01
"4651",52.4885250953957,46.587600838393,37.4494645744562,43.2563580805436,4.55195880495012,25.114573771134,72.9510322911665,59.0109562758383,0.01,0.01
"4652",95.6152895698324,4.70914710313082,48.3122195582837,96.2023567873985,99.3261212483048,98.3187143225223,45.6402125535533,0.0207556280560112,0.01,0.01
"4653",53.5981593187898,34.9757501389831,21.6619180748239,37.5515538034961,10.2186463307589,97.3796139704064,78.9202683605254,0.430130469460982,0.01,0.01
"4654",85.8966747997329,48.0658945627511,15.2098425431177,56.7344552837312,52.9597020708025,8.48263034131378,60.9832210931927,0.0172794479257143,0.01,0.01
"4655",75.7468791911379,2.54928541835397,12.1031331131235,50.9814600460231,76.717651868239,7.67182684503496,23.0872233398259,0.0304998214217333,0.01,0.01
"4656",0.0317610567435622,83.6707040667534,81.5626474795863,67.2279634745792,26.6727014677599,32.3059477144852,88.8364823069423,0.0280538789114488,0.01,0.01
"4657",66.746625257656,68.5816955287009,68.0137740680948,55.5723947938532,55.8289933251217,27.4745885981247,58.5712149972096,0.0167073189908178,0.01,0.01
"4658",37.467796378769,95.8053755573928,1.84594544116408,19.6884084260091,23.3399013523012,24.0462076617405,40.7106793019921,0.13323100168255,0.01,0.01
"4659",93.659785669297,94.1152321174741,89.3995639868081,38.2380594033748,42.3886795761064,31.7347530741245,0.109654082916677,642.645473962072,0.01,0.01
"4660",15.8242041012272,82.3749371804297,72.1983027644455,88.5989867616445,18.1679701199755,51.3859729049727,92.5351521000266,0.0522039672538479,0.01,0.01
"4661",63.5860592825338,83.0797816393897,62.0792319765314,30.6133213685825,94.1047339700162,33.2065825117752,7.23343787249178,0.696847906515894,0.01,0.01
"4662",78.5387282259762,29.8018818022683,78.9525485830382,13.9536412199959,75.9996951790527,30.5676640244201,5.52024468779564,11.2155670076636,0.01,0.01
"4663",87.3923383885995,76.7396801384166,8.57271414715797,41.9834243366495,9.15477944072336,87.2483890503645,8.44096236396581,475.139080159805,0.01,0.01
"4664",51.8518334254622,20.0082981260493,44.1894657211378,26.6919228248298,93.6755778966472,53.0699633760378,12.2315409127623,0.029073249367487,0.01,0.01
"4665",98.9055828889832,54.6147495275363,58.7533255107701,62.6739083323628,19.6472261333838,11.9213886093348,97.7926257066429,0.032298199158435,0.01,0.01
"4666",11.6481680655852,85.9725208487362,18.2725615100935,42.1486031962559,66.2548512453213,36.7854141630232,43.2510578073561,0.0143758476208778,0.01,0.01
"4667",78.5071186022833,85.729194409214,64.8321629036218,89.3998702522367,28.4209717530757,78.0620717443526,52.9563641175628,0.0585982872290197,0.01,0.01
"4668",94.3022395484149,64.55870969221,95.0994614744559,91.3482242263854,42.6792512647808,61.8202176410705,24.7969684423879,0.106286708822462,0.01,0.01
"4669",73.7226378638297,64.4217720720917,33.4941093111411,52.1433817455545,49.4994539534673,41.6588459163904,18.5705411946401,0.149273126205801,0.01,0.01
"4670",43.2336119702086,94.3361557088792,40.8437143312767,82.4799980735406,8.79819088149816,41.5048171533272,79.8346512950957,1.3229094306505,0.01,0.01
"4671",35.9976629959419,51.5348221873865,71.1263387696818,14.6766687976196,97.7793182246387,98.2788224238902,86.3952798303217,0.00171736394791543,0.01,0.01
"4672",50.6663731299341,11.8441668106243,73.9444058621302,20.0429231394082,10.3981720050797,59.1650958871469,44.8011753382161,13.7291978390214,0.01,0.01
"4673",86.0557231586426,65.536008332856,48.1630482245237,87.4808895867318,12.5720146810636,91.0901007475331,25.5856213858351,42.4564953621576,0.01,0.01
"4674",41.9572529615834,44.281564373523,83.2793972454965,30.3648338420317,40.0778492679819,47.628132533282,31.0097015229985,0.0281716247455105,0.01,0.01
"4675",86.0358906676993,55.6034164037555,61.3525579450652,43.9134816173464,6.11001434735954,5.85697058122605,45.1783521100879,358.303994480845,0.01,0.01
"4676",40.8627584110945,45.1546465046704,56.9380880333483,68.4075771365315,0.258778966963291,78.0761300818995,6.82359726633877,965.732578097814,0.06,0.05
"4677",19.7446818696335,84.2632516985759,36.4751262590289,22.5978162372485,70.2885635429993,5.45179867185652,1.99492117390037,194.478303845414,0.01,0.02
"4678",64.6910303737968,65.1988198747858,55.0945699680597,36.4121790509671,38.6641579680145,44.9375034309924,40.7928281463683,0.022692133236519,0.01,0.01
"4679",45.9743690909818,25.1200644066557,79.6031831530854,0.125802657566965,17.4532232806087,48.1787484837696,59.6014823298901,0.0456931367981097,0.01,0.01
"4680",57.3496064404026,8.24269964359701,75.4127612570301,32.7342913486063,38.2149415556341,65.0073353899643,43.3771656360477,0.0194070375633512,0.01,0.01
"4681",24.3493217043579,90.1376963593066,86.4972762297839,9.13703951518983,31.3497086055577,31.6255822544917,44.1030193353072,0.00779111036435098,0.01,0.01
"4682",5.10188811458647,88.9624689007178,30.3291286109015,25.8443491533399,6.14600891713053,69.8349748272449,45.8193930098787,72.0743036672323,0.01,0.01
"4683",85.0560477934778,75.1910729333758,36.3784599117935,52.385419793427,27.036159997806,88.8809977564961,43.7478957232088,0.0506496150195265,0.01,0.01
"4684",22.805821034126,90.9600933315232,28.211264195852,85.9066252363846,24.878248362802,72.133413888514,98.0819944292307,0.034850408480493,0.01,0.01
"4685",56.5762717975304,92.173499497585,16.3850352168083,40.3313452145085,77.2756292717531,6.38946627732366,35.8211985789239,0.0141710785376878,0.01,0.01
"4686",75.5391996353865,35.2617639116943,36.0031213378534,62.8299608593807,12.4787773005664,57.7709789853543,48.5930420225486,3.04079665953408,0.01,0.01
"4687",54.1173589415848,8.13588374294341,17.3259674105793,98.989322129637,77.6574966032058,33.0985691631213,88.9070896431804,0.014171628400996,0.01,0.01
"4688",66.2461774656549,1.83895344380289,20.7112139090896,31.8971460685134,91.0614693304524,66.7986211832613,71.6355855111033,0.00481676269250485,0.01,0.01
"4689",22.7515875129029,33.8136247359216,45.7459903787822,96.1362502770498,24.8862877720967,16.8708857847378,91.2598323076963,0.0418633741198653,0.01,0.01
"4690",63.828583387658,0.999408727511764,18.8395821955055,63.5848525213078,36.1709970748052,2.90819890797138,3.90955570619553,77.3656091667737,0.04,0.04
"4691",80.7606974616647,12.3643000610173,8.42978253494948,88.2924621226266,68.8907220028341,76.2380512198433,21.7978851869702,0.0565091056137728,0.01,0.01
"4692",31.7530157277361,57.8785472782329,6.45561858545989,70.2734797261655,75.7106449920684,66.1093869945034,58.5255253594369,0.0155927492604682,0.01,0.01
"4693",12.9205435980111,61.1609797691926,69.0659806597978,16.9238309375942,39.6333759417757,19.8494150536135,38.3347196970135,0.0113202056906574,0.01,0.01
"4694",4.20693596825004,11.7408399935812,63.8383717276156,62.6436685910448,70.7162264967337,55.640771961771,71.2030495516956,0.0122641195805964,0.01,0.01
"4695",64.8944031912833,42.180345277302,25.7002844009548,88.047410803847,20.1722952071577,25.5110266618431,48.279824340716,0.186491062914168,0.01,0.01
"4696",38.4120269445702,67.2115343390033,49.7296319808811,96.1824914906174,43.3735547354445,37.8254184499383,87.7438057912514,0.024986583197988,0.01,0.01
"4697",17.0911860652268,51.1428187834099,81.5575597109273,36.7447493830696,49.1354801226407,99.6180387912318,57.7514598611742,0.0127279307639673,0.01,0.01
"4698",92.2037946991622,39.6452172892168,27.1638596896082,36.8313878076151,32.5828820699826,51.2450601905584,32.4645910644904,0.0627346935569844,0.01,0.01
"4699",18.8404315616935,14.6635840879753,10.5616305256262,74.8804040485993,92.5081249093637,8.93530815374106,86.2799016293138,0.00926453623550325,0.01,0.01
"4700",24.6930937515572,46.0251147858799,27.0454584853724,78.9821095531806,26.4997105346993,4.15561902336776,53.3321350347251,0.0828638047165678,0.01,0.01
"4701",39.5778123755008,78.7866658065468,66.4088554447517,84.0247089974582,12.4990666750818,54.3382858391851,92.8505569929257,0.0835872137681007,0.01,0.01
"4702",70.9047394106165,3.51844702381641,32.8181912889704,10.0497746840119,37.6340159913525,36.4851580467075,28.3335150917992,0.0797309623458563,0.01,0.01
"4703",31.006476143375,8.71040381025523,42.1096588019282,72.1050984226167,55.5002289591357,32.2638751938939,31.5935918362811,0.039899201620722,0.01,0.01
"4704",73.9778155460954,94.0470527391881,80.7425935287029,29.1857394622639,30.4612044943497,64.356452669017,91.5536092827097,0.0103516869762323,0.01,0.01
"4705",51.2343447422609,17.2182596055791,87.3716915259138,80.0030555808917,92.7584444871172,86.4052239339799,81.1499943956733,0.0104959341242887,0.01,0.01
"4706",8.22183410637081,40.0670056696981,26.002249144949,39.1889648512006,75.5786408204585,41.2684998940676,44.6326193865389,0.0113621368185646,0.01,0.01
"4707",76.5656212111935,20.0516575481743,4.34645295608789,88.7268801452592,29.7176839550957,19.537371234037,77.6287853717804,0.0379684991846506,0.01,0.01
"4708",49.6064621722326,70.3734683804214,13.0064419470727,15.3477559797466,98.6296785995364,74.1026364266872,34.3579375417903,0.004401075737041,0.01,0.01
"4709",30.9876875486225,75.6221779156476,49.5521118631586,19.505374529399,53.6809800891206,44.8833400150761,62.4474982498214,0.00572660197170241,0.01,0.01
"4710",48.4287726692855,21.2858166312799,17.3860685899854,64.0900460071862,79.0587097639218,38.2217751117423,58.6236998904496,0.0135943493279562,0.01,0.01
"4711",59.157641348429,63.5489565553144,40.1831397553906,83.5590367903933,85.9262858517468,35.028333729133,12.8203219734132,0.0820546469813973,0.01,0.01
"4712",12.7180092036724,31.5235282992944,38.0715975770727,62.5711225904524,82.4317683000118,63.5829166742042,38.6185130802915,0.0191578527159225,0.01,0.01
"4713",18.674314324744,19.7471532737836,83.2655643578619,92.4286677734926,36.2471789121628,14.9286614032462,55.522511806339,0.0450828718721283,0.01,0.01
"4714",36.425627884455,2.92466916143894,87.65630540438,21.0621883627027,79.2706571053714,21.5647589415312,16.2514849333093,0.029631335143753,0.01,0.01
"4715",76.0673038894311,49.1897965315729,11.5782026434317,74.6053333859891,68.8283029710874,76.0738753713667,5.24579754564911,16.8586469310272,0.01,0.01
"4716",52.2616579663008,84.7930306568742,78.408765536733,40.4922582441941,13.0836992990226,55.6509256362915,90.0722111342475,0.0437251376636775,0.01,0.01
"4717",33.2037345971912,91.9982452644035,88.0389781435952,55.0270862411708,33.7376917945221,94.0212775254622,11.0673734452575,20.4511255434133,0.01,0.01
"4718",94.7276622289792,24.5892560342327,9.15019996464252,78.9668840821832,34.0608421945944,61.9104678044096,11.2707301275805,20.929388766855,0.01,0.01
"4719",39.2099483171478,46.8526500510052,95.6965445773676,93.6859809560701,77.186325006187,66.0899185342714,1.73886837437749,140.441287279101,0.01,0.01
"4720",91.6336727561429,93.2929382193834,47.0466341823339,67.1710663475096,9.03594535775483,97.4759417818859,42.4748709658161,23.3872197412449,0.01,0.01
"4721",86.0419453121722,30.6570119457319,60.858409316279,30.562754929997,84.2869770945981,96.9986705575138,80.9578920481727,0.00442387132737108,0.01,0.01
"4722",73.1691293651238,13.8725227676332,53.1716914847493,35.7926988741383,85.6797851854935,32.9832171089947,90.1174951344728,0.00458230463696906,0.01,0.01
"4723",61.4726092666388,59.0115587692708,8.00044208299369,29.1539590107277,91.5919353254139,68.3171232230961,99.1316511994228,0.00317876008569209,0.01,0.01
"4724",63.1814940832555,23.8654835149646,36.6102233761922,45.2851791167632,95.9423849824816,81.0675987973809,87.5264354050159,0.00533125184949692,0.01,0.01
"4725",52.1989763481542,37.8470228984952,9.8756869090721,99.5677173137665,62.0501101249829,1.89506786409765,38.1218986120075,0.0435778260556352,0.01,0.01
"4726",27.4999026209116,65.2544105192646,48.5855804057792,0.472902064211667,49.0821410436183,66.3193294778466,48.5354019096121,0.000194493559519533,0.08,0.01
"4727",38.0608882755041,76.8105840776116,34.6281008794904,17.7165491972119,39.2341983271763,54.7135404543951,47.8071224410087,0.00925978116998051,0.01,0.01
"4728",43.962971563451,42.7874610759318,88.7917828513309,44.8951109079644,8.62702743615955,80.0594088388607,71.2318090954795,2.69796933965337,0.01,0.01
"4729",34.3454465968534,67.606515227817,47.9253137018532,36.3941183546558,63.3632220793515,10.039980802685,98.6788442125544,0.00576055392768663,0.01,0.01
"4730",50.9972773492336,80.2366534015164,3.50745951291174,85.424913582392,29.491085675545,99.0225336980075,1.1512964963913,565.772171725661,0.01,0.01
"4731",18.4688292210922,25.9036625735462,69.1700474359095,99.1594521328807,79.2048215400428,66.6487324982882,81.4159921603277,0.0151878746720403,0.01,0.01
"4732",69.4094486301765,74.3927396833897,71.2573777418584,83.0022267764434,18.8819770468399,70.5254884203896,33.4843260701746,2.05571707671346,0.01,0.01
"4733",30.0758891040459,7.23128295503557,67.9125682683662,14.3453239230439,84.3851866200566,89.8588549811393,23.6180719221011,0.00690509731845291,0.01,0.01
"4734",89.1824424266815,88.770357798785,38.5935599450022,44.830399332568,97.63771770522,20.4136781161651,93.2658999692649,0.00487024103635892,0.01,0.01
"4735",47.7093758061528,26.1521811131388,70.790527225472,33.6478043114766,39.7126727504656,7.02951026614755,98.183795879595,0.00853119881564111,0.01,0.01
"4736",92.4520768690854,63.9659318840131,36.1190920695662,19.9680672260001,84.3367225024849,14.3837350653484,83.9554710779339,0.00278637882236365,0.01,0.01
"4737",90.5691404128447,24.4980659568682,3.34116963203996,5.31173432245851,60.5637036031112,26.6301931813359,77.9065388720483,0.00111138088790819,0.02,0.01
"4738",58.9113771915436,96.4596220990643,8.70869401842356,30.6111302692443,39.6927162306383,24.1062500979751,77.5829267222434,0.00981362175482017,0.01,0.01
"4739",12.6858613453805,10.0422093644738,63.1232033483684,93.4050832642242,18.8703027786687,28.2324136001989,93.2969944318756,0.0525569912254348,0.01,0.01
"4740",60.8363433275372,35.0303501822054,66.6817959398031,95.3022362897173,35.2222323417664,63.4605673607439,20.8203856833279,0.786101077941158,0.01,0.01
"4741",8.87874227482826,8.90063238330185,72.1290795598179,79.3096753070131,72.7429610909894,72.650482528843,4.86357307527214,21.7995326395907,0.01,0.01
"4742",59.0138254920021,96.8797503970563,87.4713682569563,55.9039584593847,50.7742147194222,95.4341518925503,81.5461291465908,0.0133378785410455,0.01,0.01
"4743",49.156712112017,2.38040643744171,49.1822060197592,77.2109991405159,9.12981471046805,6.78122125100344,49.9798718607053,264.444126800807,0.01,0.01
"4744",76.749189500697,47.9087971616536,94.8677460895851,25.900345062837,49.377821595408,1.86723775696009,33.7127370061353,0.926408217689695,0.01,0.01
"4745",41.3449101615697,80.4077233420685,47.9355192976072,72.898155474104,98.7336161313578,72.8454128839076,7.64891991857439,0.338825902165353,0.01,0.01
"4746",42.1984797110781,40.8818217227235,14.3814142327756,22.6155363023281,6.18919308762997,94.3485752446577,84.2088661855087,6.6170303728754,0.01,0.01
"4747",28.2475059153512,37.386486469768,17.2742779599503,89.4085382344201,88.2181346416473,71.4125358732417,81.9800938479602,0.012213110447319,0.01,0.01
"4748",7.19258892349899,45.1718349708244,63.8087743194774,89.6335724042729,16.1781327100471,35.3605351643637,3.06720172520727,679.630291368754,0.01,0.01
"4749",92.9670929210261,48.3023521257564,87.2162855928764,28.9384240284562,26.0382207809016,16.0686104092747,61.36040603742,0.018083113519234,0.01,0.01
"4750",31.1701450729743,30.0597021356225,17.2367367194965,65.2069694828242,69.6290276711807,24.8873697128147,51.4393624383956,0.0178562369722821,0.01,0.01
"4751",1.17094367742538,7.30221627745777,50.4046664573252,3.94749105907977,89.1809221589938,23.1707354076207,98.774587106891,0.000443009760009167,0.01,0.01
"4752",41.0970558412373,68.9991545397788,12.3795721912757,77.5155845563859,84.9354268750176,14.8905029520392,9.31184666696936,0.475620188506064,0.01,0.01
"4753",47.2662315005437,13.586674653925,34.8440397530794,33.9445168385282,9.04624287504703,91.2942222552374,92.5427299691364,0.376306061505186,0.01,0.01
"4754",70.1982016675174,86.0823196591809,89.5228599896654,44.973737327382,30.0523923244327,48.675689054653,80.646333610639,0.0183280423744074,0.01,0.01
"4755",58.6233700392768,24.8971574241295,19.302287325263,10.1077613187954,63.9111697208136,95.3741809586063,63.0932837957516,0.00246749187726232,0.14,0.01
"4756",57.0169062819332,39.5175758516416,99.4999116053805,51.0745947016403,91.8834939831868,98.9503903780133,83.0785093363374,0.00661037516726125,0.01,0.01
"4757",21.7938329325989,61.197324632667,96.9110372941941,87.9055254161358,98.7750558415428,69.1723524592817,70.7708592992276,0.0123984804765894,0.01,0.01
"4758",98.1339333346114,45.1441662851721,80.3313550772145,72.6941975997761,99.4579043705016,45.9353964310139,79.095103032887,0.00912369333224705,0.01,0.01
"4759",95.2757458202541,30.9326286194846,14.5558221498504,28.7387033225968,30.8341825148091,71.0778593318537,68.6802934622392,0.0133761362459244,0.01,0.01
"4760",2.6489902054891,66.2095518084243,86.6632217774168,52.7230019448325,1.62476955447346,1.46120984572917,15.7549182651564,147.03973993545,0.53,0.51
"4761",75.7015103474259,47.516258712858,21.9146359944716,72.7948639309034,69.6904610842466,19.4662937428802,82.954534329474,0.0124401770466764,0.01,0.01
"4762",97.3332280758768,41.7660949053243,18.6430524801835,15.8723023254424,18.5128535144031,70.1156553346664,82.4615490157157,0.0105737532998865,0.01,0.01
"4763",18.5836302349344,27.4275538511574,89.7641155635938,52.3489182814956,94.2027124110609,75.6508335703984,12.7322154352441,0.0443360277323652,0.01,0.01
"4764",34.8622656194493,24.0704147145152,13.7238185852766,35.4189949342981,85.4880726197734,59.9720554193482,97.8421702515334,0.00419134632805826,0.01,0.01
"4765",28.994871978648,25.4455347545445,42.7671727957204,46.4084011269733,31.2872497364879,92.8811685880646,63.7987566413358,0.0228926978147488,0.01,0.01
"4766",50.8757987990975,36.0086862463504,15.9882256528363,60.6547193601727,43.1877311551943,0.530591327697039,27.9631586512551,0.0859818579337666,0.02,NA
"4767",57.4735012138262,88.9077817555517,73.0465550208464,77.8586850734428,74.5604861760512,64.3962292699143,80.797487590462,0.0127654330662585,0.01,0.01
"4768",77.8639506548643,77.9097500722855,32.0684633683413,15.3324336744845,48.4101706184447,10.3804013459012,2.3774974513799,379.837312851462,0.01,0.01
"4769",54.3215921148658,17.7066880278289,94.583025877364,43.2951658964157,96.9361813971773,60.5865589808673,57.3084260569885,0.0076564266404713,0.01,0.01
"4770",67.6384953781962,41.7062767082825,32.5634406646714,16.0770594840869,82.7460842905566,37.2673745034263,40.8429962117225,0.00464291308279499,0.01,0.01
"4771",82.6578242704272,3.5673436941579,50.9938120609149,55.4800995159894,18.018169212155,65.2890522731468,80.6065255310386,0.0391953603260645,0.01,0.01
"4772",57.5893529690802,65.6552345724776,16.1319457693025,57.1702958084643,41.5524790994823,56.4392346423119,19.8216713033617,0.31222428667855,0.01,0.01
"4773",50.1459640683606,40.1979275047779,24.5243945624679,58.7048620916903,17.1399942599237,57.0522686466575,84.6606852021068,0.0406825979120975,0.01,0.01
"4774",16.3032542448491,76.7028760630637,12.2059145011008,27.4001725018024,64.4399399869144,69.1090099513531,57.9842902254313,0.00720869055234257,0.01,0.01
"4775",80.4659519577399,40.5636149458587,80.7883412810043,98.698978824541,3.64557777065784,14.420871110633,39.3965811701491,464.352667568621,0.01,0.01
"4776",61.7148153251037,83.3576685516164,80.5767093785107,4.15331656113267,69.2970498232171,15.7447004225105,39.6426190854982,0.00147440603496306,0.01,0.01
"4777",38.3341360138729,69.9308228679001,90.766263473779,58.1458974862471,8.9346363209188,8.16537055652589,89.6432737121359,1.6793349287143,0.01,0.01
"4778",95.4104725504294,26.4195071300492,80.7300149230286,71.4212629478425,38.1901460932568,45.7984703127295,40.6998260179535,0.0450739094022671,0.01,0.01
"4779",72.9065127437934,15.0027562165633,57.7085474506021,56.1374526936561,62.693034671247,1.44558867905289,93.4417109237984,0.0092013809968487,0.01,NA
"4780",1.50087201036513,68.613309552893,68.4620652347803,44.6665086084977,85.0915468065068,57.9334036912769,3.08615984395146,40.2335672198534,0.01,0.01
"4781",41.0883899778128,29.2921020882204,24.3732420960441,99.6633142465726,55.5245641618967,76.9447446800768,65.0594791863114,0.0271703367374148,0.01,0.01
"4782",82.2008226066828,89.2999861622229,0.727086281403899,42.5481968559325,66.2274886621162,6.74178788904101,56.7314293701202,0.011126915142013,0.01,0.01
"4783",86.2037534592673,89.2970550339669,37.6046860357746,79.2936520883814,41.9122907798737,93.5474360594526,36.2301442073658,0.0510372107825938,0.01,0.01
"4784",2.00692990329117,12.9424402024597,62.9246460739523,83.3740848116577,72.9353818809614,50.9500995278358,84.4638143433258,0.0133703603269516,0.01,0.01
"4785",21.5555906295776,23.9087462192401,68.6965937027708,77.4412195431069,87.4481564154848,57.3258350370452,52.4129279190674,0.0165759266934927,0.01,0.01
"4786",55.2070409292355,12.3255139216781,14.7574654547498,33.8418772211298,93.9795430516824,33.1165688112378,51.216847775504,0.00689396975479231,0.01,0.01
"4787",11.5914894267917,88.6584184132516,81.5013315295801,85.524497483857,53.6930605303496,93.8021048670635,63.0902647972107,0.0248522056482615,0.01,0.01
"4788",59.0377816231921,4.32475341949612,53.6963989026845,86.3880370743573,68.0555116152391,76.1495675425977,86.5215603727847,0.0144944315010585,0.01,0.01
"4789",66.0456060199067,59.9975827382877,47.6494771195576,37.7294403268024,58.9713419787586,58.0769740743563,4.97629572637379,36.9927271667117,0.01,0.01
"4790",62.156523251906,49.8556936625391,91.7788229417056,9.74353163037449,85.6520070694387,62.7628035610542,72.3768230294809,0.00155009928115124,0.01,0.01
"4791",61.6385994944721,52.4406708078459,92.6309286616743,53.2810003962368,23.4099761815742,57.1031267987564,72.4379119928926,0.0310443324061819,0.01,0.01
"4792",20.7877233624458,92.9680621018633,22.1555155469105,48.7069861032069,3.39905228465796,27.8952709166333,92.2008384019136,68.5410411002743,0.01,0.01
"4793",7.87046109326184,94.0040280343965,97.0555906416848,33.8101945817471,37.2519157128409,27.9607633594424,63.5793955996633,0.0140526884450282,0.01,0.01
"4794",7.53628767561167,15.3286612126976,75.3008516039699,62.3798127286136,19.788733124733,53.0281756073236,64.9168626172468,0.0527394956406785,0.01,0.01
"4795",27.282579569146,89.7730052471161,98.00541899167,34.7847178578377,52.0419713342562,76.1530835879967,75.5440189270303,0.0087316911165114,0.01,0.01
"4796",45.4548838781193,17.706779553555,60.1736020063981,30.4805417079479,65.8041075570509,53.7871264154091,21.5736268786713,0.0212320661766369,0.01,0.01
"4797",33.4102183347568,32.6539228437468,79.1150542907417,13.4556777775288,88.2347970735282,61.5339786978438,5.93326985836029,3.08192012672229,0.01,0.01
"4798",79.0063630323857,12.6765578985214,48.7279608380049,86.8076949380338,11.0064836917445,24.1815537912771,48.4780130907893,9.91344753780153,0.01,0.01
"4799",46.3453583884984,77.8829485643655,5.37322124000639,75.6543154362589,48.6612338805571,16.9878730550408,64.3462902866304,0.0237908400797727,0.01,0.01
"4800",48.1950086075813,98.7390293274075,25.8240520488471,80.7146711973473,54.4822331517935,36.6471007931978,13.4997198823839,0.66163978891584,0.01,0.01
"4801",2.51647611148655,57.2579082567245,56.8720903480425,90.383335808292,94.5697178598493,45.2204422559589,28.9424959337339,0.0319156730801884,0.01,0.01
"4802",40.1239460334182,61.0438354080543,96.1653062375262,58.4663500776514,10.3239227551967,23.2220627600327,9.04708607122302,541.143083369719,0.01,0.01
"4803",0.677429628558457,25.7924310164526,82.3643057374284,52.0807658554986,40.3686676174402,66.0465934779495,24.5526340324432,0.110850660650526,0.01,0.01
"4804",78.9724172791466,31.7822772311047,79.5655438909307,79.3325145263225,54.589880630374,54.9865343840793,92.8248149110004,0.0154863469125461,0.01,0.01
"4805",54.5473112957552,89.6030699368566,73.3379420125857,48.3782451832667,89.0248548937961,69.4723048480228,26.4720933744684,0.0197801080875421,0.01,0.01
"4806",98.1347197899595,63.7087316252291,72.6335656363517,78.5004757577553,69.3618699209765,12.6871841726825,64.3672348931432,0.0173071859805257,0.01,0.01
"4807",37.9285189788789,20.5668771639466,60.2225721813738,92.6189927151427,40.8172771567479,1.59459873102605,20.1687354594469,22.8812394176728,0.02,0.02
"4808",44.6889916667715,56.9241238525137,17.5673448713496,14.0311811352149,79.2426644358784,10.4088871506974,30.0904831383377,0.00569373252719597,0.01,0.01
"4809",51.3788611162454,41.4011819288135,75.3093259176239,90.5458806548268,8.92851459793746,17.5708378199488,78.4838893916458,2.11085034653254,0.01,0.01
"4810",23.4259322052822,56.9290892453864,73.3711279463023,55.8804881060496,35.1197046926245,84.9081574007869,77.5962339248508,0.0202436400152604,0.01,0.01
"4811",13.4543357882649,74.1292820079252,93.5224600369111,74.0361219737679,12.226400570944,87.4067453667521,48.8024149788544,3.03253633929355,0.01,0.01
"4812",34.8153940401971,23.9315748214722,54.3160892091691,78.3454436808825,26.9294997211546,58.0440288875252,22.212367830798,3.06368059284509,0.01,0.01
"4813",97.959324484691,44.2288856254891,92.4994848668575,56.2999451067299,10.3581848554313,53.2693258253857,80.7243122486398,0.378629241493263,0.01,0.01
"4814",28.390516503714,63.3409368572757,6.32514480967075,92.2170881880447,40.8569934312254,13.8467892771587,97.9826642898843,0.0228012643680019,0.01,0.01
"4815",50.229479954578,33.9720781426877,9.65868507046252,68.8338461564854,71.3727733120322,77.4342958815396,67.4023152794689,0.0140989119895436,0.01,0.01
"4816",83.0352270044386,41.958177019842,4.21028665732592,16.9967375695705,61.7022100137547,82.1206729160622,80.5001141736284,0.00337985790544166,0.02,0.01
"4817",16.3739925483242,5.40995593182743,71.7175767291337,39.3612651852891,69.7085614781827,75.5465619266033,11.1151769990101,0.509468772106448,0.01,0.01
"4818",7.26884647738189,72.710780496709,32.4572923127562,76.8435193691403,95.4859284916893,39.5311071304604,67.1112074749544,0.0118146699732275,0.01,0.01
"4819",1.78353076335043,78.4087607637048,61.6516158916056,40.5709121376276,48.3106521656737,81.0966156423092,81.5346652641892,0.0101747124194886,0.01,0.01
"4820",6.26005616504699,54.5463974121958,88.1156207062304,97.4801304051653,83.0336570274085,86.4435488590971,10.8610660769045,0.171898148913921,0.01,0.01
"4821",39.1163325170055,39.5737714832649,40.2192006353289,68.7589786481112,44.1251016221941,52.6041998527944,76.7157488269731,0.0200499775726725,0.01,0.01
"4822",14.7593767615035,19.1919694421813,42.3899990739301,27.9166048858315,95.3497067093849,98.8138975109905,50.766203715466,0.00565520576852087,0.01,0.01
"4823",45.5440044635907,23.7282599322498,60.1848204853013,72.2477695439011,63.3824578020722,20.478878938593,94.87047677394,0.011883995003527,0.01,0.01
"4824",65.4279150301591,21.4907692046836,60.9506149310619,67.9406767012551,15.8248740248382,74.6010009199381,72.3283456638455,0.0734105951281421,0.01,0.01
"4825",14.5640129921958,44.6805666899309,20.9630994591862,52.3062317166477,40.4409895651042,15.7203715760261,49.803135287948,0.0254611930297048,0.01,0.01
"4826",35.6499450514093,22.2246367717162,69.2339222878218,64.9835522985086,57.4542171787471,20.5460626631975,52.4492969736457,0.021149530883824,0.01,0.01
"4827",25.9282864863053,61.5837100427598,58.1637534312904,73.7463011173531,17.3483551247045,59.1097792377695,33.1330743618309,3.82307937212623,0.01,0.01
"4828",89.8086975561455,30.3581843385473,5.83576250355691,25.5786577006802,35.7429094845429,17.7426857640967,59.6075150184333,0.0118081175528946,0.01,0.01
"4829",31.2644392019138,97.8573550237343,65.3674337547272,47.2718470729887,37.6948063960299,61.3159933360294,19.4168996531516,0.671799836366817,0.01,0.01
"4830",5.37600987590849,76.2937519233674,19.3805709946901,65.6525229569525,1.96789808105677,78.3610221231356,20.5302121816203,768.601542030846,0.01,0.01
"4831",93.4140240307897,91.7187898885459,44.7438199771568,45.0903601245955,50.7803873391822,73.1380387675017,4.1415924904868,85.7095454974485,0.01,0.01
"4832",15.7362488564104,38.0754745798185,73.1408281251788,22.5368543993682,35.025638807565,40.284524904564,6.68294813949615,96.4335139253762,0.01,0.01
"4833",83.6391153046861,75.5342933582142,76.7689534695819,75.517137371935,24.2134437197819,96.9239966245368,37.5915571581572,0.191608436859326,0.01,0.01
"4834",66.2843286525458,5.64504803624004,68.502691667527,98.7280398607254,39.2168045742437,45.6529286690056,82.3462477885187,0.030181390184316,0.01,0.01
"4835",96.9587208237499,92.7224649814889,58.4596434608102,26.1123390868306,31.3871241407469,54.1039732284844,3.48478069063276,288.579199763709,0.01,0.01
"4836",87.0692519005388,44.22522992827,52.5738496333361,39.3569986103103,64.6958220284432,43.87759976089,22.1221013693139,0.026856906267742,0.01,0.01
"4837",45.88030311279,54.4369196286425,20.271171303466,9.9631137214601,12.3898484976962,54.0750455576926,70.5353401368484,0.221060651588242,0.01,0.01
"4838",0.317604816518724,95.6401045201346,64.9191758129746,55.7459068717435,34.8847225541249,2.93593830429018,82.9476432409137,0.019020144548609,0.01,0.01
"4839",37.1470698853955,54.5722764451057,42.7539329510182,13.0146519979462,18.7221414642408,45.9955304162577,20.8060036646202,23.7156587030283,0.01,0.01
"4840",56.1721284408122,71.0679362295195,22.5768551230431,71.9854393275455,65.1476806262508,72.4250510567799,77.656669379212,0.0140475400886278,0.01,0.01
"4841",9.56218165811151,22.3273252369836,20.0475989608094,8.38339771144092,76.1172137688845,33.6715524550527,8.00781555008143,2.02270477198395,0.01,0.01
"4842",73.435829160735,54.5951656298712,95.0320707866922,54.359799111262,32.9563603270799,84.2191745759919,87.0947599876672,0.0187222393018182,0.01,0.01
"4843",66.4685101946816,23.1193690560758,42.6340894773602,77.0492733223364,25.5988249322399,90.4892040183768,36.3195509416983,0.18478112097888,0.01,0.01
"4844",64.1143174609169,26.7418746370822,91.4580625714734,60.8195482986048,70.1838908251375,21.013170783408,59.4973091036081,0.0143139642947278,0.01,0.01
"4845",43.6730184592307,60.1749991765246,70.7654760684818,60.4686760576442,19.6921152761206,0.19673288334161,62.0160903781652,0.0437135882912583,0.01,NA
"4846",3.97283064667135,41.835720767267,51.8604944925755,32.5814360519871,9.61792494636029,50.2676251810044,28.1886474695057,86.7466933953872,0.01,0.01
"4847",27.5621479842812,72.4435962736607,26.8029640894383,72.8117430815473,70.5881078727543,42.1176970470697,53.0367857310921,0.0190879966607026,0.01,0.01
"4848",65.1859739562497,35.7017865637317,37.1255612466484,77.482764585875,88.7310074875131,62.7811637939885,40.8657195512205,0.0208562031933716,0.01,0.01
"4849",36.7457643849775,35.9077929519117,17.2827067784965,52.048123232089,86.9796807644889,63.6965885059908,51.1743194656447,0.0114684940194204,0.01,0.01
"4850",28.4553185338154,81.1453852104023,13.3389532100409,62.3158980393782,89.0291861491278,4.97076530009508,47.1857657888904,0.014520463474163,0.01,0.01
"4851",65.5758679378778,1.63919527549297,24.235179554671,15.0636653183028,9.78470665868372,26.0901888133958,87.6760380342603,1.67374017388103,0.01,0.01
"4852",45.6154524115846,74.6675920439884,78.6464446224272,68.0494825355709,15.6827474711463,99.4360019918531,19.5527663221583,47.2344474578198,0.01,0.01
"4853",41.878901142627,91.4035454858094,1.49071065243334,76.0174754774198,30.2285359008238,18.1415040278807,83.2902923459187,0.0298338701645644,0.03,0.01
"4854",54.2983934283257,50.8111437084153,54.6932931756601,0.0696777366101742,57.7716405503452,86.3606543047354,74.0059623960406,1.61893025624419e-05,0.07,0.01
"4855",59.7540788818151,63.5773870628327,12.3467742232606,35.4289175011218,62.3182818526402,27.0833675982431,21.0378522286192,0.027917837329825,0.01,0.01
"4856",1.87806424219161,27.7410038514063,73.2063849689439,77.6646227110177,88.5024134768173,54.7996039735153,13.143547391519,0.0690516990162955,0.01,0.01
"4857",9.07520391047001,97.6838859263808,28.7456289399415,49.2180700413883,37.8267944790423,97.3483972717077,54.0029376512393,0.0236573187531068,0.01,0.01
"4858",40.2380288345739,52.7549712685868,91.73700788524,13.678401755169,61.9523603236303,8.29521557316184,54.9052265239879,0.00394568102572217,0.01,0.01
"4859",16.8833601521328,21.6594557045028,58.6923098191619,18.4886678820476,98.3231044374406,17.8525820374489,92.6045642467216,0.00200732190099949,0.01,0.01
"4860",18.0686274077743,87.0601842645556,14.4909435883164,52.775564789772,16.9105190318078,16.8588685104623,26.4775913907215,21.3893898940244,0.01,0.01
"4861",49.5915147010237,28.2835587160662,29.5621190220118,85.0844547152519,47.0615413039923,99.3972878437489,20.5520651070401,0.139532094829448,0.01,0.01
"4862",10.1891284110025,91.7727942112833,95.4522045794874,21.1023150244728,53.1512886751443,72.1794588724151,49.3566951015964,0.00788390804382378,0.01,0.01
"4863",37.4722322914749,16.8159188237041,98.9480035146698,60.04050928168,57.6487856218591,39.2690596170723,46.4936421718448,0.0219158169172116,0.01,0.01
"4864",19.6974016493186,35.6664940482005,55.4669792298228,53.9792618714273,49.929423048161,61.2313360674307,82.8163343248889,0.0128975147588219,0.01,0.01
"4865",24.1716690128669,93.6646571615711,84.9999801954255,49.172410950996,0.636181468144059,16.6879808763042,48.2742083491758,818.686560483757,0.02,0.02
"4866",44.0478005679324,52.6361843571067,19.140184065327,61.0082725528628,64.6419996628538,74.5215541450307,80.2078902954236,0.0116215967141761,0.01,0.01
"4867",94.4350504083559,63.2040643831715,84.3835623469204,54.7675941605121,77.0479437895119,16.4699063403532,75.3496146993712,0.00930667573258743,0.01,0.01
"4868",70.8932850277051,34.1676244046539,5.60713952872902,83.1566577777267,1.47006371989846,79.4338440522552,95.3095383243635,291.592983352533,0.01,0.01
"4869",1.98366255499423,93.532621092163,20.7149817375466,93.6288814293221,36.9106851518154,97.5768333766609,48.9606203045696,0.050786686360242,0.01,0.01
"4870",32.7702204696834,15.5477960128337,41.6269164299592,31.3940476858988,56.1534144449979,76.2690979288891,90.7636164454743,0.00609180261573415,0.01,0.01
"4871",51.8094092374668,86.9525619549677,43.4099361533299,60.1835983339697,34.3341752421111,10.4613977018744,89.9927591206506,0.0192612102955093,0.01,0.01
"4872",55.8845714200288,85.8908988069743,1.01876652333885,82.811672356911,21.4565054746345,69.5504181785509,56.5760452998802,0.0729991632320014,0.01,0.01
"4873",50.6405524676666,38.7027718126774,74.5109390933067,79.6093268785626,46.6965953819454,23.2959175948054,15.9396163653582,0.843806698360869,0.01,0.01
"4874",91.9969986192882,30.8330236002803,48.2492537237704,68.3857114054263,76.3977898284793,31.3580395421013,34.6680524758995,0.0250907951435675,0.01,0.01
"4875",81.3673579366878,17.9982336703688,93.5182629385963,17.7960697794333,44.9636272387579,91.3137051509693,58.2339701242745,0.00668044297313918,0.01,0.01
"4876",50.4397981800139,89.8121348815039,97.5602652411908,13.8015840668231,8.87102528940886,35.6449886923656,14.194008638151,350.636454678124,0.01,0.01
"4877",79.5339780859649,35.1552292238921,5.99537394009531,52.3118556244299,90.2349785901606,42.2671729698777,69.0712125040591,0.0082728406425821,0.01,0.01
"4878",40.9059842349961,95.134247536771,44.1919946810231,40.2620981680229,76.2835877016187,11.9350826600567,85.5697801336646,0.00609568276245275,0.01,0.01
"4879",73.2439367566258,56.0671526705846,43.2193435030058,95.6157057080418,21.2160413619131,69.4563798606396,64.5675686420873,0.0700660589064102,0.01,0.01
"4880",45.4661722527817,75.4424912622198,21.6155330883339,13.7518665986136,87.9939065780491,68.069387646392,5.32743884250522,4.8165202218281,0.01,0.01
"4881",39.9391101906076,95.6420278642327,45.7047261763364,6.02069890592247,68.1728293420747,50.6025202805176,83.5845268797129,0.00104406439636606,0.01,0.01
"4882",64.0069235581905,67.7642498165369,28.5969726042822,82.5492816744372,14.0140568604693,59.6388443140313,30.653039785102,15.6525682190863,0.01,0.01
"4883",6.95980701129884,86.1783124972135,62.0331809623167,6.87673003412783,82.0528466021642,91.7003418784589,89.6857009269297,0.000924177905792911,0.01,0.01
"4884",5.698401783593,93.3678395114839,39.4499232294038,27.9899189947173,7.72071396932006,50.3528579836711,52.1380664547905,23.3174925572635,0.01,0.01
"4885",70.0639529153705,42.5258663017303,18.4192553628236,75.1705050934106,8.81951875053346,34.0501891216263,74.6415108209476,2.21597492562454,0.01,0.01
"4886",21.4138651499525,72.1012133639306,3.53419992607087,94.5452963234857,7.0644177030772,42.2911468194798,16.1030819173902,395.936719247889,0.01,0.01
"4887",75.0076503027231,87.1768923942,17.2736851498485,33.5985132725909,4.48507016990334,79.5720401452854,90.6211637193337,20.1889148364571,0.01,0.01
"4888",32.7039221301675,1.84884227346629,71.4132215129212,46.3336510583758,62.0884695090353,82.4780029244721,12.8827456617728,0.645993497286466,0.01,0.01
"4889",2.11537685245275,54.0340851526707,28.7931989412755,81.7342719063163,61.7033087648451,43.8372713048011,82.0685658836737,0.0159454449265849,0.01,0.01
"4890",89.9353737011552,19.5364878512919,13.7969534378499,37.0644608978182,66.2360265152529,72.6263128453866,85.2907499531284,0.00648440766518464,0.01,0.01
"4891",80.4108249954879,82.7639864059165,20.4389308346435,50.5434829043224,22.0405342057347,39.9852179223672,73.3202544273809,0.0309842806452594,0.01,0.01
"4892",83.8695213431492,69.599992246367,55.9981806203723,98.0453930795193,57.8865867573768,32.3772260686383,35.7101572444662,0.0461357610612769,0.01,0.01
"4893",85.3323329007253,61.4829785656184,8.68081108201295,5.895159766078,3.79617011640221,9.50188871938735,96.1977334693074,81.2459891004471,0.01,0.01
"4894",85.9413641737774,50.2815496874973,78.9590370375663,71.7285907594487,68.9307385822758,25.1416886923835,52.3131630849093,0.0195134361654079,0.01,0.01
"4895",9.75132528692484,23.6788080772385,49.5757151860744,57.6235661050305,47.9737422661856,22.56892954465,1.15731756668538,485.596708415831,0.01,0.01
"4896",5.10637788102031,73.6053745727986,13.0571086425334,27.6767619652674,60.1832884829491,76.4380551641807,42.3415890662,0.0106104536998455,0.01,0.01
"4897",53.3145000226796,39.1390581382439,26.2006782460958,31.1843508621678,49.6871279552579,8.98561330977827,64.82584385667,0.00953148603756644,0.01,0.01
"4898",20.722663984634,50.6230785278603,97.9758282890543,90.8828240353614,95.5054172314703,54.1393398307264,85.1296727545559,0.0110463815273427,0.01,0.01
"4899",43.7992413993925,27.2537531098351,47.3916812799871,17.8185478784144,26.9932714290917,89.0017801430076,79.577850154601,0.00819265737335371,0.01,0.01
"4900",90.9184899413958,18.6266152886674,92.0019445940852,89.5404661772773,3.87330637313426,58.6725068977103,74.8835999751464,73.3132464097868,0.01,0.01
"4901",59.4916220055893,52.2761395899579,68.2050846982747,1.11837300937623,79.2820439208299,34.6610965905711,77.9020309215412,0.000178746247682317,0.01,0.01
"4902",21.9848902663216,7.25502194836736,36.6719844518229,78.5166705725715,30.7588374242187,53.9772951509804,58.5625951411203,0.0428850407088975,0.01,0.01
"4903",64.4876964623109,21.0636189207435,79.0347018279135,27.8917954536155,17.9016524460167,95.3094291966408,31.7174301715568,3.94269489548939,0.01,0.01
"4904",54.3872279813513,58.7285877205431,24.358102446422,10.6176168657839,15.2945463778451,32.406605547294,50.8051679003984,0.623895293378693,0.01,0.01
"4905",1.79024923127145,75.1418615924194,14.4498868146911,1.74125514458865,69.4954881211743,11.84107568115,7.748111942783,8.14407452430633,0.01,0.01
"4906",41.2448933813721,62.6702002482489,96.3485277956352,96.1101184366271,59.016673034057,1.97167366277426,10.8056354569271,41.0734933395555,0.01,0.02
"4907",8.72335028834641,95.3931305324659,64.7135850274935,81.0549964429811,15.6660138163716,18.6332314508036,1.96103223133832,585.289060538725,0.02,0.02
"4908",88.9016658533365,99.9740542145446,53.2314028823748,41.2955295760185,15.1121559320018,22.6195164956152,37.0535973925143,5.63299260693522,0.01,0.01
"4909",24.6578092454001,82.2047975379974,70.938685326837,3.38256051763892,24.9894429463893,24.4743167655542,95.6987080164254,0.00140008569857373,0.01,0.01
"4910",43.054540711455,25.4282505484298,34.6971736755222,43.68585573975,24.1755618015304,22.7512397337705,25.3320987103507,3.76725125743913,0.01,0.01
"4911",95.6576859811321,27.1228644996881,70.0598390540108,79.2016418883577,46.2047477485612,52.4099671049044,10.4522441979498,7.34415584769962,0.01,0.01
"4912",90.5190169345587,62.106713745743,91.9370476156473,68.4929598588496,69.8647285811603,64.4888330250978,85.0791506236419,0.0113879710574434,0.01,0.01
"4913",82.4394310591742,64.5866169594228,36.7655389476568,46.9576669158414,31.7016500979662,84.4490852206945,45.7317873602733,0.0322081852448975,0.01,0.01
"4914",3.78741801250726,71.2656530784443,29.7568629030138,62.3013344360515,48.4423125162721,68.8277053413913,83.0257971072569,0.0153056581897002,0.01,0.01
"4915",30.773275019601,46.820240165107,19.9685401516035,96.5831012232229,55.2541402168572,21.6102381702513,19.2227593623102,0.118747675034293,0.01,0.01
"4916",30.3342800587416,99.0200443891808,71.4262770256028,78.4883632790297,93.8432670664042,16.6976020671427,4.62903000880033,9.99037452087124,0.01,0.01
"4917",53.5026651574299,46.0941965924576,81.5916479565203,6.74856309778988,61.9877696037292,73.676296020858,82.7577885705978,0.00129966553624181,0.01,0.01
"4918",7.43054086342454,13.3078558603302,29.6865396434441,52.7091785566881,54.1442871326581,41.8310511857271,99.2448252858594,0.0097091611447089,0.01,0.01
"4919",1.8029997125268,82.367831771262,38.2763725938275,81.4081645105034,56.331626442261,3.58541829045862,87.8603639546782,0.0162526329731141,0.01,0.01
"4920",18.9486410701647,80.3855014033616,71.1007931968197,12.4733857344836,40.4699062462896,64.0145248034969,82.5370560167357,0.00368943110796904,0.01,0.01
"4921",93.9345031278208,13.6512421071529,97.3068450111896,83.9793344028294,82.561804796569,16.9274513376877,69.112150836736,0.014477556425533,0.01,0.01
"4922",13.1350082810968,47.8062408277765,82.9454379389063,10.0187811302021,31.7227102583274,12.8159367945045,75.1058716792613,0.00414830727430643,0.01,0.01
"4923",37.3712789965793,36.2128526670858,88.1267354823649,33.3805914968252,61.1648504855111,21.0650003748015,73.9740579621866,0.00727572552949548,0.01,0.01
"4924",38.294882257469,62.0198590680957,76.5950857894495,85.021216282621,92.3274908447638,87.7332175849006,38.1751310545951,0.0235050554465681,0.01,0.01
"4925",17.8053301991895,70.6025509862229,75.8435879833996,78.3045367104933,59.0009961510077,28.3228937769309,14.2796968575567,0.308150024701226,0.01,0.01
"4926",76.1568581918254,73.1910841073841,0.576297449879348,85.270238853991,17.3073672456667,14.2939868150279,44.7914595948532,1.02336420459171,0.01,0.01
"4927",30.1975245587528,18.5411901911721,50.7842452730983,19.9945158092305,65.221091080457,6.81849936954677,82.4641071492806,0.00366652352053676,0.01,0.01
"4928",64.5937684457749,64.5934806903824,54.3673063861206,10.9222739003599,28.4326252527535,93.6693622497842,49.2172067053616,0.00850746049793948,0.01,0.01
"4929",45.483711711131,4.62615287397057,46.8028554227203,76.2436426011845,96.0596289718524,98.7831224454567,62.8028388600796,0.0124337959883116,0.01,0.01
"4930",6.45433377940208,93.3129583951086,78.1395925208926,13.5747347492725,54.6325869392604,60.5563696241006,6.44609725568444,22.1783365394218,0.01,0.01
"4931",23.3285454101861,44.2957646213472,66.6065084515139,53.1878057168797,55.7630458148196,59.5427983207628,94.1799609456211,0.0100203081986239,0.01,0.01
"4932",6.92232742439955,7.06647799815983,53.3288778970018,54.233979107812,40.6217829324305,28.7763929925859,90.7941663870588,0.0145331436348663,0.01,0.01
"4933",90.3296083444729,47.628580359742,10.3703752160072,93.6505023390055,89.1581887146458,61.8035852676257,10.9374020481482,0.122104422983302,0.01,0.01
"4934",25.94887947198,9.07866454217583,79.0635120589286,89.2142617609352,1.03642900940031,29.5075529953465,18.536465591751,924.768309688762,0.02,0.02
"4935",35.3207653388381,13.7750344583765,61.4580613793805,49.8530469136313,46.5496092801914,87.9233982181177,12.6387606374919,2.67416233281337,0.01,0.01
"4936",32.1282207965851,89.9545825319365,4.61953543126583,58.0451782327145,45.5716523574665,29.2034827638417,80.7417668169364,0.0155818613713889,0.01,0.01
"4937",0.219163135625422,19.8985754977912,62.3827742412686,65.8956427825615,6.99828437063843,25.3535796422511,90.2723054867238,5.20357971655407,0.01,0.01
"4938",91.6519572492689,27.6841504499316,12.1106717269868,84.5963313011453,56.7225940991193,51.4024832751602,9.79402386583388,3.34096977502415,0.01,0.01
"4939",54.1533554205671,87.704578996636,6.5739149460569,11.5582194877788,7.44752038735896,56.1021890258417,16.6906172176823,328.191821847008,0.01,0.01
"4940",82.4217092245817,4.95863910764456,69.8411887744442,78.5406927810982,84.0911127859727,13.7911724159494,14.6546385483816,0.0796142016044314,0.01,0.01
"4941",44.5629671216011,24.821211444214,36.9018234545365,14.7375575033948,60.5764365522191,71.2313800351694,22.7212456520647,0.011222523034447,0.01,0.01
"4942",94.2592055303976,34.6760286716744,33.7848376715556,26.1433268431574,23.0383349815384,55.3720095194876,85.3758169570938,0.0131410121790437,0.01,0.01
"4943",83.5055558243766,79.5836652396247,99.4456501211971,98.5052516683936,38.3259434020147,14.9018791038543,14.4752562278882,6.04056204122384,0.01,0.01
"4944",11.1394927138463,16.2187492242083,4.74629197269678,92.157214647159,89.1972570680082,75.7375873159617,36.2561223329976,0.0277296395594675,0.01,0.01
"4945",94.8812201851979,41.001950786449,83.4712775656953,48.3239821856841,4.62596300058067,99.928113236092,86.5288557251915,21.5130349832288,0.01,0.01
"4946",95.0672321254387,16.0043821902946,87.1621899306774,3.95207046531141,22.4731365218759,39.9772056145594,49.5303565403447,0.0281420118844647,0.01,0.01
"4947",19.8971702484414,96.3172808056697,72.7814394515008,80.3345702821389,82.8695673495531,75.7064510136843,36.980463960208,0.0255228159687813,0.01,0.01
"4948",3.13814361579716,74.26488394849,10.7945752330124,20.6944710342214,40.1260417420417,6.92352375481278,30.3762569092214,0.0582077097466556,0.01,0.01
"4949",28.2268738839775,89.7764762863517,25.9817128302529,28.15911101643,71.8878038460389,3.99420550093055,27.037669508718,0.014055431835522,0.01,0.01
"4950",13.4878566022962,37.0041266316548,32.3990705655888,42.1523840399459,81.6397053422406,57.8309032367542,28.6029919749126,0.0174403332962856,0.01,0.01
"4951",33.3997163455933,89.5158139057457,67.0558874728158,69.4261840777472,27.2081200033426,16.6301660938188,23.3302163425833,3.1032437795701,0.01,0.01
"4952",42.9102230351418,47.5018072873354,38.6415064334869,30.1642424892634,30.6726781651378,17.1788003761321,1.85383728239685,613.497836073422,0.01,0.01
"4953",83.0433001508936,96.20580105111,56.5407161833718,92.6507013384253,39.7605556529015,52.9794628731906,2.18844490591437,326.486214989998,0.01,0.01
"4954",62.6706191338599,47.8339181980118,43.1858797790483,60.2947322651744,61.707281274721,55.6464201305062,11.7133720312268,0.633249414180256,0.01,0.01
"4955",37.2780042234808,34.5177499810234,73.0763946194202,7.83175104297698,83.5428968537599,70.9170988993719,63.9922705246136,0.00144222126411869,0.01,0.01
"4956",34.9691141629592,11.9160832138732,95.1319754589349,62.4911287566647,42.465857998468,70.7823295146227,17.7514535374939,0.673675961101249,0.01,0.01
"4957",94.5096288574859,35.7503300765529,70.0838355580345,24.5215829694644,36.2439452670515,23.5879505053163,83.7689381791279,0.0079793250008231,0.01,0.01
"4958",92.6911087473854,88.0026020575315,9.91891082376242,31.0695465421304,30.1747165853158,69.211575621739,81.4700260292739,0.012485121545694,0.01,0.01
"4959",19.9894344434142,16.9113750569522,84.3831735197455,95.385294733569,4.07204108778387,66.7259855661541,95.1561242341995,29.566964715846,0.01,0.01
"4960",91.5481588803232,32.6367418048903,29.1404233546928,87.5364883570001,0.155470566824079,44.3660080200061,1.71237937174737,963.603512861041,0.3,0.26
"4961",67.784161423333,7.41761354729533,96.203865064308,38.0430558230728,45.6976956687868,79.6853936510161,19.2118236795068,0.225012197524218,0.01,0.01
"4962",0.965424044989049,56.6133822081611,23.8967692945153,45.8186839241534,52.1370775531977,53.9706971729174,15.8474622527137,0.29909509946883,0.01,0.01
"4963",75.2547153737396,18.7940776580945,78.7011333974078,38.9614081941545,48.0948561104015,52.4892715504393,44.6504028979689,0.0177418683138387,0.01,0.01
"4964",80.7037206366658,52.7966051362455,81.0187875758857,64.4990327302366,76.8698838539422,45.0296047609299,70.0936087174341,0.0118005482367606,0.01,0.01
"4965",57.5664325151592,87.7631742041558,45.844613830559,18.8728120177984,57.2231694124639,52.3326047463343,31.8393402267247,0.0100532779027639,0.01,0.01
"4966",34.577273321338,59.3505792319775,11.2379705067724,18.2032914599404,63.90214713756,45.6079803407192,30.8653931831941,0.00894208602231901,0.01,0.01
"4967",82.2836671490222,40.9843688597903,87.503210362047,46.9769993331283,2.97120627947152,37.6704507973045,13.4213307872415,825.633162341904,0.01,0.01
"4968",59.6131972735748,3.29222935251892,47.6649947697297,29.3718989705667,54.1219242848456,48.6203691223636,0.575933139771223,495.003116452292,0.01,0.01
"4969",45.3421268612146,73.6733943689615,19.5899189915508,87.7538349945098,65.0576690677553,2.85392364021391,36.0689603025094,0.0363716929722602,0.01,0.01
"4970",8.25809447560459,41.1489436635748,37.3044047271833,76.1539009166881,99.5005375472829,28.9665409829468,54.0611354168504,0.0138978139725861,0.01,0.01
"4971",23.2345946831629,42.350025428459,86.5942443953827,32.0299607003108,0.639166636392474,73.6395788611844,40.2406873181462,890.053751503101,0.01,0.01
"4972",70.9277756977826,68.2630254421383,41.7219045339152,13.534420542419,38.8916492229328,3.50079222116619,26.2384160188958,1.15620582262473,0.01,0.01
"4973",47.6584254996851,87.8075630869716,35.2285238681361,8.26008573640138,21.4114249218255,27.5036315433681,60.9660587506369,0.00949640388183231,0.01,0.01
"4974",56.6116128815338,57.239454286173,59.1085980879143,22.7839604252949,4.46872932370752,79.2578822001815,48.248563054949,133.752935910736,0.01,0.01
"4975",39.0870296396315,26.0874126804993,66.2357314256951,66.2560322321951,29.6129925874993,26.9779393682256,68.211336247623,0.0323230185372244,0.01,0.01
"4976",47.4480961449444,77.9938962543383,63.7810060754418,35.4387765051797,30.0624940544367,68.8525559380651,42.3824331955984,0.0302321770600512,0.01,0.01
"4977",95.3085286077112,90.2431894326583,3.15533950924873,60.7076832093298,28.5529147367924,16.8254872784019,32.7087596757337,0.210180304905214,0.01,0.01
"4978",69.9912680312991,1.26534702721983,79.3747293297201,38.8896382879466,62.5706001184881,59.7678584512323,80.3724650992081,0.00760763221226178,0.01,0.01
"4979",96.629671100527,92.1019875677302,33.8120282394812,32.0022924570367,86.847197310999,28.1041572568938,46.6593964258209,0.00773120422073646,0.01,0.01
"4980",76.8211776157841,97.320328396745,40.9243941307068,47.9457975598052,91.1685222992674,20.4294323222712,86.9379582349211,0.00597975935758448,0.01,0.01
"4981",36.0714314039797,28.6259993212298,73.0605687946081,58.9145485544577,45.1487844344229,75.4841921152547,83.0402120482177,0.0155253394059803,0.01,0.01
"4982",99.202967970632,7.94626951683313,3.84285131003708,4.72143443766981,19.0971386851743,94.4722709711641,49.7238436713815,0.115487983103846,0.01,0.01
"4983",9.49321684893221,39.0542058041319,45.700401510112,31.4749656710774,9.53967906534672,37.7818431472406,68.5063701122999,2.35210039799732,0.01,0.01
"4984",45.6153998849913,76.7332593910396,37.8769497619942,48.5970750683919,29.2249334510416,46.8511937186122,87.1124197263271,0.0188717689883252,0.01,0.01
"4985",39.7044901736081,37.2711765579879,37.524596741423,61.848461185582,87.920506275259,29.2797877686098,79.0372458519414,0.00878763381029796,0.01,0.01
"4986",58.9851979166269,91.777417762205,32.1375447325408,28.8873361889273,1.07660370413214,95.3799232142046,90.6678494531661,424.022655859666,0.01,0.01
"4987",74.625052860938,26.2250477448106,48.4113666927442,54.3895040173084,52.5985694024712,29.3628793442622,3.1413241289556,160.198761595575,0.01,0.01
"4988",91.8183300644159,46.381049673073,31.6051291534677,41.1040466045961,59.1026762034744,59.1486584860831,88.5277116671205,0.00776782476762839,0.01,0.01
"4989",1.27547339070588,72.7941260207444,80.1706607220694,47.6250204723328,24.3248902261257,34.4392507569864,28.5392721183598,1.44034579843608,0.01,0.01
"4990",31.6869422560558,89.7918423870578,16.6944824624807,5.11339395307004,90.2208578307182,3.39763609226793,87.5067300628871,0.000639961597722155,0.01,0.01
"4991",57.8925797948614,69.8412566212937,92.8485052194446,70.2610071981326,18.2790925493464,33.6160791805014,91.0695216152817,0.0418361719098785,0.01,0.01
"4992",45.041852327995,0.143134780228138,49.2955266265199,43.8995263772085,65.2354210847989,95.4156170366332,17.661633878015,1.23173223833013,0.01,0.01
"4993",21.4775871485472,24.7164445463568,22.843105555512,22.5879601901397,72.4064633948728,25.929180928506,68.3076868066564,0.00450016426360287,0.01,0.01
"4994",2.45998553000391,87.7669152803719,38.8748021796346,52.5643895147368,14.3351933686063,75.8049306459725,30.4474874166772,14.5251209414748,0.01,0.01
"4995",5.02220168709755,86.6406048415229,39.9291413603351,5.52343174349517,7.72714943159372,66.5350079303607,83.8129478041083,1.97143444498107,0.01,0.01
"4996",37.6679635141045,70.3354306984693,3.42191413510591,32.7562498627231,83.4634103346616,82.8212927328423,83.0626043258235,0.00466875230498204,0.19,0.01
"4997",54.8536116024479,82.2096809046343,79.4678126228973,93.8509259838611,49.7825736412778,29.3002283666283,13.8986785663292,1.11036998015316,0.01,0.01
"4998",1.31103328894824,35.9446339774877,22.963541559875,35.6207570526749,72.6931634126231,94.5468757068738,4.71293500158936,20.2519419394807,0.01,0.01
"4999",76.0436127893627,74.8413942288607,25.6318357074633,89.7936332738027,73.1320100137964,65.8661301480606,63.1789490114897,0.0191308331424571,0.01,0.01
"5000",89.7912202868611,2.04188278876245,96.6719599440694,87.7944623120129,93.5904799494892,69.0066560637206,93.4123335406184,0.00990120282803429,0.01,0.01
